{
    "metrics": {
        "http_req_waiting": {
            "p(95)": 473.4101999999995,
            "avg": 147.13968561655082,
            "min": 0,
            "med": 93.8442,
            "max": 1466.6353,
            "p(90)": 372.46515000000005
        },
        "http_req_connecting": {
            "avg": 0.0010615896371753766,
            "min": 0,
            "med": 0,
            "max": 15.7848,
            "p(90)": 0,
            "p(95)": 0
        },
        "http_req_blocked": {
            "avg": 0.0029940376029679926,
            "min": 0,
            "med": 0,
            "max": 15.7848,
            "p(90)": 0,
            "p(95)": 0
        },
        "vus": {
            "value": 3,
            "min": 1,
            "max": 500
        },
        "vus_max": {
            "max": 500,
            "value": 500,
            "min": 500
        },
        "http_req_failed": {
            "passes": 17670,
            "fails": 141360,
            "thresholds": {
                "rate<0.05": true
            },
            "value": 0.1111111111111111
        },
        "checks": {
            "passes": 141360,
            "fails": 17670,
            "value": 0.8888888888888888
        },
        "http_req_duration": {
            "max": 1466.6353,
            "p(90)": 372.94967,
            "p(95)": 473.98248499999977,
            "avg": 152.8574866389992,
            "min": 0,
            "med": 101.96705,
            "thresholds": {
                "p(95)<2000": false
            }
        },
        "data_sent": {
            "count": 28339762,
            "rate": 236140.58656396123
        },
        "http_reqs": {
            "rate": 1325.114779766561,
            "count": 159030
        },
        "http_req_duration{expected_response:true}": {
            "p(90)": 388.83528000000007,
            "p(95)": 489.68678999999986,
            "avg": 168.50369820882923,
            "min": 0.5095,
            "med": 126.5795,
            "max": 1466.6353
        },
        "iterations": {
            "count": 8835,
            "rate": 73.61748776480894
        },
        "data_received": {
            "rate": 49219115.243067615,
            "count": 5906896532
        },
        "iteration_duration": {
            "p(90)": 5856.80598,
            "p(95)": 6300.7612,
            "avg": 2755.4307057045744,
            "min": 41.2066,
            "med": 2353.7998,
            "max": 6753.2828
        },
        "http_req_sending": {
            "max": 4.5118,
            "p(90)": 0,
            "p(95)": 0,
            "avg": 0.00818831352574985,
            "min": 0,
            "med": 0
        },
        "http_req_receiving": {
            "avg": 5.709612708922822,
            "min": 0,
            "med": 0,
            "max": 1101.2638,
            "p(90)": 4.126740000000002,
            "p(95)": 56.23411499999992
        },
        "http_req_tls_handshaking": {
            "avg": 0,
            "min": 0,
            "med": 0,
            "max": 0,
            "p(90)": 0,
            "p(95)": 0
        }
    },
    "root_group": {
        "name": "",
        "path": "",
        "id": "d41d8cd98f00b204e9800998ecf8427e",
        "groups": {},
        "checks": {
                "list products: status 200": {
                    "name": "list products: status 200",
                    "path": "::list products: status 200",
                    "id": "924a40c79df3d6bc39fdcdfcc923816e",
                    "passes": 8835,
                    "fails": 0
                },
                "list products: has data": {
                    "passes": 8835,
                    "fails": 0,
                    "name": "list products: has data",
                    "path": "::list products: has data",
                    "id": "4290724cf781171eb17f384ed5f458d4"
                },
                "get product: status 200 or 404": {
                    "name": "get product: status 200 or 404",
                    "path": "::get product: status 200 or 404",
                    "id": "2cbbbbbba72fe3cd0c1b28772a24e4c9",
                    "passes": 8835,
                    "fails": 0
                },
                "search: status 200": {
                    "name": "search: status 200",
                    "path": "::search: status 200",
                    "id": "cd68838b4cc6f7786becc08340f51f71",
                    "passes": 8835,
                    "fails": 0
                },
                "category filter: status 200": {
                    "name": "category filter: status 200",
                    "path": "::category filter: status 200",
                    "id": "08bdd22fe49b26bd9062a4063e91365b",
                    "passes": 8835,
                    "fails": 0
                },
                "reviews by product: status 200": {
                    "name": "reviews by product: status 200",
                    "path": "::reviews by product: status 200",
                    "id": "ff38d5a6484e85363435e2bde0050fd7",
                    "passes": 8835,
                    "fails": 0
                },
                "average rating: status 200": {
                    "fails": 0,
                    "name": "average rating: status 200",
                    "path": "::average rating: status 200",
                    "id": "410881361114124b5478d42656b0fe57",
                    "passes": 8835
                },
                "add to cart: status 200 or 201": {
                    "name": "add to cart: status 200 or 201",
                    "path": "::add to cart: status 200 or 201",
                    "id": "1788e10b98590b202bef7a8dbc573220",
                    "passes": 8835,
                    "fails": 0
                },
                "get cart: status 200": {
                    "name": "get cart: status 200",
                    "path": "::get cart: status 200",
                    "id": "28c7dad2666418e7df7959192396d5c0",
                    "passes": 8835,
                    "fails": 0
                },
                "create order: status 201": {
                    "passes": 8835,
                    "fails": 0,
                    "name": "create order: status 201",
                    "path": "::create order: status 201",
                    "id": "1bcfa49d77d46f40d66acd4c4ffcf2a7"
                },
                "home page: status 200": {
                    "name": "home page: status 200",
                    "path": "::home page: status 200",
                    "id": "8d960afda292b63e7c50c7370794be43",
                    "passes": 8835,
                    "fails": 0
                },
                "products page: status 200": {
                    "path": "::products page: status 200",
                    "id": "d3ec3a910ae752d937097964558034ff",
                    "passes": 8835,
                    "fails": 0,
                    "name": "products page: status 200"
                },
                "product detail page: status 200": {
                    "name": "product detail page: status 200",
                    "path": "::product detail page: status 200",
                    "id": "b24b993fd6b4e43d3aa894d986fa618f",
                    "passes": 8835,
                    "fails": 0
                },
                "add to cart (page): status 200": {
                    "id": "f0cd3e144cbac350e1e6ac88a1b85040",
                    "passes": 0,
                    "fails": 8835,
                    "name": "add to cart (page): status 200",
                    "path": "::add to cart (page): status 200"
                },
                "cart page: status 200": {
                    "name": "cart page: status 200",
                    "path": "::cart page: status 200",
                    "id": "71a46f5b7a13213d2d57118ccbab0ff3",
                    "passes": 8835,
                    "fails": 0
                },