{
    "metrics": {
        "http_req_blocked": {
            "med": 0,
            "max": 15.6644,
            "p(90)": 0,
            "p(95)": 0,
            "avg": 0.003403628859171203,
            "min": 0
        },
        "vus_max": {
            "value": 500,
            "min": 500,
            "max": 500
        },
        "data_received": {
            "count": 7382875934,
            "rate": 61506518.101377964
        },
        "http_req_duration": {
            "avg": 202.86141319299824,
            "min": 0,
            "med": 159.5736,
            "max": 1159.4446,
            "p(90)": 466.1392900000001,
            "p(95)": 564.3775749999996,
            "thresholds": {
                "p(95)<2000": false
            }
        },
        "http_reqs": {
            "count": 121140,
            "rate": 1009.2137087781281
        },
        "data_sent": {
            "count": 24413343,
            "rate": 203386.8287328921
        },
        "http_req_duration{expected_response:true}": {
            "avg": 202.86141319299824,
            "min": 0,
            "med": 159.5736,
            "max": 1159.4446,
            "p(90)": 466.1392900000001,
            "p(95)": 564.3775749999996
        },
        "http_req_receiving": {
            "min": 0,
            "med": 0,
            "max": 630.4605,
            "p(90)": 33.041080000000086,
            "p(95)": 57.312749999999966,
            "avg": 7.637455548126111
        },
        "checks": {
            "passes": 121140,
            "fails": 0,
            "value": 1
        },
        "iteration_duration": {
            "p(95)": 8365.473675,
            "avg": 3655.6434269093725,
            "min": 83.4637,
            "med": 3276.95575,
            "max": 8967.1329,
            "p(90)": 7887.167850000002
        },
        "http_req_failed": {
            "passes": 0,
            "fails": 121140,
            "thresholds": {
                "rate<0.05": false
            },
            "value": 0
        },
        "iterations": {
            "count": 6730,
            "rate": 56.06742826545156
        },
        "http_req_sending": {
            "avg": 0.007914707776126783,
            "min": 0,
            "med": 0,
            "max": 14.4739,
            "p(90)": 0,
            "p(95)": 0
        },
        "http_req_waiting": {
            "max": 968.5937,
            "p(90)": 459.1993000000001,
            "p(95)": 557.9169,
            "avg": 195.21604293709635,
            "min": 0,
            "med": 143.006
        },
        "http_req_connecting": {
            "med": 0,
            "max": 15.6644,
            "p(90)": 0,
            "p(95)": 0,
            "avg": 0.0011792413736173024,
            "min": 0
        },
        "http_req_tls_handshaking": {
            "avg": 0,
            "min": 0,
            "med": 0,
            "max": 0,
            "p(90)": 0,
            "p(95)": 0
        },
        "vus": {
            "value": 4,
            "min": 1,
            "max": 500
        }
    },
    "root_group": {
        "checks": {
            "list products: status 200": {
                "id": "924a40c79df3d6bc39fdcdfcc923816e",
                "passes": 6730,
                "fails": 0,
                "name": "list products: status 200",
                "path": "::list products: status 200"
            },
            "list products: has data": {
                "path": "::list products: has data",
                "id": "4290724cf781171eb17f384ed5f458d4",
                "passes": 6730,
                "fails": 0,
                "name": "list products: has data"
            },
            "get product: status 200 or 404": {
                "name": "get product: status 200 or 404",
                "path": "::get product: status 200 or 404",
                "id": "2cbbbbbba72fe3cd0c1b28772a24e4c9",
                "passes": 6730,
                "fails": 0
            },
            "search: status 200": {
                "name": "search: status 200",
                "path": "::search: status 200",
                "id": "cd68838b4cc6f7786becc08340f51f71",
                "passes": 6730,
                "fails": 0
            },
            "category filter: status 200": {
                "name": "category filter: status 200",
                "path": "::category filter: status 200",
                "id": "08bdd22fe49b26bd9062a4063e91365b",
                "passes": 6730,
                "fails": 0
            },
            "reviews by product: status 200": {
                "path": "::reviews by product: status 200",
                "id": "ff38d5a6484e85363435e2bde0050fd7",
                "passes": 6730,
                "fails": 0,
                "name": "reviews by product: status 200"
            },
            "average rating: status 200": {
                "passes": 6730,
                "fails": 0,
                "name": "average rating: status 200",
                "path": "::average rating: status 200",
                "id": "410881361114124b5478d42656b0fe57"
            },
            "add to cart: status 200 or 201": {
                "name": "add to cart: status 200 or 201",
                "path": "::add to cart: status 200 or 201",
                "id": "1788e10b98590b202bef7a8dbc573220",
                "passes": 6730,
                "fails": 0
            },
            "get cart: status 200": {
                "path": "::get cart: status 200",
                "id": "28c7dad2666418e7df7959192396d5c0",
                "passes": 6730,
                "fails": 0,
                "name": "get cart: status 200"
            },
            "create order: status 201": {
                "path": "::create order: status 201",
                "id": "1bcfa49d77d46f40d66acd4c4ffcf2a7",
                "passes": 6730,
                "fails": 0,
                "name": "create order: status 201"
            },
            "home page: status 200": {
                "passes": 6730,
                "fails": 0,
                "name": "home page: status 200",
                "path": "::home page: status 200",
                "id": "8d960afda292b63e7c50c7370794be43"
            },
            "products page: status 200": {
                "fails": 0,
                "name": "products page: status 200",
                "path": "::products page: status 200",
                "id": "d3ec3a910ae752d937097964558034ff",
                "passes": 6730
            },
            "product detail page: status 200": {
                "name": "product detail page: status 200",
                "path": "::product detail page: status 200",
                "id": "b24b993fd6b4e43d3aa894d986fa618f",
                "passes": 6730,
                "fails": 0
            },
            "add to cart (page): status 200": {
                "id": "f0cd3e144cbac350e1e6ac88a1b85040",
                "passes": 6730,
                "fails": 0,
                "name": "add to cart (page): status 200",
                "path": "::add to cart (page): status 200"
            },
            "cart page: status 200": {
                "name": "cart page: status 200",
                "path": "::cart page: status 200",
                "id": "71a46f5b7a13213d2d57118ccbab0ff3",
                "passes": 6730,
                "fails": 0
            },
            "checkout page: status 200": {
                "name": "checkout page: status 200",
                "path": "::checkout page: status 200",
                "id": "4b6b469e2b3feffe3383d401258f1fac",
                "passes": 6730,
                "fails": 0
            },
            "checkout submit: status 200": {
                "name": "checkout submit: status 200",
                "path": "::checkout submit: status 200",
                "id": "231aef0da674621d55d3389af9895e8b",
                "passes": 6730,
                "fails": 0
            },
            "orders page: status 200": {
                "name": "orders page: status 200",