{
    "metrics": {
        "vus_max": {
            "value": 100,
            "min": 100,
            "max": 100
        },
        "http_req_sending": {
            "avg": 0.009001331199146312,
            "min": 0,
            "med": 0,
            "max": 3.5141,
            "p(90)": 0,
            "p(95)": 0
        },
        "http_req_blocked": {
            "min": 0,
            "med": 0,
            "max": 2.5101,
            "p(90)": 0,
            "p(95)": 0,
            "avg": 0.003025228758169932
        },
        "http_req_receiving": {
            "p(95)": 26.31956,
            "avg": 8.040126837401601,
            "min": 0,
            "med": 0.4401,
            "max": 62.0948,
            "p(90)": 23.766099999999998
        },
        "data_sent": {
            "rate": 69756.12285189345,
            "count": 3290001
        },
        "iterations": {
            "count": 7497,
            "rate": 158.95486141817136
        },
        "http_req_duration{expected_response:true}": {
            "med": 44.8857,
            "max": 116.3979,
            "p(90)": 57.97572,
            "p(95)": 62.123859999999965,
            "avg": 43.33493272242263,
            "min": 0.5155
        },
        "http_req_connecting": {
            "p(95)": 0,
            "avg": 0.0008107402961184473,
            "min": 0,
            "med": 0,
            "max": 0.6189,
            "p(90)": 0
        },
        "http_req_waiting": {
            "avg": 35.285804553821286,
            "min": 0.5053,
            "med": 33.9902,
            "max": 92.3359,
            "p(90)": 52.09551999999999,
            "p(95)": 56.655379999999994
        },
        "http_reqs": {
            "count": 37485,
            "rate": 794.7743070908568
        },
        "http_req_failed": {
            "passes": 0,
            "fails": 37485,
            "thresholds": {
                "rate<0.10": false
            },
            "value": 0
        },
        "checks": {
            "passes": 37485,
            "fails": 0,
            "value": 1
        },
        "http_req_tls_handshaking": {
            "avg": 0,
            "min": 0,
            "med": 0,
            "max": 0,
            "p(90)": 0,
            "p(95)": 0
        },
        "iteration_duration": {
            "p(95)": 461.40493999999995,
            "avg": 417.3392204348388,
            "min": 216.4691,
            "med": 425.246,
            "max": 529.4169,
            "p(90)": 450.75192
        },
        "http_req_duration": {
            "avg": 43.33493272242263,
            "min": 0.5155,
            "med": 44.8857,
            "max": 116.3979,
            "p(90)": 57.97572,
            "p(95)": 62.123859999999965,
            "thresholds": {
                "p(95)<2000": false
            }
        },
        "data_received": {
            "count": 4465987125,
            "rate": 94689924.57645893
        },
        "vus": {
            "max": 100,
            "value": 1,
            "min": 1
        }
    },
    "root_group": {
        "name": "",
        "path": "",
        "id": "d41d8cd98f00b204e9800998ecf8427e",
        "groups": {},
        "checks": {
                "list: status 200": {
                    "name": "list: status 200",
                    "path": "::list: status 200",
                    "id": "ae210d7a519f353e769d3b3d185c78c3",
                    "passes": 7497,
                    "fails": 0
                },
                "search: status 200": {
                    "path": "::search: status 200",
                    "id": "cd68838b4cc6f7786becc08340f51f71",
                    "passes": 7497,
                    "fails": 0,
                    "name": "search: status 200"
                },
                "reviews: status 200": {
                    "id": "b08007dd4d1dafe552104d04bed0f5a0",
                    "passes": 7497,
                    "fails": 0,
                    "name": "reviews: status 200",
                    "path": "::reviews: status 200"
                },
                "home page: status 200": {
                    "name": "home page: status 200",
                    "path": "::home page: status 200",
                    "id": "8d960afda292b63e7c50c7370794be43",
                    "passes": 7497,
                    "fails": 0
                },
                "detail page: status 200": {
                    "path": "::detail page: status 200",
                    "id": "524bbb29a3adff2402c98e609fee384d",
                    "passes": 7497,
                    "fails": 0,
                    "name": "detail page: status 200"
                }
            }
    }
}