{
    "metrics": {
        "http_req_waiting": {
            "p(90)": 21.0212,
            "p(95)": 36.7747,
            "avg": 9.854632407774682,
            "min": 0,
            "med": 4.1049500000000005,
            "max": 217.9419
        },
        "iterations": {
            "count": 8067,
            "rate": 66.74995481159623
        },
        "http_req_failed": {
            "passes": 0,
            "fails": 40336,
            "thresholds": {
                "rate<0.05": false
            },
            "value": 0
        },
        "http_req_sending": {
            "avg": 0.0020083920071400276,
            "min": 0,
            "med": 0,
            "max": 1.3674,
            "p(90)": 0,
            "p(95)": 0
        },
        "iteration_duration": {
            "avg": 1153.8429118879394,
            "min": 1111.1029,
            "med": 1135.2493,
            "max": 1561.4579,
            "p(90)": 1210.55366,
            "p(95)": 1274.6259599999998
        },
        "vus": {
            "min": 1,
            "max": 199,
            "value": 8
        },
        "checks": {
            "passes": 48402,
            "fails": 0,
            "value": 1
        },
        "vus_max": {
            "value": 200,
            "min": 200,
            "max": 200
        },
        "data_received": {
            "count": 43965254,
            "rate": 363788.11426556966
        },
        "http_req_blocked": {
            "avg": 0.0016625966878222934,
            "min": 0,
            "med": 0,
            "max": 1.0547,
            "p(90)": 0,
            "p(95)": 0
        },
        "http_req_receiving": {
            "avg": 0.5038913625545406,
            "min": 0,
            "med": 0,
            "max": 14.9859,
            "p(90)": 1.3342,
            "p(95)": 2.26955
        },
        "data_sent": {
            "count": 6296768,
            "rate": 52102.2659550149
        },
        "http_req_connecting": {
            "max": 0.5467,
            "p(90)": 0,
            "p(95)": 0,
            "avg": 0.0009941912931376439,
            "min": 0,
            "med": 0
        },
        "http_req_duration": {
            "avg": 10.360532162336398,
            "min": 0,
            "med": 5.71225,
            "max": 217.9419,
            "p(90)": 21.27005,
            "p(95)": 37.083675,
            "thresholds": {
                "p(95)<2000": false
            }
        },
        "http_reqs": {
            "count": 40336,
            "rate": 333.75804850384844
        },
        "http_req_duration{expected_response:true}": {
            "avg": 10.360532162336398,
            "min": 0,
            "med": 5.71225,
            "max": 217.9419,
            "p(90)": 21.27005,
            "p(95)": 37.083675
        },
        "http_req_tls_handshaking": {
            "max": 0,
            "p(90)": 0,
            "p(95)": 0,
            "avg": 0,
            "min": 0,
            "med": 0
        }
    },
    "setup_data": {
        "productCount": 1000
    },
    "root_group": {
        "name": "",
        "path": "",
        "id": "d41d8cd98f00b204e9800998ecf8427e",
        "groups": {},
        "checks": {
                "create order: status 201": {
                    "name": "create order: status 201",
                    "path": "::create order: status 201",
                    "id": "1bcfa49d77d46f40d66acd4c4ffcf2a7",
                    "passes": 8067,
                    "fails": 0
                },
                "get order by id: status 200": {
                    "id": "05229a3c72e644b755b6ef58616276b1",
                    "passes": 8067,
                    "fails": 0,
                    "name": "get order by id: status 200",
                    "path": "::get order by id: status 200"
                },
                "orders by customer: status 200": {
                    "path": "::orders by customer: status 200",
                    "id": "a40d104ad4af89a1b8cd3ee45a9c83f6",
                    "passes": 8067,
                    "fails": 0,
                    "name": "orders by customer: status 200"
                },
                "orders by customer: has results": {
                    "passes": 8067,
                    "fails": 0,
                    "name": "orders by customer: has results",
                    "path": "::orders by customer: has results",
                    "id": "cd29285d74105a7d0fdc6b8d68cd484b"
                },
                "update to Shipped: status 200 or 204": {
                    "name": "update to Shipped: status 200 or 204",
                    "path": "::update to Shipped: status 200 or 204",
                    "id": "0612ab64fd42e505efc3b1aa01182531",
                    "passes": 8067,
                    "fails": 0
                },
                "update to Delivered: status 200 or 204": {
                    "path": "::update to Delivered: status 200 or 204",
                    "id": "9a46f2a8c6f6049e49f5299369175bd4",
                    "passes": 8067,
                    "fails": 0,
                    "name": "update to Delivered: status 200 or 204"
                }
            }
    }
}