{
    "metrics": {
        "http_req_waiting": {
            "p(95)": 599.0302199999978,
            "avg": 206.55660461011212,
            "min": 0,
            "med": 154.60745,
            "max": 1068.3887,
            "p(90)": 479.75705000000005
        },
        "vus_max": {
            "value": 500,
            "min": 500,
            "max": 500
        },
        "http_reqs": {
            "count": 115290,
            "rate": 960.1363472562645
        },
        "http_req_tls_handshaking": {
            "avg": 0,
            "min": 0,
            "med": 0,
            "max": 0,
            "p(90)": 0,
            "p(95)": 0
        },
        "iteration_duration": {
            "avg": 3852.8123504293603,
            "min": 79.0464,
            "med": 3645.5401,
            "max": 8833.2599,
            "p(90)": 8002.798900000001,
            "p(95)": 8375.38056
        },
        "http_req_duration": {
            "avg": 213.81063184491268,
            "min": 0,
            "med": 172.93574999999998,
            "max": 1068.5678,
            "p(90)": 483.94412000000005,
            "p(95)": 606.5391449999993,
            "thresholds": {
                "p(95)<2000": false
            }
        },
        "vus": {
            "value": 4,
            "min": 1,
            "max": 500
        },
        "http_req_blocked": {
            "avg": 0.0026774889409315623,
            "min": 0,
            "med": 0,
            "max": 8.4306,
            "p(90)": 0,
            "p(95)": 0
        },
        "http_req_connecting": {
            "med": 0,
            "max": 8.0005,
            "p(90)": 0,
            "p(95)": 0,
            "avg": 0.0006861566484517309,
            "min": 0
        },
        "http_req_sending": {
            "avg": 0.008830677422152839,
            "min": 0,
            "med": 0,
            "max": 8.5142,
            "p(90)": 0,
            "p(95)": 0
        },
        "http_req_receiving": {
            "p(95)": 58.13284999999999,
            "avg": 7.2451965573771,
            "min": 0,
            "med": 0,
            "max": 462.631,
            "p(90)": 33.37443000000002
        },
        "http_req_duration{expected_response:true}": {
            "avg": 213.81063184491268,
            "min": 0,
            "med": 172.93574999999998,
            "max": 1068.5678,
            "p(90)": 483.94412000000005,
            "p(95)": 606.5391449999993
        },
        "iterations": {
            "count": 6405,
            "rate": 53.34090818090358
        },
        "data_sent": {
            "count": 23233396,
            "rate": 193487.9692063345
        },
        "data_received": {
            "count": 6316001642,
            "rate": 52599728.90809653
        },
        "http_req_failed": {
            "passes": 0,
            "fails": 115290,
            "thresholds": {
                "rate<0.05": false
            },
            "value": 0
        },
        "checks": {
            "passes": 115290,
            "fails": 0,
            "value": 1
        }
    },
    "root_group": {
        "name": "",
        "path": "",
        "id": "d41d8cd98f00b204e9800998ecf8427e",
        "groups": {},
        "checks": {
                "list products: status 200": {
                    "path": "::list products: status 200",
                    "id": "924a40c79df3d6bc39fdcdfcc923816e",
                    "passes": 6405,
                    "fails": 0,
                    "name": "list products: status 200"
                },
                "list products: has data": {
                    "name": "list products: has data",
                    "path": "::list products: has data",
                    "id": "4290724cf781171eb17f384ed5f458d4",
                    "passes": 6405,
                    "fails": 0
                },
                "get product: status 200 or 404": {
                    "passes": 6405,
                    "fails": 0,
                    "name": "get product: status 200 or 404",
                    "path": "::get product: status 200 or 404",
                    "id": "2cbbbbbba72fe3cd0c1b28772a24e4c9"
                },
                "search: status 200": {
                    "name": "search: status 200",
                    "path": "::search: status 200",
                    "id": "cd68838b4cc6f7786becc08340f51f71",
                    "passes": 6405,
                    "fails": 0
                },
                "category filter: status 200": {
                    "path": "::category filter: status 200",
                    "id": "08bdd22fe49b26bd9062a4063e91365b",
                    "passes": 6405,
                    "fails": 0,
                    "name": "category filter: status 200"
                },
                "reviews by product: status 200": {
                    "path": "::reviews by product: status 200",
                    "id": "ff38d5a6484e85363435e2bde0050fd7",
                    "passes": 6405,
                    "fails": 0,
                    "name": "reviews by product: status 200"
                },
                "average rating: status 200": {
                    "id": "410881361114124b5478d42656b0fe57",
                    "passes": 6405,
                    "fails": 0,
                    "name": "average rating: status 200",
                    "path": "::average rating: status 200"
                },
                "add to cart: status 200 or 201": {
                    "name": "add to cart: status 200 or 201",
                    "path": "::add to cart: status 200 or 201",
                    "id": "1788e10b98590b202bef7a8dbc573220",
                    "passes": 6405,
                    "fails": 0
                },
                "get cart: status 200": {
                    "passes": 6405,
                    "fails": 0,
                    "name": "get cart: status 200",
                    "path": "::get cart: status 200",
                    "id": "28c7dad2666418e7df7959192396d5c0"
                },
                "create order: status 201": {
                    "path": "::create order: status 201",
                    "id": "1bcfa49d77d46f40d66acd4c4ffcf2a7",
                    "passes": 6405,
                    "fails": 0,
                    "name": "create order: status 201"
                },
                "home page: status 200": {
                    "path": "::home page: status 200",
                    "id": "8d960afda292b63e7c50c7370794be43",
                    "passes": 6405,
                    "fails": 0,
                    "name": "home page: status 200"
                },
                "products page: status 200": {
                    "name": "products page: status 200",
                    "path": "::products page: status 200",
                    "id": "d3ec3a910ae752d937097964558034ff",
                    "passes": 6405,
                    "fails": 0
                },
                "product detail page: status 200": {
                    "name": "product detail page: status 200",
                    "path": "::product detail page: status 200",
                    "id": "b24b993fd6b4e43d3aa894d986fa618f",
                    "passes": 6405,
                    "fails": 0
                },
                "add to cart (page): status 200": {
                    "name": "add to cart (page): status 200",
                    "path": "::add to cart (page): status 200",
                    "id": "f0cd3e144cbac350e1e6ac88a1b85040",
                    "passes": 6405,
                    "fails": 0
                },
                "cart page: status 200": {
                    "fails": 0,
                    "name": "cart page: status 200",
                    "path": "::cart page: status 200",
                    "id": "71a46f5b7a13213d2d57118ccbab0ff3",
                    "passes": 6405
                },
                "checkout page: status 200": {
                    "fails": 0,