{
    "metrics": {
        "http_req_connecting": {
            "avg": 0.0002794061356424594,
            "min": 0,
            "med": 0,
            "max": 4.5402,
            "p(90)": 0,
            "p(95)": 0
        },
        "http_req_failed": {
            "passes": 0,
            "fails": 160407,
            "thresholds": {
                "rate<0.05": false
            },
            "value": 0
        },
        "http_req_duration": {
            "avg": 149.8947265811359,
            "min": 0,
            "med": 121.4593,
            "max": 657.6056,
            "p(90)": 343.66804,
            "p(95)": 413.67364,
            "thresholds": {
                "p(95)<2000": false
            }
        },
        "http_req_duration{expected_response:true}": {
            "avg": 149.8947265811359,
            "min": 0,
            "med": 121.4593,
            "max": 657.6056,
            "p(90)": 343.66804,
            "p(95)": 413.67364
        },
        "http_req_blocked": {
            "med": 0,
            "max": 4.5895,
            "p(90)": 0,
            "p(95)": 0,
            "avg": 0.0022095457180796338,
            "min": 0
        },
        "http_req_sending": {
            "avg": 0.007427113529958118,
            "min": 0,
            "med": 0,
            "max": 3.5092,
            "p(90)": 0,
            "p(95)": 0
        },
        "http_req_waiting": {
            "max": 657.6056,
            "p(90)": 343.4085999999999,
            "p(95)": 413.3864399999996,
            "avg": 143.5286736950397,
            "min": 0,
            "med": 105.8564
        },
        "http_reqs": {
            "rate": 1336.6643399444795,
            "count": 160407
        },
        "data_received": {
            "rate": 67791877.5416107,
            "count": 8135394486
        },
        "iterations": {
            "count": 12339,
            "rate": 102.82033384188303
        },
        "vus_max": {
            "max": 500,
            "value": 500,
            "min": 500
        },
        "http_req_tls_handshaking": {
            "min": 0,
            "med": 0,
            "max": 0,
            "p(90)": 0,
            "p(95)": 0,
            "avg": 0
        },
        "checks": {
            "passes": 160407,
            "fails": 0,
            "value": 1
        },
        "http_req_receiving": {
            "avg": 6.358625772566099,
            "min": 0,
            "med": 0,
            "max": 130.2347,
            "p(90)": 37.27547999999999,
            "p(95)": 53.06657
        },
        "data_sent": {
            "count": 17690057,
            "rate": 147410.4519346738
        },
        "iteration_duration": {
            "p(95)": 4559.56456,
            "avg": 1952.0224159251104,
            "min": 27.7567,
            "med": 1709.813,
            "max": 4802.2271,
            "p(90)": 4251.952880000001
        },
        "vus": {
            "value": 2,
            "min": 1,
            "max": 499
        }
    },
    "root_group": {
        "name": "",
        "path": "",
        "id": "d41d8cd98f00b204e9800998ecf8427e",
        "groups": {},
        "checks": {
                "list products: status 200": {
                    "id": "924a40c79df3d6bc39fdcdfcc923816e",
                    "passes": 12339,
                    "fails": 0,
                    "name": "list products: status 200",
                    "path": "::list products: status 200"
                },
                "list products: has data": {
                    "name": "list products: has data",
                    "path": "::list products: has data",
                    "id": "4290724cf781171eb17f384ed5f458d4",
                    "passes": 12339,
                    "fails": 0
                },
                "get product: status 200 or 404": {
                    "name": "get product: status 200 or 404",
                    "path": "::get product: status 200 or 404",
                    "id": "2cbbbbbba72fe3cd0c1b28772a24e4c9",
                    "passes": 12339,
                    "fails": 0
                },
                "search: status 200": {
                    "name": "search: status 200",
                    "path": "::search: status 200",
                    "id": "cd68838b4cc6f7786becc08340f51f71",
                    "passes": 12339,
                    "fails": 0
                },
                "category filter: status 200": {
                    "name": "category filter: status 200",
                    "path": "::category filter: status 200",
                    "id": "08bdd22fe49b26bd9062a4063e91365b",
                    "passes": 12339,
                    "fails": 0
                },
                "reviews by product: status 200": {
                    "passes": 12339,
                    "fails": 0,
                    "name": "reviews by product: status 200",
                    "path": "::reviews by product: status 200",
                    "id": "ff38d5a6484e85363435e2bde0050fd7"
                },
                "average rating: status 200": {
                    "name": "average rating: status 200",
                    "path": "::average rating: status 200",
                    "id": "410881361114124b5478d42656b0fe57",
                    "passes": 12339,
                    "fails": 0
                },
                "add to cart: status 200 or 201": {
                    "fails": 0,
                    "name": "add to cart: status 200 or 201",
                    "path": "::add to cart: status 200 or 201",
                    "id": "1788e10b98590b202bef7a8dbc573220",
                    "passes": 12339
                },
                "get cart: status 200": {
                    "fails": 0,
                    "name": "get cart: status 200",
                    "path": "::get cart: status 200",
                    "id": "28c7dad2666418e7df7959192396d5c0",
                    "passes": 12339
                },
                "create order: status 201": {
                    "id": "1bcfa49d77d46f40d66acd4c4ffcf2a7",
                    "passes": 12339,
                    "fails": 0,
                    "name": "create order: status 201",
                    "path": "::create order: status 201"
                },
                "home page: status 200": {
                    "name": "home page: status 200",
                    "path": "::home page: status 200",
                    "id": "8d960afda292b63e7c50c7370794be43",
                    "passes": 12339,
                    "fails": 0
                },
                "products page: status 200": {
                    "name": "products page: status 200",
                    "path": "::products page: status 200",
                    "id": "d3ec3a910ae752d937097964558034ff",
                    "passes": 12339,
                    "fails": 0
                },
                "product detail page: status 200": {
                    "id": "b24b993fd6b4e43d3aa894d986fa618f",
                    "passes": 12339,
                    "fails": 0,
                    "name": "product detail page: status 200",
                    "path": "::product detail page: status 200"
                }
            }
    }
}