{
    "metrics": {
        "http_req_blocked": {
            "avg": 0.002625393836840725,
            "min": 0,
            "med": 0,
            "max": 12.4235,
            "p(90)": 0,
            "p(95)": 0
        },
        "http_req_tls_handshaking": {
            "max": 0,
            "p(90)": 0,
            "p(95)": 0,
            "avg": 0,
            "min": 0,
            "med": 0
        },
        "vus": {
            "min": 1,
            "max": 199,
            "value": 10
        },
        "data_sent": {
            "count": 4947183,
            "rate": 40911.66960892312
        },
        "iteration_duration": {
            "avg": 1333.1145660374707,
            "min": 1314.1317,
            "med": 1321.2012,
            "max": 1533.0567,
            "p(90)": 1370.86264,
            "p(95)": 1398.3715799999998
        },
        "http_req_waiting": {
            "avg": 4.3134435639552935,
            "min": 0,
            "med": 1.0593,
            "max": 199.4571,
            "p(90)": 10.95104,
            "p(95)": 14.352779999999996
        },
        "http_req_connecting": {
            "p(90)": 0,
            "p(95)": 0,
            "avg": 0.00041675921733120425,
            "min": 0,
            "med": 0,
            "max": 1.0442
        },
        "data_received": {
            "count": 2921278684,
            "rate": 24158069.017337285
        },
        "http_req_sending": {
            "med": 0,
            "max": 15.644,
            "p(90)": 0,
            "p(95)": 0,
            "avg": 0.003835999428013064,
            "min": 0
        },
        "iterations": {
            "count": 6993,
            "rate": 57.82994192355516
        },
        "http_req_failed": {
            "passes": 0,
            "fails": 41959,
            "thresholds": {
                "rate<0.03": false
            },
            "value": 0
        },
        "http_reqs": {
            "count": 41959,
            "rate": 346.98792123129573
        },
        "http_req_receiving": {
            "med": 0,
            "max": 159.0819,
            "p(90)": 1.9137200000000003,
            "p(95)": 2.6053999999999986,
            "avg": 0.6466130436855031,
            "min": 0
        },
        "checks": {
            "passes": 48951,
            "fails": 0,
            "value": 1
        },
        "http_req_duration": {
            "p(90)": 12.98752000000002,
            "p(95)": 16.473279999999992,
            "avg": 4.963892607068816,
            "min": 0,
            "med": 1.1298,
            "max": 202.3462,
            "thresholds": {
                "p(95)<1500": false
            }
        },
        "http_req_duration{expected_response:true}": {
            "avg": 4.963892607068816,
            "min": 0,
            "med": 1.1298,
            "max": 202.3462,
            "p(90)": 12.98752000000002,
            "p(95)": 16.473279999999992
        },
        "vus_max": {
            "value": 200,
            "min": 200,
            "max": 200
        }
    },
    "root_group": {
        "name": "",
        "path": "",
        "id": "d41d8cd98f00b204e9800998ecf8427e",
        "groups": {},
        "checks": {
                "create review: status 201": {
                    "passes": 6993,
                    "fails": 0,
                    "name": "create review: status 201",
                    "path": "::create review: status 201",
                    "id": "c932329e2b3295bcd8e6c629e7ac0d13"
                },
                "list all reviews: status 200": {
                    "name": "list all reviews: status 200",
                    "path": "::list all reviews: status 200",
                    "id": "f4e88e6d43443e544640686b0ffab8b2",
                    "passes": 6993,
                    "fails": 0
                },
                "get review by id: status 200": {
                    "name": "get review by id: status 200",
                    "path": "::get review by id: status 200",
                    "id": "1f3a78c739c7c8c3e5a40d8e733fd292",
                    "passes": 6993,
                    "fails": 0
                },
                "get review by id: rating matches": {
                    "id": "a1950b9cde3cedc5615a7e443c239f01",
                    "passes": 6993,
                    "fails": 0,
                    "name": "get review by id: rating matches",
                    "path": "::get review by id: rating matches"
                },
                "reviews by product: status 200": {
                    "name": "reviews by product: status 200",
                    "path": "::reviews by product: status 200",
                    "id": "ff38d5a6484e85363435e2bde0050fd7",
                    "passes": 6993,
                    "fails": 0
                },
                "average rating: status 200": {
                    "name": "average rating: status 200",
                    "path": "::average rating: status 200",
                    "id": "410881361114124b5478d42656b0fe57",
                    "passes": 6993,
                    "fails": 0
                },
                "delete review: status 200 or 204": {
                    "name": "delete review: status 200 or 204",
                    "path": "::delete review: status 200 or 204",
                    "id": "57b5378af40d81f36ee360a25b812e46",
                    "passes": 6993,
                    "fails": 0
                }
            }
    }
}