{
    "metrics": {
        "http_reqs": {
            "count": 4036,
            "rate": 32.31535740601135
        },
        "http_req_blocked": {
            "avg": 0.05313434093161548,
            "min": 0,
            "med": 0,
            "max": 41.2914,
            "p(90)": 0,
            "p(95)": 0
        },
        "checks": {
            "passes": 4842,
            "fails": 0,
            "value": 1
        },
        "http_req_duration": {
            "med": 1463.6678,
            "max": 15913.5795,
            "p(90)": 6570.6571,
            "p(95)": 9045.097675,
            "avg": 2510.3661979930566,
            "min": 0,
            "thresholds": {
                "p(95)<2000": true
            }
        },
        "http_req_receiving": {
            "avg": 0.5873877601585733,
            "min": 0,
            "med": 0,
            "max": 32.4161,
            "p(90)": 1.3164,
            "p(95)": 3.824575
        },
        "data_sent": {
            "count": 630163,
            "rate": 5045.575463093243
        },
        "vus": {
            "value": 64,
            "min": 1,
            "max": 200
        },
        "http_req_duration{expected_response:true}": {
            "p(90)": 6570.6571,
            "p(95)": 9045.097675,
            "avg": 2510.3661979930566,
            "min": 0,
            "med": 1463.6678,
            "max": 15913.5795
        },
        "http_req_tls_handshaking": {
            "med": 0,
            "max": 0,
            "p(90)": 0,
            "p(95)": 0,
            "avg": 0,
            "min": 0
        },
        "vus_max": {
            "value": 200,
            "min": 200,
            "max": 200
        },
        "http_req_connecting": {
            "max": 41.2914,
            "p(90)": 0,
            "p(95)": 0,
            "avg": 0.049220763131813665,
            "min": 0,
            "med": 0
        },
        "http_req_waiting": {
            "min": 0,
            "med": 1463.6678,
            "max": 15913.5795,
            "p(90)": 6570.6571,
            "p(95)": 9045.097675,
            "avg": 2509.7028307730407
        },
        "iterations": {
            "rate": 6.461470125532993,
            "count": 807
        },
        "http_req_failed": {
            "passes": 0,
            "fails": 4036,
            "thresholds": {
                "rate<0.05": false
            },
            "value": 0
        },
        "http_req_sending": {
            "p(90)": 0,
            "p(95)": 0,
            "avg": 0.07597945986124875,
            "min": 0,
            "med": 0,
            "max": 101.4595
        },
        "data_received": {
            "count": 1766711,
            "rate": 14145.663379120842
        },
        "iteration_duration": {
            "avg": 13707.754687732344,
            "min": 1435.1454,
            "med": 12472.7355,
            "max": 29972.2148,
            "p(90)": 25712.90032,
            "p(95)": 27103.99212999999
        }
    },
    "setup_data": {
        "productCount": 1000
    },
    "root_group": {
        "id": "d41d8cd98f00b204e9800998ecf8427e",
        "groups": {},
        "checks": {
                "create order: status 201": {
                    "passes": 807,
                    "fails": 0,
                    "name": "create order: status 201",
                    "path": "::create order: status 201",
                    "id": "1bcfa49d77d46f40d66acd4c4ffcf2a7"
                },
                "get order by id: status 200": {
                    "name": "get order by id: status 200",
                    "path": "::get order by id: status 200",
                    "id": "05229a3c72e644b755b6ef58616276b1",
                    "passes": 807,
                    "fails": 0
                },
                "orders by customer: status 200": {
                    "name": "orders by customer: status 200",
                    "path": "::orders by customer: status 200",
                    "id": "a40d104ad4af89a1b8cd3ee45a9c83f6",
                    "passes": 807,
                    "fails": 0
                },
                "orders by customer: has results": {
                    "name": "orders by customer: has results",
                    "path": "::orders by customer: has results",
                    "id": "cd29285d74105a7d0fdc6b8d68cd484b",
                    "passes": 807,
                    "fails": 0
                },
                "update to Shipped: status 200 or 204": {
                    "passes": 807,
                    "fails": 0,
                    "name": "update to Shipped: status 200 or 204",
                    "path": "::update to Shipped: status 200 or 204",
                    "id": "0612ab64fd42e505efc3b1aa01182531"
                },
                "update to Delivered: status 200 or 204": {
                    "name": "update to Delivered: status 200 or 204",
                    "path": "::update to Delivered: status 200 or 204",
                    "id": "9a46f2a8c6f6049e49f5299369175bd4",
                    "passes": 807,
                    "fails": 0
                }
            },
        "name": "",
        "path": ""
    }
}