{
    "metrics": {
        "iterations": {
            "count": 6252,
            "rate": 52.0540544021252
        },
        "vus_max": {
            "value": 500,
            "min": 500,
            "max": 500
        },
        "checks": {
            "fails": 0,
            "passes": 112536,
            "value": 1
        },
        "http_req_duration": {
            "avg": 219.4037394718138,
            "min": 0,
            "med": 172.13765,
            "max": 1132.3655,
            "p(90)": 503.27374999999995,
            "p(95)": 632.401025,
            "thresholds": {
                "p(95)<2000": false
            }
        },
        "http_req_blocked": {
            "med": 0,
            "max": 6.5687,
            "p(90)": 0,
            "p(95)": 0,
            "avg": 0.002835582391412517,
            "min": 0
        },
        "http_req_duration{expected_response:true}": {
            "p(90)": 503.27374999999995,
            "p(95)": 632.401025,
            "avg": 219.4037394718138,
            "min": 0,
            "med": 172.13765,
            "max": 1132.3655
        },
        "data_received": {
            "count": 6643721195,
            "rate": 55315518.95666703
        },
        "data_sent": {
            "count": 22678174,
            "rate": 188818.12270263297
        },
        "http_req_failed": {
            "passes": 0,
            "fails": 112536,
            "thresholds": {
                "rate<0.05": false
            },
            "value": 0
        },
        "http_req_waiting": {
            "p(95)": 621.1423,
            "avg": 211.76510210155112,
            "min": 0,
            "med": 154.2847,
            "max": 1132.3655,
            "p(90)": 497.20950000000005
        },
        "http_req_tls_handshaking": {
            "avg": 0,
            "min": 0,
            "med": 0,
            "max": 0,
            "p(90)": 0,
            "p(95)": 0
        },
        "http_req_sending": {
            "min": 0,
            "med": 0,
            "max": 7.5997,
            "p(90)": 0,
            "p(95)": 0,
            "avg": 0.00898588185114094
        },
        "iteration_duration": {
            "avg": 3953.595278103004,
            "min": 88.6477,
            "med": 3551.3228,
            "max": 9347.6678,
            "p(90)": 8301.672890000002,
            "p(95)": 8727.008775
        },
        "vus": {
            "value": 10,
            "min": 1,
            "max": 500
        },
        "http_reqs": {
            "count": 112536,
            "rate": 936.9729792382536
        },
        "http_req_connecting": {
            "med": 0,
            "max": 4.3055,
            "p(90)": 0,
            "p(95)": 0,
            "avg": 0.0007230743939717068,
            "min": 0
        },
        "http_req_receiving": {
            "p(95)": 58.7444,
            "avg": 7.62965148841255,
            "min": 0,
            "med": 0,
            "max": 614.84,
            "p(90)": 35.4695
        }
    },
    "root_group": {
        "checks": {
            "list products: status 200": {
                "name": "list products: status 200",
                "path": "::list products: status 200",
                "id": "924a40c79df3d6bc39fdcdfcc923816e",
                "passes": 6252,
                "fails": 0
            },
            "list products: has data": {
                "name": "list products: has data",
                "path": "::list products: has data",
                "id": "4290724cf781171eb17f384ed5f458d4",
                "passes": 6252,
                "fails": 0
            },
            "get product: status 200 or 404": {
                "name": "get product: status 200 or 404",
                "path": "::get product: status 200 or 404",
                "id": "2cbbbbbba72fe3cd0c1b28772a24e4c9",
                "passes": 6252,
                "fails": 0
            },
            "search: status 200": {
                "name": "search: status 200",
                "path": "::search: status 200",
                "id": "cd68838b4cc6f7786becc08340f51f71",
                "passes": 6252,
                "fails": 0
            },
            "category filter: status 200": {
                "id": "08bdd22fe49b26bd9062a4063e91365b",
                "passes": 6252,
                "fails": 0,
                "name": "category filter: status 200",
                "path": "::category filter: status 200"
            },
            "reviews by product: status 200": {
                "fails": 0,
                "name": "reviews by product: status 200",
                "path": "::reviews by product: status 200",
                "id": "ff38d5a6484e85363435e2bde0050fd7",
                "passes": 6252
            },
            "average rating: status 200": {
                "id": "410881361114124b5478d42656b0fe57",
                "passes": 6252,
                "fails": 0,
                "name": "average rating: status 200",
                "path": "::average rating: status 200"
            },
            "add to cart: status 200 or 201": {
                "passes": 6252,
                "fails": 0,
                "name": "add to cart: status 200 or 201",
                "path": "::add to cart: status 200 or 201",
                "id": "1788e10b98590b202bef7a8dbc573220"
            },
            "get cart: status 200": {
                "passes": 6252,
                "fails": 0,
                "name": "get cart: status 200",
                "path": "::get cart: status 200",
                "id": "28c7dad2666418e7df7959192396d5c0"
            },
            "create order: status 201": {
                "name": "create order: status 201",
                "path": "::create order: status 201",
                "id": "1bcfa49d77d46f40d66acd4c4ffcf2a7",
                "passes": 6252,
                "fails": 0
            },
            "home page: status 200": {
                "name": "home page: status 200",
                "path": "::home page: status 200",
                "id": "8d960afda292b63e7c50c7370794be43",
                "passes": 6252,
                "fails": 0
            },
            "products page: status 200": {
                "name": "products page: status 200",
                "path": "::products page: status 200",
                "id": "d3ec3a910ae752d937097964558034ff",
                "passes": 6252,
                "fails": 0
            },
            "product detail page: status 200": {
                "path": "::product detail page: status 200",
                "id": "b24b993fd6b4e43d3aa894d986fa618f",
                "passes": 6252,
                "fails": 0,
                "name": "product detail page: status 200"
            },
            "add to cart (page): status 200": {
                "path": "::add to cart (page): status 200",
                "id": "f0cd3e144cbac350e1e6ac88a1b85040",
                "passes": 6252,
                "fails": 0,
                "name": "add to cart (page): status 200"
            },
            "cart page: status 200": {
                "id": "71a46f5b7a13213d2d57118ccbab0ff3",
                "passes": 6252,
                "fails": 0,
                "name": "cart page: status 200",
                "path": "::cart page: status 200"
            },
            "checkout page: status 200": {
                "passes": 6252,
                "fails": 0,
                "name": "checkout page: status 200",
                "path": "::checkout page: status 200",
                "id": "4b6b469e2b3feffe3383d401258f1fac"
            },
            "checkout submit: status 200": {
                "passes": 6252,
                "fails": 0,
                "name": "checkout submit: status 200",
                "path": "::checkout submit: status 200",
                "id": "231aef0da674621d55d3389af9895e8b"
            },
            "orders page: status 200": {
                "name": "orders page: status 200",