{
    "metrics": {
        "http_req_duration": {
            "avg": 169.1533655987726,
            "min": 0,
            "med": 87.85040000000001,
            "max": 1932.4261,
            "p(90)": 396.2791400000001,
            "p(95)": 561.839604999999,
            "thresholds": {
                "p(95)<2000": false
            }
        },
        "http_reqs": {
            "count": 143928,
            "rate": 1199.323922885825
        },
        "vus": {
            "max": 500,
            "value": 3,
            "min": 1
        },
        "http_req_tls_handshaking": {
            "avg": 0,
            "min": 0,
            "med": 0,
            "max": 0,
            "p(90)": 0,
            "p(95)": 0
        },
        "http_req_connecting": {
            "min": 0,
            "med": 0,
            "max": 19.2439,
            "p(90)": 0,
            "p(95)": 0,
            "avg": 0.0009309779889944974
        },
        "data_sent": {
            "count": 25645017,
            "rate": 213694.91961893218
        },
        "iteration_duration": {
            "avg": 3048.728286593299,
            "min": 38.1999,
            "med": 2650.34405,
            "max": 8485.7183,
            "p(90)": 7001.258900000001,
            "p(95)": 7181.97595
        },
        "vus_max": {
            "min": 500,
            "max": 500,
            "value": 500
        },
        "data_received": {
            "count": 5346000461,
            "rate": 44547178.06567137
        },
        "http_req_failed": {
            "fails": 127936,
            "passes": 15992,
            "thresholds": {
                "rate<0.05": true
            },
            "value": 0.1111111111111111
        },
        "http_req_waiting": {
            "avg": 163.14639372602866,
            "min": 0,
            "med": 81.26535,
            "max": 1932.4261,
            "p(90)": 390.1991300000002,
            "p(95)": 552.9179799999996
        },
        "http_req_blocked": {
            "med": 0,
            "max": 19.2439,
            "p(90)": 0,
            "p(95)": 0,
            "avg": 0.002867303790784281,
            "min": 0
        },
        "http_req_receiving": {
            "avg": 5.99903182771941,
            "min": 0,
            "med": 0,
            "max": 1275.9033,
            "p(90)": 3.5492,
            "p(95)": 52.985685
        },
        "iterations": {
            "rate": 66.62910682699028,
            "count": 7996
        },
        "http_req_duration{expected_response:true}": {
            "max": 1932.4261,
            "p(90)": 429.03790000000004,
            "p(95)": 601.188825,
            "avg": 186.57941580008898,
            "min": 0.5086,
            "med": 111.62935
        },
        "http_req_sending": {
            "avg": 0.007940045022511265,
            "min": 0,
            "med": 0,
            "max": 5.0126,
            "p(90)": 0,
            "p(95)": 0
        },
        "checks": {
            "passes": 127936,
            "fails": 15992,
            "value": 0.8888888888888888
        }
    },
    "root_group": {
        "name": "",
        "path": "",
        "id": "d41d8cd98f00b204e9800998ecf8427e",
        "groups": {},
        "checks": {
                "list products: status 200": {
                    "name": "list products: status 200",
                    "path": "::list products: status 200",
                    "id": "924a40c79df3d6bc39fdcdfcc923816e",
                    "passes": 7996,
                    "fails": 0
                },
                "list products: has data": {
                    "fails": 0,
                    "name": "list products: has data",
                    "path": "::list products: has data",
                    "id": "4290724cf781171eb17f384ed5f458d4",
                    "passes": 7996
                },
                "get product: status 200 or 404": {
                    "id": "2cbbbbbba72fe3cd0c1b28772a24e4c9",
                    "passes": 7996,
                    "fails": 0,
                    "name": "get product: status 200 or 404",
                    "path": "::get product: status 200 or 404"
                },
                "search: status 200": {
                    "fails": 0,
                    "name": "search: status 200",
                    "path": "::search: status 200",
                    "id": "cd68838b4cc6f7786becc08340f51f71",
                    "passes": 7996
                },
                "category filter: status 200": {
                    "passes": 7996,
                    "fails": 0,
                    "name": "category filter: status 200",
                    "path": "::category filter: status 200",
                    "id": "08bdd22fe49b26bd9062a4063e91365b"
                },
                "reviews by product: status 200": {
                    "path": "::reviews by product: status 200",
                    "id": "ff38d5a6484e85363435e2bde0050fd7",
                    "passes": 7996,
                    "fails": 0,
                    "name": "reviews by product: status 200"
                },
                "average rating: status 200": {
                    "name": "average rating: status 200",
                    "path": "::average rating: status 200",
                    "id": "410881361114124b5478d42656b0fe57",
                    "passes": 7996,
                    "fails": 0
                },
                "add to cart: status 200 or 201": {
                    "name": "add to cart: status 200 or 201",
                    "path": "::add to cart: status 200 or 201",
                    "id": "1788e10b98590b202bef7a8dbc573220",
                    "passes": 7996,
                    "fails": 0
                },
                "get cart: status 200": {
                    "name": "get cart: status 200",
                    "path": "::get cart: status 200",
                    "id": "28c7dad2666418e7df7959192396d5c0",
                    "passes": 7996,
                    "fails": 0
                },
                "create order: status 201": {
                    "fails": 0,
                    "name": "create order: status 201",
                    "path": "::create order: status 201",
                    "id": "1bcfa49d77d46f40d66acd4c4ffcf2a7",
                    "passes": 7996
                },
                "home page: status 200": {
                    "name": "home page: status 200",
                    "path": "::home page: status 200",
                    "id": "8d960afda292b63e7c50c7370794be43",
                    "passes": 7996,
                    "fails": 0
                },
                "products page: status 200": {
                    "name": "products page: status 200",
                    "path": "::products page: status 200",
                    "id": "d3ec3a910ae752d937097964558034ff",
                    "passes": 7996,
                    "fails": 0
                },
                "product detail page: status 200": {
                    "name": "product detail page: status 200",
                    "path": "::product detail page: status 200",
                    "id": "b24b993fd6b4e43d3aa894d986fa618f",
                    "passes": 7996,
                    "fails": 0
                },
                "add to cart (page): status 200": {
                    "path": "::add to cart (page): status 200",
                    "id": "f0cd3e144cbac350e1e6ac88a1b85040",
                    "passes": 0,
                    "fails": 7996,
                    "name": "add to cart (page): status 200"
                },
                "cart page: status 200": {
                    "id": "71a46f5b7a13213d2d57118ccbab0ff3",
                    "passes": 7996,
                    "fails": 0,
                    "name": "cart page: status 200",
                    "path": "::cart page: status 200"
                },