{
    "metrics": {
        "iteration_duration": {
            "avg": 3110.227386877136,
            "min": 40.8397,
            "med": 2335.7014,
            "max": 7991.8049,
            "p(90)": 6929.546220000003,
            "p(95)": 7350.33509
        },
        "iterations": {
            "count": 7887,
            "rate": 65.70256799349208
        },
        "data_sent": {
            "count": 25297945,
            "rate": 210744.25655612058
        },
        "vus_max": {
            "value": 500,
            "min": 500,
            "max": 500
        },
        "http_req_duration{expected_response:true}": {
            "avg": 190.4175818807834,
            "min": 0,
            "med": 111.46785,
            "max": 1766.8389,
            "p(90)": 445.64926000000037,
            "p(95)": 629.7337599999998
        },
        "vus": {
            "value": 3,
            "min": 1,
            "max": 500
        },
        "data_received": {
            "count": 5273200536,
            "rate": 43928339.89601356
        },
        "http_req_failed": {
            "passes": 15774,
            "fails": 126192,
            "thresholds": {
                "rate<0.05": true
            },
            "value": 0.1111111111111111
        },
        "http_req_waiting": {
            "med": 80.03035,
            "max": 1766.8389,
            "p(90)": 409.00665000000004,
            "p(95)": 587.13685,
            "avg": 166.39886197188116,
            "min": 0
        },
        "http_req_receiving": {
            "med": 0,
            "max": 1229.611,
            "p(90)": 3.93065,
            "p(95)": 53.397175000000004,
            "avg": 6.163855520335843,
            "min": 0
        },
        "http_req_tls_handshaking": {
            "p(95)": 0,
            "avg": 0,
            "min": 0,
            "med": 0,
            "max": 0,
            "p(90)": 0
        },
        "http_req_duration": {
            "avg": 172.57080988616914,
            "min": 0,
            "med": 86.8561,
            "max": 1766.8389,
            "p(90)": 413.4501,
            "p(95)": 593.4906249999999,
            "thresholds": {
                "p(95)<2000": false
            }
        },
        "http_req_connecting": {
            "min": 0,
            "med": 0,
            "max": 15.6658,
            "p(90)": 0,
            "p(95)": 0,
            "avg": 0.0010618852401279176
        },
        "http_reqs": {
            "count": 141966,
            "rate": 1182.6462238828576
        },
        "http_req_sending": {
            "avg": 0.00809239395348181,
            "min": 0,
            "med": 0,
            "max": 11.6826,
            "p(90)": 0,
            "p(95)": 0
        },
        "http_req_blocked": {
            "p(95)": 0,
            "avg": 0.003041970612681912,
            "min": 0,
            "med": 0,
            "max": 15.6658,
            "p(90)": 0
        },
        "checks": {
            "passes": 126192,
            "fails": 15774,
            "value": 0.8888888888888888
        }
    },
    "root_group": {
        "id": "d41d8cd98f00b204e9800998ecf8427e",
        "groups": {},
        "checks": {
                "list products: status 200": {
                    "passes": 7887,
                    "fails": 0,
                    "name": "list products: status 200",
                    "path": "::list products: status 200",
                    "id": "924a40c79df3d6bc39fdcdfcc923816e"
                },
                "list products: has data": {
                    "name": "list products: has data",
                    "path": "::list products: has data",
                    "id": "4290724cf781171eb17f384ed5f458d4",
                    "passes": 7887,
                    "fails": 0
                },
                "get product: status 200 or 404": {
                    "fails": 0,
                    "name": "get product: status 200 or 404",
                    "path": "::get product: status 200 or 404",
                    "id": "2cbbbbbba72fe3cd0c1b28772a24e4c9",
                    "passes": 7887
                },
                "search: status 200": {
                    "name": "search: status 200",
                    "path": "::search: status 200",
                    "id": "cd68838b4cc6f7786becc08340f51f71",
                    "passes": 7887,
                    "fails": 0
                },
                "category filter: status 200": {
                    "name": "category filter: status 200",
                    "path": "::category filter: status 200",
                    "id": "08bdd22fe49b26bd9062a4063e91365b",
                    "passes": 7887,
                    "fails": 0
                },
                "reviews by product: status 200": {
                    "fails": 0,
                    "name": "reviews by product: status 200",
                    "path": "::reviews by product: status 200",
                    "id": "ff38d5a6484e85363435e2bde0050fd7",
                    "passes": 7887
                },
                "average rating: status 200": {
                    "passes": 7887,
                    "fails": 0,
                    "name": "average rating: status 200",
                    "path": "::average rating: status 200",
                    "id": "410881361114124b5478d42656b0fe57"
                },
                "add to cart: status 200 or 201": {
                    "id": "1788e10b98590b202bef7a8dbc573220",
                    "passes": 7887,
                    "fails": 0,
                    "name": "add to cart: status 200 or 201",
                    "path": "::add to cart: status 200 or 201"
                },
                "get cart: status 200": {
                    "name": "get cart: status 200",
                    "path": "::get cart: status 200",
                    "id": "28c7dad2666418e7df7959192396d5c0",
                    "passes": 7887,
                    "fails": 0
                },
                "create order: status 201": {
                    "path": "::create order: status 201",
                    "id": "1bcfa49d77d46f40d66acd4c4ffcf2a7",
                    "passes": 7887,
                    "fails": 0,
                    "name": "create order: status 201"
                },
                "home page: status 200": {
                    "passes": 7887,
                    "fails": 0,
                    "name": "home page: status 200",
                    "path": "::home page: status 200",
                    "id": "8d960afda292b63e7c50c7370794be43"
                },
                "products page: status 200": {
                    "id": "d3ec3a910ae752d937097964558034ff",
                    "passes": 7887,
                    "fails": 0,
                    "name": "products page: status 200",
                    "path": "::products page: status 200"
                },
                "product detail page: status 200": {
                    "name": "product detail page: status 200",
                    "path": "::product detail page: status 200",
                    "id": "b24b993fd6b4e43d3aa894d986fa618f",
                    "passes": 7887,
                    "fails": 0
                },
                "add to cart (page): status 200": {
                    "path": "::add to cart (page): status 200",
                    "id": "f0cd3e144cbac350e1e6ac88a1b85040",
                    "passes": 0,
                    "fails": 7887,
                    "name": "add to cart (page): status 200"
                },
                "cart page: status 200": {
                    "name": "cart page: status 200",
                    "path": "::cart page: status 200",
                    "id": "71a46f5b7a13213d2d57118ccbab0ff3",
                    "passes": 7887,
                    "fails": 0
                },
                "checkout page: status 200": {
                    "passes": 7887,
                    "fails": 0,