{
    "metrics": {
        "data_sent": {
            "count": 14832728,
            "rate": 122275.9386129799
        },
        "http_req_receiving": {
            "p(90)": 0.7185,
            "p(95)": 0.9575299999999989,
            "avg": 0.20978393115069724,
            "min": 0,
            "med": 0,
            "max": 86.5558
        },
        "data_received": {
            "count": 926563261,
            "rate": 7638270.749863307
        },
        "http_req_failed": {
            "passes": 0,
            "fails": 49848,
            "thresholds": {
                "rate<0.05": false
            },
            "value": 0
        },
        "http_req_sending": {
            "p(90)": 0,
            "p(95)": 0,
            "avg": 0.0031179264965495103,
            "min": 0,
            "med": 0,
            "max": 1.5184
        },
        "http_req_waiting": {
            "med": 7.43965,
            "max": 308.1774,
            "p(90)": 61.34278000000005,
            "p(95)": 86.59453999999954,
            "avg": 21.655345548467377,
            "min": 0
        },
        "iterations": {
            "count": 4154,
            "rate": 34.24415582880765
        },
        "http_req_tls_handshaking": {
            "p(90)": 0,
            "p(95)": 0,
            "avg": 0,
            "min": 0,
            "med": 0,
            "max": 0
        },
        "http_req_duration": {
            "max": 333.3866,
            "p(90)": 61.47776,
            "p(95)": 86.73301499999995,
            "avg": 21.86824740611466,
            "min": 0,
            "med": 7.6761,
            "thresholds": {
                "p(95)<3000": false
            }
        },
        "checks": {
            "passes": 45694,
            "fails": 0,
            "value": 1
        },
        "iteration_duration": {
            "min": 2067.7453,
            "med": 2153.5218999999997,
            "max": 3101.3331,
            "p(90)": 2730.40955,
            "p(95)": 2805.48106,
            "avg": 2267.7098815599497
        },
        "http_reqs": {
            "count": 49848,
            "rate": 410.92986994569185
        },
        "http_req_duration{expected_response:true}": {
            "p(95)": 86.73301499999995,
            "avg": 21.86824740611466,
            "min": 0,
            "med": 7.6761,
            "max": 333.3866,
            "p(90)": 61.47776
        },
        "vus_max": {
            "min": 200,
            "max": 200,
            "value": 200
        },
        "http_req_connecting": {
            "med": 0,
            "max": 1.0013,
            "p(90)": 0,
            "p(95)": 0,
            "avg": 0.0003612682554967099,
            "min": 0
        },
        "http_req_blocked": {
            "avg": 0.001074323944792168,
            "min": 0,
            "med": 0,
            "max": 1.3827,
            "p(90)": 0,
            "p(95)": 0
        },
        "vus": {
            "value": 2,
            "min": 1,
            "max": 199
        }
    },
    "root_group": {
        "name": "",
        "path": "",
        "id": "d41d8cd98f00b204e9800998ecf8427e",
        "groups": {},
        "checks": {
                "home: status 200": {
                    "passes": 4154,
                    "fails": 0,
                    "name": "home: status 200",
                    "path": "::home: status 200",
                    "id": "797ccedec8c86720a3b12b7d6a1695d9"
                },
                "products: status 200": {
                    "name": "products: status 200",
                    "path": "::products: status 200",
                    "id": "00d9ade6020028464fb7795d42f375de",
                    "passes": 4154,
                    "fails": 0
                },
                "search: status 200": {
                    "name": "search: status 200",
                    "path": "::search: status 200",
                    "id": "cd68838b4cc6f7786becc08340f51f71",
                    "passes": 4154,
                    "fails": 0
                },
                "category filter: status 200": {
                    "passes": 4154,
                    "fails": 0,
                    "name": "category filter: status 200",
                    "path": "::category filter: status 200",
                    "id": "08bdd22fe49b26bd9062a4063e91365b"
                },
                "detail: status 200": {
                    "name": "detail: status 200",
                    "path": "::detail: status 200",
                    "id": "2d2bf01d9f31c3b8b35b2cc3644cc1c3",
                    "passes": 4154,
                    "fails": 0
                },
                "add to cart: status 200": {
                    "name": "add to cart: status 200",
                    "path": "::add to cart: status 200",
                    "id": "e4cde9d6761bb2afde2298dd9165b80e",
                    "passes": 4154,
                    "fails": 0
                },
                "add second item: status 200": {
                    "path": "::add second item: status 200",
                    "id": "fc2779a520bbade54e1c5ee4555006f4",
                    "passes": 4154,
                    "fails": 0,
                    "name": "add second item: status 200"
                },
                "cart page: status 200": {
                    "id": "71a46f5b7a13213d2d57118ccbab0ff3",
                    "passes": 4154,
                    "fails": 0,
                    "name": "cart page: status 200",
                    "path": "::cart page: status 200"
                },
                "checkout page: status 200": {
                    "passes": 4154,
                    "fails": 0,
                    "name": "checkout page: status 200",
                    "path": "::checkout page: status 200",
                    "id": "4b6b469e2b3feffe3383d401258f1fac"
                },
                "checkout submit: status 200": {
                    "name": "checkout submit: status 200",
                    "path": "::checkout submit: status 200",
                    "id": "231aef0da674621d55d3389af9895e8b",
                    "passes": 4154,
                    "fails": 0
                },
                "orders page: status 200": {
                    "passes": 4154,
                    "fails": 0,
                    "name": "orders page: status 200",
                    "path": "::orders page: status 200",
                    "id": "327fb5b5110703aef832d58310868356"
                }
            }
    }
}