{
    "root_group": {
        "name": "",
        "path": "",
        "id": "d41d8cd98f00b204e9800998ecf8427e",
        "groups": {},
        "checks": {
                "status is 200 or 404": {
                    "path": "::status is 200 or 404",
                    "id": "ef1456c8a1788ec4ce69f9b568c28265",
                    "passes": 22372,
                    "fails": 0,
                    "name": "status is 200 or 404"
                }
            }
    },
    "metrics": {
        "vus": {
            "value": 3,
            "min": 1,
            "max": 199
        },
        "vus_max": {
            "value": 200,
            "min": 200,
            "max": 200
        },
        "http_req_duration": {
            "avg": 108.31491731181805,
            "min": 0,
            "med": 11.00845,
            "max": 2166.4087,
            "p(90)": 330.3105200000005,
            "p(95)": 522.8747,
            "thresholds": {
                "p(95)<1000": false
            }
        },
        "http_req_failed": {
            "passes": 0,
            "fails": 22372,
            "thresholds": {
                "rate<0.05": false
            },
            "value": 0
        },
        "http_req_blocked": {
            "avg": 0.009320512247452175,
            "min": 0,
            "med": 0,
            "max": 15.5437,
            "p(90)": 0,
            "p(95)": 0
        },
        "iterations": {
            "count": 22372,
            "rate": 186.08866285839085
        },
        "http_req_duration{expected_response:true}": {
            "max": 2166.4087,
            "p(90)": 330.3105200000005,
            "p(95)": 522.8747,
            "avg": 108.31491731181805,
            "min": 0,
            "med": 11.00845
        },
        "http_req_waiting": {
            "min": 0,
            "med": 10.149750000000001,
            "max": 1948.0542,
            "p(90)": 299.1775000000005,
            "p(95)": 497.6713650000004,
            "avg": 97.63642878598235
        },
        "data_sent": {
            "count": 1946331,
            "rate": 16189.439177088983
        },
        "http_req_sending": {
            "avg": 0.01790114428750224,
            "min": 0,
            "med": 0,
            "max": 31.255,
            "p(90)": 0,
            "p(95)": 0
        },
        "data_received": {
            "rate": 81417254.25910115,
            "count": 9788166481
        },
        "iteration_duration": {
            "med": 313.90325,
            "max": 2467.2386,
            "p(90)": 640.8597,
            "p(95)": 825.7525400000001,
            "avg": 412.61639478366135,
            "min": 300.0132
        },
        "http_req_receiving": {
            "avg": 10.660587381548368,
            "min": 0,
            "med": 0,
            "max": 1160.7959,
            "p(90)": 7.723050000000044,
            "p(95)": 42.26627000000004
        },
        "checks": {
            "passes": 22372,
            "fails": 0,
            "value": 1
        },
        "http_reqs": {
            "count": 22372,
            "rate": 186.08866285839085
        },
        "http_req_connecting": {
            "med": 0,
            "max": 15.5437,
            "p(90)": 0,
            "p(95)": 0,
            "avg": 0.006580676738780619,
            "min": 0
        },
        "http_req_tls_handshaking": {
            "avg": 0,
            "min": 0,
            "med": 0,
            "max": 0,
            "p(90)": 0,
            "p(95)": 0
        }
    }
}