{
    "metrics": {
        "checks": {
            "passes": 139952,
            "fails": 17494,
            "value": 0.8888888888888888
        },
        "data_sent": {
            "count": 28056445,
            "rate": 233773.45980093605
        },
        "http_req_duration{expected_response:true}": {
            "min": 0,
            "med": 128.03555,
            "max": 843.1713,
            "p(90)": 389.27487000000036,
            "p(95)": 508.39620999999977,
            "avg": 170.39267624256988
        },
        "http_req_waiting": {
            "avg": 148.8306768187195,
            "min": 0,
            "med": 95.64175,
            "max": 843.1713,
            "p(90)": 374.34725000000003,
            "p(95)": 490.7268
        },
        "data_received": {
            "rate": 48728086.32609005,
            "count": 5848126965
        },
        "http_req_duration": {
            "p(95)": 491.0256,
            "avg": 154.46359494493362,
            "min": 0,
            "med": 101.78659999999999,
            "max": 843.1713,
            "p(90)": 374.63565,
            "thresholds": {
                "p(95)<2000": false
            }
        },
        "http_reqs": {
            "count": 157446,
            "rate": 1311.880252534424
        },
        "http_req_blocked": {
            "med": 0,
            "max": 15.6544,
            "p(90)": 0,
            "p(95)": 0,
            "avg": 0.0027267355156688653,
            "min": 0
        },
        "vus_max": {
            "value": 500,
            "min": 500,
            "max": 500
        },
        "http_req_connecting": {
            "min": 0,
            "med": 0,
            "max": 15.6544,
            "p(90)": 0,
            "p(95)": 0,
            "avg": 0.0008565844797581395
        },
        "iteration_duration": {
            "p(95)": 6403.31955,
            "avg": 2784.3003189779406,
            "min": 45.628,
            "med": 2474.6444,
            "max": 6679.7833,
            "p(90)": 6092.420520000001
        },
        "http_req_sending": {
            "med": 0,
            "max": 7.8774,
            "p(90)": 0,
            "p(95)": 0,
            "avg": 0.007802380498710643,
            "min": 0
        },
        "http_req_receiving": {
            "med": 0,
            "max": 169.6757,
            "p(90)": 4.6258,
            "p(95)": 55.698350000000005,
            "avg": 5.625115745715958,
            "min": 0
        },
        "iterations": {
            "count": 8747,
            "rate": 72.88223625191245
        },
        "http_req_failed": {
            "fails": 139952,
            "passes": 17494,
            "thresholds": {
                "rate<0.05": true
            },
            "value": 0.1111111111111111
        },
        "vus": {
            "value": 2,
            "min": 1,
            "max": 500
        },
        "http_req_tls_handshaking": {
            "min": 0,
            "med": 0,
            "max": 0,
            "p(90)": 0,
            "p(95)": 0,
            "avg": 0
        }
    },
    "root_group": {
        "path": "",
        "id": "d41d8cd98f00b204e9800998ecf8427e",
        "groups": {},
        "checks": {
                "list products: status 200": {
                    "name": "list products: status 200",
                    "path": "::list products: status 200",
                    "id": "924a40c79df3d6bc39fdcdfcc923816e",
                    "passes": 8747,
                    "fails": 0
                },
                "list products: has data": {
                    "name": "list products: has data",
                    "path": "::list products: has data",
                    "id": "4290724cf781171eb17f384ed5f458d4",
                    "passes": 8747,
                    "fails": 0
                },
                "get product: status 200 or 404": {
                    "id": "2cbbbbbba72fe3cd0c1b28772a24e4c9",
                    "passes": 8747,
                    "fails": 0,
                    "name": "get product: status 200 or 404",
                    "path": "::get product: status 200 or 404"
                },
                "search: status 200": {
                    "fails": 0,
                    "name": "search: status 200",
                    "path": "::search: status 200",
                    "id": "cd68838b4cc6f7786becc08340f51f71",
                    "passes": 8747
                },
                "category filter: status 200": {
                    "name": "category filter: status 200",
                    "path": "::category filter: status 200",
                    "id": "08bdd22fe49b26bd9062a4063e91365b",
                    "passes": 8747,
                    "fails": 0
                },
                "reviews by product: status 200": {
                    "path": "::reviews by product: status 200",
                    "id": "ff38d5a6484e85363435e2bde0050fd7",
                    "passes": 8747,
                    "fails": 0,
                    "name": "reviews by product: status 200"
                },
                "average rating: status 200": {
                    "fails": 0,
                    "name": "average rating: status 200",
                    "path": "::average rating: status 200",
                    "id": "410881361114124b5478d42656b0fe57",
                    "passes": 8747
                },
                "add to cart: status 200 or 201": {
                    "name": "add to cart: status 200 or 201",
                    "path": "::add to cart: status 200 or 201",
                    "id": "1788e10b98590b202bef7a8dbc573220",
                    "passes": 8747,
                    "fails": 0
                },
                "get cart: status 200": {
                    "id": "28c7dad2666418e7df7959192396d5c0",
                    "passes": 8747,
                    "fails": 0,
                    "name": "get cart: status 200",
                    "path": "::get cart: status 200"
                },
                "create order: status 201": {
                    "passes": 8747,
                    "fails": 0,
                    "name": "create order: status 201",
                    "path": "::create order: status 201",
                    "id": "1bcfa49d77d46f40d66acd4c4ffcf2a7"
                },
                "home page: status 200": {
                    "name": "home page: status 200",
                    "path": "::home page: status 200",
                    "id": "8d960afda292b63e7c50c7370794be43",
                    "passes": 8747,
                    "fails": 0
                },
                "products page: status 200": {
                    "name": "products page: status 200",
                    "path": "::products page: status 200",
                    "id": "d3ec3a910ae752d937097964558034ff",
                    "passes": 8747,
                    "fails": 0
                },
                "product detail page: status 200": {
                    "passes": 8747,
                    "fails": 0,
                    "name": "product detail page: status 200",
                    "path": "::product detail page: status 200",
                    "id": "b24b993fd6b4e43d3aa894d986fa618f"
                },
                "add to cart (page): status 200": {
                    "name": "add to cart (page): status 200",
                    "path": "::add to cart (page): status 200",
                    "id": "f0cd3e144cbac350e1e6ac88a1b85040",
                    "passes": 0,
                    "fails": 8747
                },
                "cart page: status 200": {
                    "name": "cart page: status 200",
                    "path": "::cart page: status 200",
                    "id": "71a46f5b7a13213d2d57118ccbab0ff3",
                    "passes": 8747,
                    "fails": 0
                },
                "checkout page: status 200": {
                    "name": "checkout page: status 200",