{
    "metrics": {
        "http_req_waiting": {
            "p(95)": 1718.8674,
            "avg": 429.60256532686356,
            "min": 0,
            "med": 197.5803,
            "max": 5221.7187,
            "p(90)": 1124.4627500000001
        },
        "iterations": {
            "count": 3537,
            "rate": 27.318184318574705
        },
        "http_req_tls_handshaking": {
            "avg": 0,
            "min": 0,
            "med": 0,
            "max": 0,
            "p(90)": 0,
            "p(95)": 0
        },
        "iteration_duration": {
            "avg": 7925.213696126669,
            "min": 138.826,
            "med": 6546.1091,
            "max": 20861.9315,
            "p(90)": 18106.98378,
            "p(95)": 18836.616899999997
        },
        "http_req_receiving": {
            "max": 791.1411,
            "p(90)": 6.5557,
            "p(95)": 76.7963,
            "avg": 10.288103383281454,
            "min": 0,
            "med": 0
        },
        "http_reqs": {
            "rate": 491.7273177343447,
            "count": 63666
        },
        "http_req_failed": {
            "passes": 7074,
            "fails": 56592,
            "thresholds": {
                "rate<0.05": true
            },
            "value": 0.1111111111111111
        },
        "http_req_blocked": {
            "min": 0,
            "med": 0,
            "max": 15.8376,
            "p(90)": 0,
            "p(95)": 0,
            "avg": 0.01158590299374863
        },
        "http_req_connecting": {
            "p(95)": 0,
            "avg": 0.006296842898878525,
            "min": 0,
            "med": 0,
            "max": 15.8142,
            "p(90)": 0
        },
        "data_received": {
            "count": 2364900384,
            "rate": 18265418.316420723
        },
        "vus": {
            "max": 500,
            "value": 6,
            "min": 1
        },
        "checks": {
            "passes": 56592,
            "fails": 7074,
            "value": 0.8888888888888888
        },
        "data_sent": {
            "rate": 87601.29966219416,
            "count": 11342108
        },
        "http_req_duration{expected_response:true}": {
            "avg": 488.3911514419017,
            "min": 0,
            "med": 270.5099,
            "max": 5221.7187,
            "p(90)": 1250.4430300000001,
            "p(95)": 1883.82326
        },
        "http_req_duration": {
            "p(95)": 1748.9129,
            "avg": 439.90627194106816,
            "min": 0,
            "med": 209.26729999999998,
            "max": 5221.7187,
            "p(90)": 1159.59325,
            "thresholds": {
                "p(95)<2000": false
            }
        },
        "http_req_sending": {
            "med": 0,
            "max": 15.6261,
            "p(90)": 0,
            "p(95)": 0,
            "avg": 0.015603230923884012,
            "min": 0
        },
        "vus_max": {
            "value": 500,
            "min": 500,
            "max": 500
        }
    },
    "root_group": {
        "groups": {},
        "checks": {
                "list products: status 200": {
                    "path": "::list products: status 200",
                    "id": "924a40c79df3d6bc39fdcdfcc923816e",
                    "passes": 3537,
                    "fails": 0,
                    "name": "list products: status 200"
                },
                "list products: has data": {
                    "name": "list products: has data",
                    "path": "::list products: has data",
                    "id": "4290724cf781171eb17f384ed5f458d4",
                    "passes": 3537,
                    "fails": 0
                },
                "get product: status 200 or 404": {
                    "name": "get product: status 200 or 404",
                    "path": "::get product: status 200 or 404",
                    "id": "2cbbbbbba72fe3cd0c1b28772a24e4c9",
                    "passes": 3537,
                    "fails": 0
                },
                "search: status 200": {
                    "fails": 0,
                    "name": "search: status 200",
                    "path": "::search: status 200",
                    "id": "cd68838b4cc6f7786becc08340f51f71",
                    "passes": 3537
                },
                "category filter: status 200": {
                    "path": "::category filter: status 200",
                    "id": "08bdd22fe49b26bd9062a4063e91365b",
                    "passes": 3537,
                    "fails": 0,
                    "name": "category filter: status 200"
                },
                "reviews by product: status 200": {
                    "name": "reviews by product: status 200",
                    "path": "::reviews by product: status 200",
                    "id": "ff38d5a6484e85363435e2bde0050fd7",
                    "passes": 3537,
                    "fails": 0
                },
                "average rating: status 200": {
                    "fails": 0,
                    "name": "average rating: status 200",
                    "path": "::average rating: status 200",
                    "id": "410881361114124b5478d42656b0fe57",
                    "passes": 3537
                },
                "add to cart: status 200 or 201": {
                    "name": "add to cart: status 200 or 201",
                    "path": "::add to cart: status 200 or 201",
                    "id": "1788e10b98590b202bef7a8dbc573220",
                    "passes": 3537,
                    "fails": 0
                },
                "get cart: status 200": {
                    "id": "28c7dad2666418e7df7959192396d5c0",
                    "passes": 3537,
                    "fails": 0,
                    "name": "get cart: status 200",
                    "path": "::get cart: status 200"
                },
                "create order: status 201": {
                    "name": "create order: status 201",
                    "path": "::create order: status 201",
                    "id": "1bcfa49d77d46f40d66acd4c4ffcf2a7",
                    "passes": 3537,
                    "fails": 0
                },
                "home page: status 200": {
                    "path": "::home page: status 200",
                    "id": "8d960afda292b63e7c50c7370794be43",
                    "passes": 3537,
                    "fails": 0,
                    "name": "home page: status 200"
                },
                "products page: status 200": {
                    "id": "d3ec3a910ae752d937097964558034ff",
                    "passes": 3537,
                    "fails": 0,
                    "name": "products page: status 200",
                    "path": "::products page: status 200"
                },
                "product detail page: status 200": {
                    "name": "product detail page: status 200",
                    "path": "::product detail page: status 200",
                    "id": "b24b993fd6b4e43d3aa894d986fa618f",
                    "passes": 3537,
                    "fails": 0
                },
                "add to cart (page): status 200": {
                    "name": "add to cart (page): status 200",
                    "path": "::add to cart (page): status 200",
                    "id": "f0cd3e144cbac350e1e6ac88a1b85040",
                    "passes": 0,
                    "fails": 3537
                },
                "cart page: status 200": {
                    "name": "cart page: status 200",
                    "path": "::cart page: status 200",
                    "id": "71a46f5b7a13213d2d57118ccbab0ff3",
                    "passes": 3537,
                    "fails": 0
                },
                "checkout page: status 200": {
                    "passes": 3537,
                    "fails": 0,
                    "name": "checkout page: status 200",