{
    "metrics": {
        "http_req_failed": {
            "passes": 0,
            "fails": 28654,
            "thresholds": {
                "rate<0.05": false
            },
            "value": 0
        },
        "http_req_sending": {
            "p(90)": 0,
            "p(95)": 0,
            "avg": 0.007014985691351994,
            "min": 0,
            "med": 0,
            "max": 17.1547
        },
        "checks": {
            "passes": 28654,
            "fails": 0,
            "value": 1
        },
        "iterations": {
            "count": 28654,
            "rate": 238.40188296985684
        },
        "iteration_duration": {
            "avg": 321.67935050603666,
            "min": 300.0004,
            "med": 305.39775,
            "max": 829.8755,
            "p(90)": 373.78962,
            "p(95)": 414.0682949999999
        },
        "vus_max": {
            "value": 200,
            "min": 200,
            "max": 200
        },
        "http_req_blocked": {
            "p(95)": 0,
            "avg": 0.004998907656871646,
            "min": 0,
            "med": 0,
            "max": 12.1626,
            "p(90)": 0
        },
        "http_req_tls_handshaking": {
            "max": 0,
            "p(90)": 0,
            "p(95)": 0,
            "avg": 0,
            "min": 0,
            "med": 0
        },
        "http_req_waiting": {
            "avg": 18.640861788929946,
            "min": 0,
            "med": 2.95005,
            "max": 528.9996,
            "p(90)": 62.29932000000001,
            "p(95)": 98.63964
        },
        "http_req_receiving": {
            "avg": 1.951988441404355,
            "min": 0,
            "med": 0,
            "max": 180.3282,
            "p(90)": 3.6164500000000004,
            "p(95)": 14.998649999999996
        },
        "http_reqs": {
            "count": 28654,
            "rate": 238.40188296985684
        },
        "data_received": {
            "count": 6485076857,
            "rate": 53955975.91655758
        },
        "data_sent": {
            "count": 2494179,
            "rate": 20751.621765333795
        },
        "http_req_connecting": {
            "avg": 0.0026553709778739435,
            "min": 0,
            "med": 0,
            "max": 4.7966,
            "p(90)": 0,
            "p(95)": 0
        },
        "http_req_duration{expected_response:true}": {
            "avg": 20.59986521602578,
            "min": 0,
            "med": 3.7582000000000004,
            "max": 529.7107,
            "p(90)": 73.04107,
            "p(95)": 112.54038999999995
        },
        "vus": {
            "max": 199,
            "value": 3,
            "min": 1
        },
        "http_req_duration": {
            "p(90)": 73.04107,
            "p(95)": 112.54038999999995,
            "avg": 20.59986521602578,
            "min": 0,
            "med": 3.7582000000000004,
            "max": 529.7107,
            "thresholds": {
                "p(95)<1000": false
            }
        }
    },
    "root_group": {
        "name": "",
        "path": "",
        "id": "d41d8cd98f00b204e9800998ecf8427e",
        "groups": {},
        "checks": {
                "status is 200 or 404": {
                    "passes": 28654,
                    "fails": 0,
                    "name": "status is 200 or 404",
                    "path": "::status is 200 or 404",
                    "id": "ef1456c8a1788ec4ce69f9b568c28265"
                }
            }
    }
}