{
    "metrics": {
        "http_req_connecting": {
            "min": 0,
            "med": 0,
            "max": 35.0374,
            "p(90)": 0,
            "p(95)": 0,
            "avg": 0.0022320887858207727
        },
        "http_req_receiving": {
            "p(95)": 34.350880000000004,
            "avg": 9.037772810998868,
            "min": 0,
            "med": 0.5071,
            "max": 290.5047,
            "p(90)": 27.1687
        },
        "vus": {
            "value": 1,
            "min": 1,
            "max": 100
        },
        "checks": {
            "passes": 30185,
            "fails": 0,
            "value": 1
        },
        "http_req_failed": {
            "passes": 0,
            "fails": 30185,
            "thresholds": {
                "rate<0.10": false
            },
            "value": 0
        },
        "http_req_duration{expected_response:true}": {
            "avg": 63.134346148749344,
            "min": 0.5135,
            "med": 50.4505,
            "max": 360.6752,
            "p(90)": 114.36596000000017,
            "p(95)": 176.69211999999996
        },
        "http_reqs": {
            "count": 30185,
            "rate": 640.3680088130252
        },
        "http_req_duration": {
            "p(90)": 114.36596000000017,
            "p(95)": 176.69211999999996,
            "avg": 63.134346148749344,
            "min": 0.5135,
            "med": 50.4505,
            "max": 360.6752,
            "thresholds": {
                "p(95)<2000": false
            }
        },
        "http_req_blocked": {
            "p(95)": 0,
            "avg": 0.006370627795262544,
            "min": 0,
            "med": 0,
            "max": 35.0374,
            "p(90)": 0
        },
        "http_req_waiting": {
            "avg": 54.081886665562635,
            "min": 0.4937,
            "med": 41.0415,
            "max": 360.6752,
            "p(90)": 100.69332000000007,
            "p(95)": 157.18587999999994
        },
        "data_received": {
            "count": 3596724265,
            "rate": 76303699.05010904
        },
        "iteration_duration": {
            "min": 227.1578,
            "med": 518.0547,
            "max": 847.081,
            "p(90)": 693.75316,
            "p(95)": 729.92828,
            "avg": 518.7142799072384
        },
        "http_req_sending": {
            "max": 45.4427,
            "p(90)": 0,
            "p(95)": 0,
            "avg": 0.014686672188172916,
            "min": 0,
            "med": 0
        },
        "vus_max": {
            "value": 100,
            "min": 100,
            "max": 100
        },
        "http_req_tls_handshaking": {
            "avg": 0,
            "min": 0,
            "med": 0,
            "max": 0,
            "p(90)": 0,
            "p(95)": 0
        },
        "iterations": {
            "count": 6037,
            "rate": 128.07360176260505
        },
        "data_sent": {
            "count": 2649311,
            "rate": 56204.539002698184
        }
    },
    "root_group": {
        "path": "",
        "id": "d41d8cd98f00b204e9800998ecf8427e",
        "groups": {},
        "checks": {
                "list: status 200": {
                    "name": "list: status 200",
                    "path": "::list: status 200",
                    "id": "ae210d7a519f353e769d3b3d185c78c3",
                    "passes": 6037,
                    "fails": 0
                },
                "search: status 200": {
                    "fails": 0,
                    "name": "search: status 200",
                    "path": "::search: status 200",
                    "id": "cd68838b4cc6f7786becc08340f51f71",
                    "passes": 6037
                },
                "reviews: status 200": {
                    "name": "reviews: status 200",
                    "path": "::reviews: status 200",
                    "id": "b08007dd4d1dafe552104d04bed0f5a0",
                    "passes": 6037,
                    "fails": 0
                },
                "home page: status 200": {
                    "name": "home page: status 200",
                    "path": "::home page: status 200",
                    "id": "8d960afda292b63e7c50c7370794be43",
                    "passes": 6037,
                    "fails": 0
                },
                "detail page: status 200": {
                    "path": "::detail page: status 200",
                    "id": "524bbb29a3adff2402c98e609fee384d",
                    "passes": 6037,
                    "fails": 0,
                    "name": "detail page: status 200"
                }
            },
        "name": ""
    }
}