{
    "metrics": {
        "checks": {
            "passes": 89334,
            "fails": 0,
            "value": 1
        },
        "iterations": {
            "count": 4963,
            "rate": 41.25963910756493
        },
        "http_req_duration": {
            "avg": 282.0834285232931,
            "min": 0,
            "med": 216.23090000000002,
            "max": 1636.3712,
            "p(90)": 647.46365,
            "p(95)": 810.6409149999998,
            "thresholds": {
                "p(95)<2000": false
            }
        },
        "iteration_duration": {
            "min": 121.2303,
            "med": 4696.0126,
            "max": 11503.1158,
            "p(90)": 10453.84384,
            "p(95)": 10939.297369999998,
            "avg": 5082.388543582518
        },
        "data_received": {
            "count": 4819103639,
            "rate": 40063364.289158344
        },
        "vus": {
            "min": 1,
            "max": 500,
            "value": 28
        },
        "http_req_failed": {
            "passes": 0,
            "fails": 89334,
            "thresholds": {
                "rate<0.05": false
            },
            "value": 0
        },
        "http_req_sending": {
            "p(90)": 0,
            "p(95)": 0,
            "avg": 0.009526839725076668,
            "min": 0,
            "med": 0,
            "max": 17.5153
        },
        "http_req_waiting": {
            "p(95)": 803.2171,
            "avg": 273.6494131282576,
            "min": 0,
            "med": 197.80825,
            "max": 1635.7796,
            "p(90)": 641.3541899999998
        },
        "vus_max": {
            "value": 500,
            "min": 500,
            "max": 500
        },
        "http_req_tls_handshaking": {
            "p(95)": 0,
            "avg": 0,
            "min": 0,
            "med": 0,
            "max": 0,
            "p(90)": 0
        },
        "http_req_duration{expected_response:true}": {
            "avg": 282.0834285232931,
            "min": 0,
            "med": 216.23090000000002,
            "max": 1636.3712,
            "p(90)": 647.46365,
            "p(95)": 810.6409149999998
        },
        "http_req_blocked": {
            "avg": 0.003770864396534355,
            "min": 0,
            "med": 0,
            "max": 18.2455,
            "p(90)": 0,
            "p(95)": 0
        },
        "http_reqs": {
            "count": 89334,
            "rate": 742.6735039361687
        },
        "http_req_receiving": {
            "p(95)": 63.50284499999998,
            "avg": 8.42448855530932,
            "min": 0,
            "med": 0,
            "max": 544.5732,
            "p(90)": 32.910389999999985
        },
        "data_sent": {
            "count": 18001524,
            "rate": 149654.72166555887
        },
        "http_req_connecting": {
            "p(95)": 0,
            "avg": 0.001615190185147872,
            "min": 0,
            "med": 0,
            "max": 18.2455,
            "p(90)": 0
        }
    },
    "root_group": {
        "checks": {
            "list products: status 200": {
                "name": "list products: status 200",
                "path": "::list products: status 200",
                "id": "924a40c79df3d6bc39fdcdfcc923816e",
                "passes": 4963,
                "fails": 0
            },
            "list products: has data": {
                "name": "list products: has data",
                "path": "::list products: has data",
                "id": "4290724cf781171eb17f384ed5f458d4",
                "passes": 4963,
                "fails": 0
            },
            "get product: status 200 or 404": {
                "name": "get product: status 200 or 404",
                "path": "::get product: status 200 or 404",
                "id": "2cbbbbbba72fe3cd0c1b28772a24e4c9",
                "passes": 4963,
                "fails": 0
            },
            "search: status 200": {
                "passes": 4963,
                "fails": 0,
                "name": "search: status 200",
                "path": "::search: status 200",
                "id": "cd68838b4cc6f7786becc08340f51f71"
            },
            "category filter: status 200": {
                "fails": 0,
                "name": "category filter: status 200",
                "path": "::category filter: status 200",
                "id": "08bdd22fe49b26bd9062a4063e91365b",
                "passes": 4963
            },
            "reviews by product: status 200": {
                "name": "reviews by product: status 200",
                "path": "::reviews by product: status 200",
                "id": "ff38d5a6484e85363435e2bde0050fd7",
                "passes": 4963,
                "fails": 0
            },
            "average rating: status 200": {
                "name": "average rating: status 200",
                "path": "::average rating: status 200",
                "id": "410881361114124b5478d42656b0fe57",
                "passes": 4963,
                "fails": 0
            },
            "add to cart: status 200 or 201": {
                "path": "::add to cart: status 200 or 201",
                "id": "1788e10b98590b202bef7a8dbc573220",
                "passes": 4963,
                "fails": 0,
                "name": "add to cart: status 200 or 201"
            },
            "get cart: status 200": {
                "name": "get cart: status 200",
                "path": "::get cart: status 200",
                "id": "28c7dad2666418e7df7959192396d5c0",
                "passes": 4963,
                "fails": 0
            },
            "create order: status 201": {
                "fails": 0,
                "name": "create order: status 201",
                "path": "::create order: status 201",
                "id": "1bcfa49d77d46f40d66acd4c4ffcf2a7",
                "passes": 4963
            },
            "home page: status 200": {
                "name": "home page: status 200",
                "path": "::home page: status 200",
                "id": "8d960afda292b63e7c50c7370794be43",
                "passes": 4963,
                "fails": 0
            },
            "products page: status 200": {
                "name": "products page: status 200",
                "path": "::products page: status 200",
                "id": "d3ec3a910ae752d937097964558034ff",
                "passes": 4963,
                "fails": 0
            },
            "product detail page: status 200": {
                "name": "product detail page: status 200",
                "path": "::product detail page: status 200",
                "id": "b24b993fd6b4e43d3aa894d986fa618f",
                "passes": 4963,
                "fails": 0
            },
            "add to cart (page): status 200": {
                "passes": 4963,
                "fails": 0,
                "name": "add to cart (page): status 200",
                "path": "::add to cart (page): status 200",
                "id": "f0cd3e144cbac350e1e6ac88a1b85040"
            },
            "cart page: status 200": {
                "path": "::cart page: status 200",
                "id": "71a46f5b7a13213d2d57118ccbab0ff3",
                "passes": 4963,
                "fails": 0,
                "name": "cart page: status 200"
            },
            "checkout page: status 200": {
                "name": "checkout page: status 200",
                "path": "::checkout page: status 200",
                "id": "4b6b469e2b3feffe3383d401258f1fac",
                "passes": 4963,
                "fails": 0
            },
            "checkout submit: status 200": {
                "name": "checkout submit: status 200",
                "path": "::checkout submit: status 200",
                "id": "231aef0da674621d55d3389af9895e8b",
                "passes": 4963,
                "fails": 0
            },
            "orders page: status 200": {
                "path": "::orders page: status 200",