{
    "metrics": {
        "http_req_failed": {
            "passes": 12884,
            "fails": 103072,
            "thresholds": {
                "rate<0.05": true
            },
            "value": 0.1111111111111111
        },
        "iteration_duration": {
            "avg": 3941.429511502627,
            "min": 53.5351,
            "med": 2932.85445,
            "max": 10816.1789,
            "p(90)": 9547.32505,
            "p(95)": 10230.911415
        },
        "http_req_tls_handshaking": {
            "avg": 0,
            "min": 0,
            "med": 0,
            "max": 0,
            "p(90)": 0,
            "p(95)": 0
        },
        "http_req_sending": {
            "med": 0,
            "max": 21.2735,
            "p(90)": 0,
            "p(95)": 0,
            "avg": 0.011357934906343771,
            "min": 0
        },
        "http_req_receiving": {
            "p(90)": 4.448,
            "p(95)": 63.272925,
            "avg": 6.9908852073200025,
            "min": 0,
            "med": 0,
            "max": 311.0872
        },
        "http_req_blocked": {
            "avg": 0.005118250888267962,
            "min": 0,
            "med": 0,
            "max": 14.5171,
            "p(90)": 0,
            "p(95)": 0
        },
        "iterations": {
            "count": 6442,
            "rate": 53.19454861836371
        },
        "http_req_duration": {
            "max": 1365.837,
            "p(90)": 572.6188,
            "p(95)": 709.4535500000001,
            "avg": 218.69014904791553,
            "min": 0,
            "med": 121.09255,
            "thresholds": {
                "p(95)<2000": false
            }
        },
        "data_sent": {
            "count": 20660381,
            "rate": 170602.2417849143
        },
        "vus_max": {
            "value": 500,
            "min": 500,
            "max": 500
        },
        "http_reqs": {
            "count": 115956,
            "rate": 957.5018751305469
        },
        "checks": {
            "passes": 103072,
            "fails": 12884,
            "value": 0.8888888888888888
        },
        "data_received": {
            "count": 4307144527,
            "rate": 35566067.82797589
        },
        "vus": {
            "value": 13,
            "min": 1,
            "max": 500
        },
        "http_req_duration{expected_response:true}": {
            "med": 160.702,
            "max": 1365.837,
            "p(90)": 594.7885400000004,
            "p(95)": 729.204605,
            "avg": 241.5778702441028,
            "min": 0
        },
        "http_req_connecting": {
            "med": 0,
            "max": 14.5171,
            "p(90)": 0,
            "p(95)": 0,
            "avg": 0.0025950222498188963,
            "min": 0
        },
        "http_req_waiting": {
            "max": 1364.86,
            "p(90)": 570.7616499999999,
            "p(95)": 709.3351749999999,
            "avg": 211.68790590568764,
            "min": 0,
            "med": 111.93585
        }
    },
    "root_group": {
        "groups": {},
        "checks": {
                "list products: status 200": {
                    "fails": 0,
                    "name": "list products: status 200",
                    "path": "::list products: status 200",
                    "id": "924a40c79df3d6bc39fdcdfcc923816e",
                    "passes": 6442
                },
                "list products: has data": {
                    "passes": 6442,
                    "fails": 0,
                    "name": "list products: has data",
                    "path": "::list products: has data",
                    "id": "4290724cf781171eb17f384ed5f458d4"
                },
                "get product: status 200 or 404": {
                    "passes": 6442,
                    "fails": 0,
                    "name": "get product: status 200 or 404",
                    "path": "::get product: status 200 or 404",
                    "id": "2cbbbbbba72fe3cd0c1b28772a24e4c9"
                },
                "search: status 200": {
                    "name": "search: status 200",
                    "path": "::search: status 200",
                    "id": "cd68838b4cc6f7786becc08340f51f71",
                    "passes": 6442,
                    "fails": 0
                },
                "category filter: status 200": {
                    "id": "08bdd22fe49b26bd9062a4063e91365b",
                    "passes": 6442,
                    "fails": 0,
                    "name": "category filter: status 200",
                    "path": "::category filter: status 200"
                },
                "reviews by product: status 200": {
                    "passes": 6442,
                    "fails": 0,
                    "name": "reviews by product: status 200",
                    "path": "::reviews by product: status 200",
                    "id": "ff38d5a6484e85363435e2bde0050fd7"
                },
                "average rating: status 200": {
                    "id": "410881361114124b5478d42656b0fe57",
                    "passes": 6442,
                    "fails": 0,
                    "name": "average rating: status 200",
                    "path": "::average rating: status 200"
                },
                "add to cart: status 200 or 201": {
                    "name": "add to cart: status 200 or 201",
                    "path": "::add to cart: status 200 or 201",
                    "id": "1788e10b98590b202bef7a8dbc573220",
                    "passes": 6442,
                    "fails": 0
                },
                "get cart: status 200": {
                    "path": "::get cart: status 200",
                    "id": "28c7dad2666418e7df7959192396d5c0",
                    "passes": 6442,
                    "fails": 0,
                    "name": "get cart: status 200"
                },
                "create order: status 201": {
                    "name": "create order: status 201",
                    "path": "::create order: status 201",
                    "id": "1bcfa49d77d46f40d66acd4c4ffcf2a7",
                    "passes": 6442,
                    "fails": 0
                },
                "home page: status 200": {
                    "fails": 0,
                    "name": "home page: status 200",
                    "path": "::home page: status 200",
                    "id": "8d960afda292b63e7c50c7370794be43",
                    "passes": 6442
                },
                "products page: status 200": {
                    "name": "products page: status 200",
                    "path": "::products page: status 200",
                    "id": "d3ec3a910ae752d937097964558034ff",
                    "passes": 6442,
                    "fails": 0
                },
                "product detail page: status 200": {
                    "passes": 6442,
                    "fails": 0,
                    "name": "product detail page: status 200",
                    "path": "::product detail page: status 200",
                    "id": "b24b993fd6b4e43d3aa894d986fa618f"
                },
                "add to cart (page): status 200": {
                    "name": "add to cart (page): status 200",
                    "path": "::add to cart (page): status 200",
                    "id": "f0cd3e144cbac350e1e6ac88a1b85040",
                    "passes": 0,
                    "fails": 6442
                },
                "cart page: status 200": {
                    "name": "cart page: status 200",
                    "path": "::cart page: status 200",
                    "id": "71a46f5b7a13213d2d57118ccbab0ff3",
                    "passes": 6442,
                    "fails": 0
                },
                "checkout page: status 200": {
                    "name": "checkout page: status 200",
                    "path": "::checkout page: status 200",