{
    "metrics": {
        "vus": {
            "value": 78,
            "min": 1,
            "max": 500
        },
        "http_req_failed": {
            "passes": 6162,
            "fails": 49296,
            "thresholds": {
                "rate<0.05": true
            },
            "value": 0.1111111111111111
        },
        "http_req_connecting": {
            "avg": 0.007550142450142445,
            "min": 0,
            "med": 0,
            "max": 37.0198,
            "p(90)": 0,
            "p(95)": 0
        },
        "http_req_duration{expected_response:true}": {
            "p(95)": 2373.1718499999997,
            "avg": 581.7395426586361,
            "min": 0,
            "med": 292.5678,
            "max": 6440.1078,
            "p(90)": 1487.3326499999998
        },
        "http_req_waiting": {
            "avg": 512.5841874355365,
            "min": 0,
            "med": 218.74720000000002,
            "max": 6440.1078,
            "p(90)": 1332.6440100000004,
            "p(95)": 2175.5688899999973
        },
        "http_req_blocked": {
            "avg": 0.013506916946157441,
            "min": 0,
            "med": 0,
            "max": 40.3853,
            "p(90)": 0,
            "p(95)": 0
        },
        "data_received": {
            "count": 2059997195,
            "rate": 15519136.763626873
        },
        "data_sent": {
            "count": 9879669,
            "rate": 74429.1957108052
        },
        "http_req_sending": {
            "p(90)": 0,
            "p(95)": 0,
            "avg": 0.019739599336434748,
            "min": 0,
            "med": 0,
            "max": 30.5147
        },
        "iterations": {
            "rate": 23.210934696799136,
            "count": 3081
        },
        "iteration_duration": {
            "p(95)": 21985.6026,
            "avg": 9433.351768419348,
            "min": 162.7018,
            "med": 7990.9978,
            "max": 25610.4961,
            "p(90)": 20775.2971
        },
        "http_req_duration": {
            "p(95)": 2224.265814999996,
            "avg": 523.6352445850915,
            "min": 0,
            "med": 233.22595,
            "max": 6440.1078,
            "p(90)": 1369.249030000001,
            "thresholds": {
                "p(95)<2000": true
            }
        },
        "vus_max": {
            "min": 500,
            "max": 500,
            "value": 500
        },
        "http_req_receiving": {
            "med": 0,
            "max": 861.6937,
            "p(90)": 6.589020000000004,
            "p(95)": 76.15899999999999,
            "avg": 11.031317550218178,
            "min": 0
        },
        "http_reqs": {
            "count": 55458,
            "rate": 417.79682454238446
        },
        "http_req_tls_handshaking": {
            "min": 0,
            "med": 0,
            "max": 0,
            "p(90)": 0,
            "p(95)": 0,
            "avg": 0
        },
        "checks": {
            "passes": 49296,
            "fails": 6162,
            "value": 0.8888888888888888
        }
    },
    "root_group": {
        "checks": {
            "list products: status 200": {
                "name": "list products: status 200",
                "path": "::list products: status 200",
                "id": "924a40c79df3d6bc39fdcdfcc923816e",
                "passes": 3081,
                "fails": 0
            },
            "list products: has data": {
                "name": "list products: has data",
                "path": "::list products: has data",
                "id": "4290724cf781171eb17f384ed5f458d4",
                "passes": 3081,
                "fails": 0
            },
            "get product: status 200 or 404": {
                "name": "get product: status 200 or 404",
                "path": "::get product: status 200 or 404",
                "id": "2cbbbbbba72fe3cd0c1b28772a24e4c9",
                "passes": 3081,
                "fails": 0
            },
            "search: status 200": {
                "id": "cd68838b4cc6f7786becc08340f51f71",
                "passes": 3081,
                "fails": 0,
                "name": "search: status 200",
                "path": "::search: status 200"
            },
            "category filter: status 200": {
                "name": "category filter: status 200",
                "path": "::category filter: status 200",
                "id": "08bdd22fe49b26bd9062a4063e91365b",
                "passes": 3081,
                "fails": 0
            },
            "reviews by product: status 200": {
                "fails": 0,
                "name": "reviews by product: status 200",
                "path": "::reviews by product: status 200",
                "id": "ff38d5a6484e85363435e2bde0050fd7",
                "passes": 3081
            },
            "average rating: status 200": {
                "id": "410881361114124b5478d42656b0fe57",
                "passes": 3081,
                "fails": 0,
                "name": "average rating: status 200",
                "path": "::average rating: status 200"
            },
            "add to cart: status 200 or 201": {
                "fails": 0,
                "name": "add to cart: status 200 or 201",
                "path": "::add to cart: status 200 or 201",
                "id": "1788e10b98590b202bef7a8dbc573220",
                "passes": 3081
            },
            "get cart: status 200": {
                "passes": 3081,
                "fails": 0,
                "name": "get cart: status 200",
                "path": "::get cart: status 200",
                "id": "28c7dad2666418e7df7959192396d5c0"
            },
            "create order: status 201": {
                "name": "create order: status 201",
                "path": "::create order: status 201",
                "id": "1bcfa49d77d46f40d66acd4c4ffcf2a7",
                "passes": 3081,
                "fails": 0
            },
            "home page: status 200": {
                "name": "home page: status 200",
                "path": "::home page: status 200",
                "id": "8d960afda292b63e7c50c7370794be43",
                "passes": 3081,
                "fails": 0
            },
            "products page: status 200": {
                "name": "products page: status 200",
                "path": "::products page: status 200",
                "id": "d3ec3a910ae752d937097964558034ff",
                "passes": 3081,
                "fails": 0
            },
            "product detail page: status 200": {
                "fails": 0,
                "name": "product detail page: status 200",
                "path": "::product detail page: status 200",
                "id": "b24b993fd6b4e43d3aa894d986fa618f",
                "passes": 3081
            },
            "add to cart (page): status 200": {
                "name": "add to cart (page): status 200",
                "path": "::add to cart (page): status 200",
                "id": "f0cd3e144cbac350e1e6ac88a1b85040",
                "passes": 0,
                "fails": 3081
            },
            "cart page: status 200": {
                "name": "cart page: status 200",
                "path": "::cart page: status 200",
                "id": "71a46f5b7a13213d2d57118ccbab0ff3",
                "passes": 3081,
                "fails": 0
            },
            "checkout page: status 200": {
                "name": "checkout page: status 200",
                "path": "::checkout page: status 200",
                "id": "4b6b469e2b3feffe3383d401258f1fac",
                "passes": 3081,
                "fails": 0
            },
            "checkout submit: status 200": {
                "path": "::checkout submit: status 200",
                "id": "231aef0da674621d55d3389af9895e8b",
                "passes": 0,
                "fails": 3081,
                "name": "checkout submit: status 200"
            },