{
    "metrics": {
        "http_req_duration": {
            "avg": 2147.7292264457155,
            "min": 0.5065,
            "med": 384.8462,
            "max": 12479.1097,
            "p(90)": 6543.062959999998,
            "p(95)": 8011.550324999997,
            "thresholds": {
                "p(95)<2000": true
            }
        },
        "http_req_blocked": {
            "avg": 0.014214681009824644,
            "min": 0,
            "med": 0,
            "max": 9.4733,
            "p(90)": 0,
            "p(95)": 0
        },
        "http_req_tls_handshaking": {
            "p(90)": 0,
            "p(95)": 0,
            "avg": 0,
            "min": 0,
            "med": 0,
            "max": 0
        },
        "http_req_failed": {
            "passes": 0,
            "fails": 16082,
            "thresholds": {
                "rate<0.05": false
            },
            "value": 0
        },
        "http_req_duration{expected_response:true}": {
            "avg": 2147.7292264457155,
            "min": 0.5065,
            "med": 384.8462,
            "max": 12479.1097,
            "p(90)": 6543.062959999998,
            "p(95)": 8011.550324999997
        },
        "http_req_receiving": {
            "min": 0,
            "med": 0,
            "max": 7127.4504,
            "p(90)": 14.464339999999988,
            "p(95)": 71.02596999999997,
            "avg": 41.7233428802386
        },
        "iteration_duration": {
            "avg": 32005.65442503599,
            "min": 128.1713,
            "med": 25545.2169,
            "max": 71680.2701,
            "p(90)": 64712.00982,
            "p(95)": 66207.99146
        },
        "iterations": {
            "count": 695,
            "rate": 4.7598108690863326
        },
        "vus_max": {
            "min": 500,
            "max": 500,
            "value": 500
        },
        "http_req_sending": {
            "avg": 0.015021079467727908,
            "min": 0,
            "med": 0,
            "max": 14.488,
            "p(90)": 0,
            "p(95)": 0
        },
        "http_reqs": {
            "rate": 110.139968916038,
            "count": 16082
        },
        "vus": {
            "value": 4,
            "min": 1,
            "max": 500
        },
        "data_received": {
            "count": 685693125,
            "rate": 4696071.351414063
        },
        "http_req_connecting": {
            "max": 9.4733,
            "p(90)": 0,
            "p(95)": 0,
            "avg": 0.010111093147618447,
            "min": 0,
            "med": 0
        },
        "checks": {
            "passes": 16082,
            "fails": 0,
            "value": 1
        },
        "http_req_waiting": {
            "avg": 2105.9908624860072,
            "min": 0.5046,
            "med": 364.6568,
            "max": 12479.1097,
            "p(90)": 6513.878159999999,
            "p(95)": 7984.183069999995
        },
        "data_sent": {
            "count": 3101050,
            "rate": 21238.00215191392
        }
    },
    "root_group": {
        "name": "",
        "path": "",
        "id": "d41d8cd98f00b204e9800998ecf8427e",
        "groups": {},
        "checks": {
                "list products: status 200": {
                    "passes": 969,
                    "fails": 0,
                    "name": "list products: status 200",
                    "path": "::list products: status 200",
                    "id": "924a40c79df3d6bc39fdcdfcc923816e"
                },
                "list products: has data": {
                    "id": "4290724cf781171eb17f384ed5f458d4",
                    "passes": 969,
                    "fails": 0,
                    "name": "list products: has data",
                    "path": "::list products: has data"
                },
                "get product: status 200 or 404": {
                    "name": "get product: status 200 or 404",
                    "path": "::get product: status 200 or 404",
                    "id": "2cbbbbbba72fe3cd0c1b28772a24e4c9",
                    "passes": 969,
                    "fails": 0
                },
                "search: status 200": {
                    "name": "search: status 200",
                    "path": "::search: status 200",
                    "id": "cd68838b4cc6f7786becc08340f51f71",
                    "passes": 969,
                    "fails": 0
                },
                "category filter: status 200": {
                    "name": "category filter: status 200",
                    "path": "::category filter: status 200",
                    "id": "08bdd22fe49b26bd9062a4063e91365b",
                    "passes": 969,
                    "fails": 0
                },
                "reviews by product: status 200": {
                    "fails": 0,
                    "name": "reviews by product: status 200",
                    "path": "::reviews by product: status 200",
                    "id": "ff38d5a6484e85363435e2bde0050fd7",
                    "passes": 969
                },
                "average rating: status 200": {
                    "fails": 0,
                    "name": "average rating: status 200",
                    "path": "::average rating: status 200",
                    "id": "410881361114124b5478d42656b0fe57",
                    "passes": 969
                },
                "add to cart: status 200 or 201": {
                    "name": "add to cart: status 200 or 201",
                    "path": "::add to cart: status 200 or 201",
                    "id": "1788e10b98590b202bef7a8dbc573220",
                    "passes": 969,
                    "fails": 0
                },
                "get cart: status 200": {
                    "id": "28c7dad2666418e7df7959192396d5c0",
                    "passes": 969,
                    "fails": 0,
                    "name": "get cart: status 200",
                    "path": "::get cart: status 200"
                },
                "create order: status 201": {
                    "id": "1bcfa49d77d46f40d66acd4c4ffcf2a7",
                    "passes": 960,
                    "fails": 0,
                    "name": "create order: status 201",
                    "path": "::create order: status 201"
                },
                "home page: status 200": {
                    "fails": 0,
                    "name": "home page: status 200",
                    "path": "::home page: status 200",
                    "id": "8d960afda292b63e7c50c7370794be43",
                    "passes": 905
                },
                "products page: status 200": {
                    "name": "products page: status 200",
                    "path": "::products page: status 200",
                    "id": "d3ec3a910ae752d937097964558034ff",
                    "passes": 896,
                    "fails": 0
                },
                "product detail page: status 200": {
                    "name": "product detail page: status 200",
                    "path": "::product detail page: status 200",
                    "id": "b24b993fd6b4e43d3aa894d986fa618f",
                    "passes": 859,
                    "fails": 0
                },
                "add to cart (page): status 200": {
                    "id": "f0cd3e144cbac350e1e6ac88a1b85040",
                    "passes": 787,
                    "fails": 0,
                    "name": "add to cart (page): status 200",
                    "path": "::add to cart (page): status 200"
                },
                "cart page: status 200": {
                    "passes": 782,
                    "fails": 0,
                    "name": "cart page: status 200",
                    "path": "::cart page: status 200",
                    "id": "71a46f5b7a13213d2d57118ccbab0ff3"
                },
                "checkout page: status 200": {
                    "passes": 763,
                    "fails": 0,