{
    "root_group": {
        "path": "",
        "id": "d41d8cd98f00b204e9800998ecf8427e",
        "groups": {},
        "checks": {
                "status is 200 or 404": {
                    "name": "status is 200 or 404",
                    "path": "::status is 200 or 404",
                    "id": "ef1456c8a1788ec4ce69f9b568c28265",
                    "passes": 27535,
                    "fails": 0
                }
            },
        "name": ""
    },
    "metrics": {
        "http_reqs": {
            "count": 27535,
            "rate": 229.06129280471643
        },
        "http_req_failed": {
            "passes": 0,
            "fails": 27535,
            "thresholds": {
                "rate<0.05": false
            },
            "value": 0
        },
        "iteration_duration": {
            "min": 300.0035,
            "med": 306.3687,
            "max": 1078.2569,
            "p(90)": 415.61228000000006,
            "p(95)": 472.87807,
            "avg": 334.8600492318863
        },
        "http_req_waiting": {
            "max": 662.398,
            "p(90)": 97.41692,
            "p(95)": 154.39393,
            "avg": 29.61865628836019,
            "min": 0,
            "med": 4.0727
        },
        "iterations": {
            "count": 27535,
            "rate": 229.06129280471643
        },
        "vus_max": {
            "value": 200,
            "min": 200,
            "max": 200
        },
        "http_req_tls_handshaking": {
            "med": 0,
            "max": 0,
            "p(90)": 0,
            "p(95)": 0,
            "avg": 0,
            "min": 0
        },
        "checks": {
            "passes": 27535,
            "fails": 0,
            "value": 1
        },
        "data_received": {
            "count": 13740271647,
            "rate": 114304136.07952826
        },
        "http_req_blocked": {
            "p(95)": 0,
            "avg": 0.007660769929181044,
            "min": 0,
            "med": 0,
            "max": 39.0155,
            "p(90)": 0
        },
        "data_sent": {
            "count": 2396470,
            "rate": 19936.02746931973
        },
        "vus": {
            "value": 3,
            "min": 1,
            "max": 199
        },
        "http_req_sending": {
            "p(90)": 0,
            "p(95)": 0,
            "avg": 0.011781568912293445,
            "min": 0,
            "med": 0,
            "max": 28.7099
        },
        "http_req_duration{expected_response:true}": {
            "avg": 33.30104091156697,
            "min": 0,
            "med": 5.1524,
            "max": 777.0782,
            "p(90)": 114.40794000000001,
            "p(95)": 170.96523
        },
        "http_req_receiving": {
            "p(95)": 32.772549999999974,
            "avg": 3.6706030542945305,
            "min": 0,
            "med": 0,
            "max": 268.7035,
            "p(90)": 3.2974000000000023
        },
        "http_req_connecting": {
            "min": 0,
            "med": 0,
            "max": 38.4482,
            "p(90)": 0,
            "p(95)": 0,
            "avg": 0.003468846922099145
        },
        "http_req_duration": {
            "p(90)": 114.40794000000001,
            "p(95)": 170.96523,
            "avg": 33.30104091156697,
            "min": 0,
            "med": 5.1524,
            "max": 777.0782,
            "thresholds": {
                "p(95)<1000": false
            }
        }
    }
}