{
    "metrics": {
        "checks": {
            "passes": 51170,
            "fails": 0,
            "value": 1
        },
        "data_received": {
            "count": 9410879,
            "rate": 77976.39462034243
        },
        "http_req_duration{expected_response:true}": {
            "p(90)": 1.7632,
            "p(95)": 2.00092,
            "avg": 1.2188541173022036,
            "min": 0,
            "med": 1.1943,
            "max": 25.1748
        },
        "http_req_waiting": {
            "max": 25.1748,
            "p(90)": 1.6451,
            "p(95)": 1.8445,
            "avg": 1.0548121454918673,
            "min": 0,
            "med": 1.0533
        },
        "http_req_receiving": {
            "avg": 0.16188068984048656,
            "min": 0,
            "med": 0,
            "max": 8.5712,
            "p(90)": 0.6278,
            "p(95)": 0.8097199999999997
        },
        "http_req_connecting": {
            "min": 0,
            "med": 0,
            "max": 0.5803,
            "p(90)": 0,
            "p(95)": 0,
            "avg": 0.0005677284608056281
        },
        "http_req_blocked": {
            "p(90)": 0,
            "p(95)": 0,
            "avg": 0.0013689376358795213,
            "min": 0,
            "med": 0,
            "max": 1.0696
        },
        "vus": {
            "value": 7,
            "min": 1,
            "max": 199
        },
        "data_sent": {
            "count": 7214031,
            "rate": 59773.813695764606
        },
        "iteration_duration": {
            "p(90)": 908.19999,
            "p(95)": 908.84061,
            "avg": 906.7241925249201,
            "min": 903.0028,
            "med": 906.5545500000001,
            "max": 929.622
        },
        "iterations": {
            "rate": 84.79658728420421,
            "count": 10234
        },
        "http_req_tls_handshaking": {
            "p(95)": 0,
            "avg": 0,
            "min": 0,
            "med": 0,
            "max": 0,
            "p(90)": 0
        },
        "vus_max": {
            "value": 200,
            "min": 200,
            "max": 200
        },
        "http_req_failed": {
            "passes": 0,
            "fails": 40937,
            "thresholds": {
                "rate<0.03": false
            },
            "value": 0
        },
        "http_reqs": {
            "count": 40937,
            "rate": 339.1946349084881
        },
        "http_req_sending": {
            "p(95)": 0,
            "avg": 0.002161281969856119,
            "min": 0,
            "med": 0,
            "max": 1.0404,
            "p(90)": 0
        },
        "http_req_duration": {
            "max": 25.1748,
            "p(90)": 1.7632,
            "p(95)": 2.00092,
            "avg": 1.2188541173022036,
            "min": 0,
            "med": 1.1943,
            "thresholds": {
                "p(95)<1500": false
            }
        }
    },
    "root_group": {
        "checks": {
            "create product: status 201": {
                "name": "create product: status 201",
                "path": "::create product: status 201",
                "id": "d93f8db8db344695f776e44ec6b18c58",
                "passes": 10234,
                "fails": 0
            },
            "get created product: status 200": {
                "id": "afdc866b141a243ae294ef9ad1f445e9",
                "passes": 10234,
                "fails": 0,
                "name": "get created product: status 200",
                "path": "::get created product: status 200"
            },
            "get created product: name matches": {
                "name": "get created product: name matches",
                "path": "::get created product: name matches",
                "id": "c11a53a8914fcb33931d909ab82d155e",
                "passes": 10234,
                "fails": 0
            },
            "update product: status 200 or 204": {
                "passes": 10234,
                "fails": 0,
                "name": "update product: status 200 or 204",
                "path": "::update product: status 200 or 204",
                "id": "fed812f077cab05d9d142603607e1679"
            },
            "delete product: status 200 or 204": {
                "fails": 0,
                "name": "delete product: status 200 or 204",
                "path": "::delete product: status 200 or 204",
                "id": "bc7117db1fa07e5c01728435a48a565a",
                "passes": 10234
            }
        },
        "name": "",
        "path": "",
        "id": "d41d8cd98f00b204e9800998ecf8427e",
        "groups": {}
    }
}