{
    "metrics": {
        "http_req_failed": {
            "passes": 0,
            "fails": 41946,
            "thresholds": {
                "rate<0.05": false
            },
            "value": 0
        },
        "http_req_waiting": {
            "max": 34.6716,
            "p(90)": 1.64195,
            "p(95)": 2.124875,
            "avg": 1.0186779383016178,
            "min": 0,
            "med": 1.0387
        },
        "data_received": {
            "count": 44553164,
            "rate": 369687.2763836046
        },
        "http_req_tls_handshaking": {
            "max": 0,
            "p(90)": 0,
            "p(95)": 0,
            "avg": 0,
            "min": 0,
            "med": 0
        },
        "http_req_sending": {
            "avg": 0.0021101177704667914,
            "min": 0,
            "med": 0,
            "max": 1.2202,
            "p(90)": 0,
            "p(95)": 0
        },
        "http_req_duration{expected_response:true}": {
            "p(90)": 1.9544,
            "p(95)": 2.3592500000000003,
            "avg": 1.2850552972869678,
            "min": 0,
            "med": 1.1415,
            "max": 35.1767
        },
        "http_req_blocked": {
            "avg": 0.001503707147284603,
            "min": 0,
            "med": 0,
            "max": 9.3285,
            "p(90)": 0,
            "p(95)": 0
        },
        "vus_max": {
            "value": 200,
            "min": 200,
            "max": 200
        },
        "iteration_duration": {
            "p(95)": 1109.93706,
            "avg": 1108.2953326856566,
            "min": 1104.6427,
            "med": 1107.9159,
            "max": 1150.5409,
            "p(90)": 1109.33694
        },
        "http_req_duration": {
            "med": 1.1415,
            "max": 35.1767,
            "p(90)": 1.9544,
            "p(95)": 2.3592500000000003,
            "avg": 1.2850552972869678,
            "min": 0,
            "thresholds": {
                "p(95)<2000": false
            }
        },
        "http_req_connecting": {
            "avg": 0.0005622085538549564,
            "min": 0,
            "med": 0,
            "max": 0.6319,
            "p(90)": 0,
            "p(95)": 0
        },
        "http_req_receiving": {
            "avg": 0.26426724121489525,
            "min": 0,
            "med": 0,
            "max": 15.376,
            "p(90)": 0.7713,
            "p(95)": 1.03465
        },
        "checks": {
            "passes": 50334,
            "fails": 0,
            "value": 1
        },
        "vus": {
            "value": 8,
            "min": 1,
            "max": 199
        },
        "http_reqs": {
            "rate": 348.0539001716394,
            "count": 41946
        },
        "iterations": {
            "count": 8389,
            "rate": 69.6091205011177
        },
        "data_sent": {
            "count": 6549584,
            "rate": 54346.260804409634
        }
    },
    "setup_data": {
        "productCount": 1000
    },
    "root_group": {
        "checks": {
            "create order: status 201": {
                "name": "create order: status 201",
                "path": "::create order: status 201",
                "id": "1bcfa49d77d46f40d66acd4c4ffcf2a7",
                "passes": 8389,
                "fails": 0
            },
            "get order by id: status 200": {
                "name": "get order by id: status 200",
                "path": "::get order by id: status 200",
                "id": "05229a3c72e644b755b6ef58616276b1",
                "passes": 8389,
                "fails": 0
            },
            "orders by customer: status 200": {
                "passes": 8389,
                "fails": 0,
                "name": "orders by customer: status 200",
                "path": "::orders by customer: status 200",
                "id": "a40d104ad4af89a1b8cd3ee45a9c83f6"
            },
            "orders by customer: has results": {
                "name": "orders by customer: has results",
                "path": "::orders by customer: has results",
                "id": "cd29285d74105a7d0fdc6b8d68cd484b",
                "passes": 8389,
                "fails": 0
            },
            "update to Shipped: status 200 or 204": {
                "fails": 0,
                "name": "update to Shipped: status 200 or 204",
                "path": "::update to Shipped: status 200 or 204",
                "id": "0612ab64fd42e505efc3b1aa01182531",
                "passes": 8389
            },
            "update to Delivered: status 200 or 204": {
                "name": "update to Delivered: status 200 or 204",
                "path": "::update to Delivered: status 200 or 204",
                "id": "9a46f2a8c6f6049e49f5299369175bd4",
                "passes": 8389,
                "fails": 0
            }
        },
        "name": "",
        "path": "",
        "id": "d41d8cd98f00b204e9800998ecf8427e",
        "groups": {}
    }
}