{
    "metrics": {
        "http_req_duration": {
            "p(95)": 1.616,
            "avg": 1.0571012493594545,
            "min": 0,
            "med": 1.0849,
            "max": 21.7293,
            "p(90)": 1.4676,
            "thresholds": {
                "p(95)<1500": false
            }
        },
        "http_req_failed": {
            "passes": 0,
            "fails": 40981,
            "thresholds": {
                "rate<0.03": false
            },
            "value": 0
        },
        "http_req_connecting": {
            "avg": 0.0007194651179815036,
            "min": 0,
            "med": 0,
            "max": 0.5668,
            "p(90)": 0,
            "p(95)": 0
        },
        "http_req_duration{expected_response:true}": {
            "avg": 1.0571012493594545,
            "min": 0,
            "med": 1.0849,
            "max": 21.7293,
            "p(90)": 1.4676,
            "p(95)": 1.616
        },
        "iterations": {
            "count": 10245,
            "rate": 84.97968872216236
        },
        "http_req_tls_handshaking": {
            "p(95)": 0,
            "avg": 0,
            "min": 0,
            "med": 0,
            "max": 0,
            "p(90)": 0
        },
        "checks": {
            "passes": 51225,
            "fails": 0,
            "value": 1
        },
        "data_sent": {
            "count": 7221775,
            "rate": 59902.80053894525
        },
        "http_reqs": {
            "count": 40981,
            "rate": 339.9270496362065
        },
        "vus": {
            "max": 199,
            "value": 7,
            "min": 1
        },
        "data_received": {
            "count": 9072546,
            "rate": 75254.47876988768
        },
        "http_req_blocked": {
            "p(90)": 0,
            "p(95)": 0,
            "avg": 0.001959493423781753,
            "min": 0,
            "med": 0,
            "max": 1.0706
        },
        "http_req_waiting": {
            "med": 0.6492,
            "max": 21.7293,
            "p(90)": 1.2781,
            "p(95)": 1.4393,
            "avg": 0.8437370171542853,
            "min": 0
        },
        "iteration_duration": {
            "p(90)": 906.54024,
            "p(95)": 906.98308,
            "avg": 905.6311057393817,
            "min": 903.1524,
            "med": 905.5079,
            "max": 934.7362
        },
        "vus_max": {
            "value": 200,
            "min": 200,
            "max": 200
        },
        "http_req_receiving": {
            "avg": 0.20974921549010572,
            "min": 0,
            "med": 0,
            "max": 8.1459,
            "p(90)": 0.7121,
            "p(95)": 0.8431
        },
        "http_req_sending": {
            "avg": 0.0036150167150630773,
            "min": 0,
            "med": 0,
            "max": 8.6425,
            "p(90)": 0,
            "p(95)": 0.0147
        }
    },
    "root_group": {
        "name": "",
        "path": "",
        "id": "d41d8cd98f00b204e9800998ecf8427e",
        "groups": {},
        "checks": {
                "create product: status 201": {
                    "passes": 10245,
                    "fails": 0,
                    "name": "create product: status 201",
                    "path": "::create product: status 201",
                    "id": "d93f8db8db344695f776e44ec6b18c58"
                },
                "get created product: status 200": {
                    "name": "get created product: status 200",
                    "path": "::get created product: status 200",
                    "id": "afdc866b141a243ae294ef9ad1f445e9",
                    "passes": 10245,
                    "fails": 0
                },
                "get created product: name matches": {
                    "id": "c11a53a8914fcb33931d909ab82d155e",
                    "passes": 10245,
                    "fails": 0,
                    "name": "get created product: name matches",
                    "path": "::get created product: name matches"
                },
                "update product: status 200 or 204": {
                    "name": "update product: status 200 or 204",
                    "path": "::update product: status 200 or 204",
                    "id": "fed812f077cab05d9d142603607e1679",
                    "passes": 10245,
                    "fails": 0
                },
                "delete product: status 200 or 204": {
                    "id": "bc7117db1fa07e5c01728435a48a565a",
                    "passes": 10245,
                    "fails": 0,
                    "name": "delete product: status 200 or 204",
                    "path": "::delete product: status 200 or 204"
                }
            }
    }
}