{
    "metrics": {
        "vus_max": {
            "value": 200,
            "min": 200,
            "max": 200
        },
        "iterations": {
            "count": 7638,
            "rate": 62.79228336339975
        },
        "http_req_connecting": {
            "med": 0,
            "max": 2.6593,
            "p(90)": 0,
            "p(95)": 0,
            "avg": 0.0009823798332904928,
            "min": 0
        },
        "data_received": {
            "count": 15315613,
            "rate": 125910.2266797812
        },
        "vus": {
            "value": 1,
            "min": 1,
            "max": 199
        },
        "iteration_duration": {
            "avg": 1219.1413569782653,
            "min": 1208.0849,
            "med": 1214.00295,
            "max": 1384.7775,
            "p(90)": 1234.1092,
            "p(95)": 1251.4074249999999
        },
        "http_req_duration": {
            "max": 105.0568,
            "p(90)": 2.7845,
            "p(95)": 4.400275000000001,
            "avg": 2.2544887764844486,
            "min": 0,
            "med": 1.5948,
            "thresholds": {
                "p(95)<1000": false
            }
        },
        "http_req_waiting": {
            "avg": 1.9982506554547836,
            "min": 0,
            "med": 1.3494,
            "max": 100.4504,
            "p(90)": 2.667,
            "p(95)": 3.998
        },
        "http_reqs": {
            "count": 54466,
            "rate": 447.76702090480893
        },
        "http_req_receiving": {
            "avg": 0.25233448573421724,
            "min": 0,
            "med": 0,
            "max": 15.5498,
            "p(90)": 0.7574,
            "p(95)": 1.2574750000000001
        },
        "http_req_failed": {
            "passes": 0,
            "fails": 54466,
            "thresholds": {
                "rate<0.02": false
            },
            "value": 0
        },
        "http_req_sending": {
            "avg": 0.003903635295413647,
            "min": 0,
            "med": 0,
            "max": 1.6454,
            "p(90)": 0,
            "p(95)": 0
        },
        "data_sent": {
            "count": 7932427,
            "rate": 65212.77873049005
        },
        "http_req_duration{expected_response:true}": {
            "avg": 2.2544887764844486,
            "min": 0,
            "med": 1.5948,
            "max": 105.0568,
            "p(90)": 2.7845,
            "p(95)": 4.400275000000001
        },
        "http_req_blocked": {
            "p(95)": 0,
            "avg": 0.0022868284801527586,
            "min": 0,
            "med": 0,
            "max": 2.6593,
            "p(90)": 0
        },
        "http_req_tls_handshaking": {
            "min": 0,
            "med": 0,
            "max": 0,
            "p(90)": 0,
            "p(95)": 0,
            "avg": 0
        },
        "checks": {
            "passes": 53466,
            "fails": 7638,
            "value": 0.875
        }
    },
    "root_group": {
        "id": "d41d8cd98f00b204e9800998ecf8427e",
        "groups": {},
        "checks": {
                "add item 1: status 200 or 201": {
                    "passes": 7638,
                    "fails": 0,
                    "name": "add item 1: status 200 or 201",
                    "path": "::add item 1: status 200 or 201",
                    "id": "34ffb3452c09ac7174d9f647c20645f8"
                },
                "add item 2: status 200 or 201": {
                    "name": "add item 2: status 200 or 201",
                    "path": "::add item 2: status 200 or 201",
                    "id": "859dd62118f40bea70a4a5fe4a82c36c",
                    "passes": 7638,
                    "fails": 0
                },
                "add item 3: status 200 or 201": {
                    "fails": 0,
                    "name": "add item 3: status 200 or 201",
                    "path": "::add item 3: status 200 or 201",
                    "id": "6dfec2b2a8ef0686ff9003fbb64073ff",
                    "passes": 7638
                },
                "get cart: status 200": {
                    "name": "get cart: status 200",
                    "path": "::get cart: status 200",
                    "id": "28c7dad2666418e7df7959192396d5c0",
                    "passes": 7638,
                    "fails": 0
                },
                "get cart: has items": {
                    "name": "get cart: has items",
                    "path": "::get cart: has items",
                    "id": "ce5cb3c9d4d19a73e0257c50eea61a4c",
                    "passes": 0,
                    "fails": 7638
                },
                "update quantity: status 200 or 204": {
                    "name": "update quantity: status 200 or 204",
                    "path": "::update quantity: status 200 or 204",
                    "id": "6cfa842eec59d2c26f64d983e1b9ad16",
                    "passes": 7638,
                    "fails": 0
                },
                "delete item: status 200 or 204": {
                    "fails": 0,
                    "name": "delete item: status 200 or 204",
                    "path": "::delete item: status 200 or 204",
                    "id": "f05e6698ea497656bf987aa1783be142",
                    "passes": 7638
                },
                "clear cart session: status 200 or 204": {
                    "name": "clear cart session: status 200 or 204",
                    "path": "::clear cart session: status 200 or 204",
                    "id": "8f83318937121769e691a83b1b01cd11",
                    "passes": 7638,
                    "fails": 0
                }
            },
        "name": "",
        "path": ""
    }
}