{
    "metrics": {
        "iterations": {
            "count": 7712,
            "rate": 64.26415650871343
        },
        "http_req_tls_handshaking": {
            "min": 0,
            "med": 0,
            "max": 0,
            "p(90)": 0,
            "p(95)": 0,
            "avg": 0
        },
        "iteration_duration": {
            "avg": 3174.7596619035226,
            "min": 34.2269,
            "med": 2875.8912,
            "max": 7653.2304,
            "p(90)": 6858.045620000001,
            "p(95)": 7244.90305
        },
        "http_req_duration": {
            "max": 918.9017,
            "p(90)": 438.1501,
            "p(95)": 530.963575,
            "avg": 176.2119086639874,
            "min": 0.5076,
            "med": 128.3003,
            "thresholds": {
                "p(95)<2000": false
            }
        },
        "checks": {
            "passes": 138816,
            "fails": 0,
            "value": 1
        },
        "vus_max": {
            "value": 500,
            "min": 500,
            "max": 500
        },
        "http_req_duration{expected_response:true}": {
            "avg": 176.2119086639874,
            "min": 0.5076,
            "med": 128.3003,
            "max": 918.9017,
            "p(90)": 438.1501,
            "p(95)": 530.963575
        },
        "http_req_receiving": {
            "avg": 3.7489048200495465,
            "min": 0,
            "med": 0,
            "max": 248.1222,
            "p(90)": 6.404,
            "p(95)": 32.703875000000004
        },
        "http_reqs": {
            "count": 138816,
            "rate": 1156.7548171568417
        },
        "data_received": {
            "count": 3816387576,
            "rate": 31801987.614363782
        },
        "http_req_connecting": {
            "max": 5.0436,
            "p(90)": 0,
            "p(95)": 0,
            "avg": 0.0006869489107883819,
            "min": 0,
            "med": 0
        },
        "http_req_waiting": {
            "med": 120.21915,
            "max": 917.6457,
            "p(90)": 436.92755,
            "p(95)": 530.168775,
            "avg": 172.45670681189551,
            "min": 0
        },
        "http_req_blocked": {
            "avg": 0.002687569876671279,
            "min": 0,
            "med": 0,
            "max": 6.6761,
            "p(90)": 0,
            "p(95)": 0
        },
        "http_req_failed": {
            "passes": 0,
            "fails": 138816,
            "thresholds": {
                "rate<0.05": false
            },
            "value": 0
        },
        "vus": {
            "min": 1,
            "max": 500,
            "value": 3
        },
        "http_req_sending": {
            "min": 0,
            "med": 0,
            "max": 6.6761,
            "p(90)": 0,
            "p(95)": 0,
            "avg": 0.006297032042415871
        },
        "data_sent": {
            "rate": 233128.6023301263,
            "count": 27976525
        }
    },
    "root_group": {
        "name": "",
        "path": "",
        "id": "d41d8cd98f00b204e9800998ecf8427e",
        "groups": {},
        "checks": {
                "list products: status 200": {
                    "id": "924a40c79df3d6bc39fdcdfcc923816e",
                    "passes": 7712,
                    "fails": 0,
                    "name": "list products: status 200",
                    "path": "::list products: status 200"
                },
                "list products: has data": {
                    "name": "list products: has data",
                    "path": "::list products: has data",
                    "id": "4290724cf781171eb17f384ed5f458d4",
                    "passes": 7712,
                    "fails": 0
                },
                "get product: status 200 or 404": {
                    "name": "get product: status 200 or 404",
                    "path": "::get product: status 200 or 404",
                    "id": "2cbbbbbba72fe3cd0c1b28772a24e4c9",
                    "passes": 7712,
                    "fails": 0
                },
                "search: status 200": {
                    "path": "::search: status 200",
                    "id": "cd68838b4cc6f7786becc08340f51f71",
                    "passes": 7712,
                    "fails": 0,
                    "name": "search: status 200"
                },
                "category filter: status 200": {
                    "path": "::category filter: status 200",
                    "id": "08bdd22fe49b26bd9062a4063e91365b",
                    "passes": 7712,
                    "fails": 0,
                    "name": "category filter: status 200"
                },
                "reviews by product: status 200": {
                    "path": "::reviews by product: status 200",
                    "id": "ff38d5a6484e85363435e2bde0050fd7",
                    "passes": 7712,
                    "fails": 0,
                    "name": "reviews by product: status 200"
                },
                "average rating: status 200": {
                    "name": "average rating: status 200",
                    "path": "::average rating: status 200",
                    "id": "410881361114124b5478d42656b0fe57",
                    "passes": 7712,
                    "fails": 0
                },
                "add to cart: status 200 or 201": {
                    "id": "1788e10b98590b202bef7a8dbc573220",
                    "passes": 7712,
                    "fails": 0,
                    "name": "add to cart: status 200 or 201",
                    "path": "::add to cart: status 200 or 201"
                },
                "get cart: status 200": {
                    "name": "get cart: status 200",
                    "path": "::get cart: status 200",
                    "id": "28c7dad2666418e7df7959192396d5c0",
                    "passes": 7712,
                    "fails": 0
                },
                "create order: status 201": {
                    "name": "create order: status 201",
                    "path": "::create order: status 201",
                    "id": "1bcfa49d77d46f40d66acd4c4ffcf2a7",
                    "passes": 7712,
                    "fails": 0
                },
                "home page: status 200": {
                    "name": "home page: status 200",
                    "path": "::home page: status 200",
                    "id": "8d960afda292b63e7c50c7370794be43",
                    "passes": 7712,
                    "fails": 0
                },
                "products page: status 200": {
                    "name": "products page: status 200",
                    "path": "::products page: status 200",
                    "id": "d3ec3a910ae752d937097964558034ff",
                    "passes": 7712,
                    "fails": 0
                },
                "product detail page: status 200": {
                    "name": "product detail page: status 200",
                    "path": "::product detail page: status 200",
                    "id": "b24b993fd6b4e43d3aa894d986fa618f",
                    "passes": 7712,
                    "fails": 0
                },
                "add to cart (page): status 200": {
                    "name": "add to cart (page): status 200",
                    "path": "::add to cart (page): status 200",
                    "id": "f0cd3e144cbac350e1e6ac88a1b85040",
                    "passes": 7712,
                    "fails": 0
                },
                "cart page: status 200": {
                    "name": "cart page: status 200",
                    "path": "::cart page: status 200",
                    "id": "71a46f5b7a13213d2d57118ccbab0ff3",
                    "passes": 7712,
                    "fails": 0
                },
                "checkout page: status 200": {
                    "passes": 7712,
                    "fails": 0,
                    "name": "checkout page: status 200",