{
    "metrics": {
        "http_req_duration": {
            "med": 2.16955,
            "max": 163.9799,
            "p(90)": 10.539710000000001,
            "p(95)": 12.583489999999994,
            "avg": 4.037644020078591,
            "min": 0,
            "thresholds": {
                "p(95)<3000": false
            }
        },
        "http_req_failed": {
            "passes": 13746,
            "fails": 36656,
            "thresholds": {
                "rate<0.05": true
            },
            "value": 0.2727272727272727
        },
        "http_req_duration{expected_response:true}": {
            "avg": 5.469684921977315,
            "min": 0,
            "med": 4.8546,
            "max": 163.9799,
            "p(90)": 11.32995,
            "p(95)": 13.89865
        },
        "checks": {
            "passes": 36656,
            "fails": 13746,
            "value": 0.7272727272727273
        },
        "http_req_waiting": {
            "avg": 3.691564955755723,
            "min": 0,
            "med": 1.5888499999999999,
            "max": 163.8095,
            "p(90)": 9.957900000000004,
            "p(95)": 12.388719999999996
        },
        "http_req_tls_handshaking": {
            "min": 0,
            "med": 0,
            "max": 0,
            "p(90)": 0,
            "p(95)": 0,
            "avg": 0
        },
        "vus_max": {
            "min": 200,
            "max": 200,
            "value": 200
        },
        "http_reqs": {
            "count": 50402,
            "rate": 413.72468171703514
        },
        "http_req_connecting": {
            "max": 0.6013,
            "p(90)": 0,
            "p(95)": 0,
            "avg": 0.0004812904249831356,
            "min": 0,
            "med": 0
        },
        "http_req_blocked": {
            "avg": 0.001318447680647593,
            "min": 0,
            "med": 0,
            "max": 1.0556,
            "p(90)": 0,
            "p(95)": 0
        },
        "iteration_duration": {
            "avg": 2048.230224399829,
            "min": 2019.464,
            "med": 2041.455,
            "max": 2256.7046,
            "p(90)": 2064.34008,
            "p(95)": 2086.12757
        },
        "http_req_receiving": {
            "avg": 0.3431112892345552,
            "min": 0,
            "med": 0,
            "max": 14.306,
            "p(90)": 1.0334,
            "p(95)": 1.976649999999997
        },
        "vus": {
            "value": 4,
            "min": 1,
            "max": 199
        },
        "data_received": {
            "count": 607641513,
            "rate": 4987823.728502493
        },
        "data_sent": {
            "count": 11788686,
            "rate": 96767.39738923195
        },
        "http_req_sending": {
            "avg": 0.0029677750882901458,
            "min": 0,
            "med": 0,
            "max": 8.5083,
            "p(90)": 0,
            "p(95)": 0
        },
        "iterations": {
            "count": 4582,
            "rate": 37.61133470154865
        }
    },
    "root_group": {
        "name": "",
        "path": "",
        "id": "d41d8cd98f00b204e9800998ecf8427e",
        "groups": {},
        "checks": {
                "home: status 200": {
                    "path": "::home: status 200",
                    "id": "797ccedec8c86720a3b12b7d6a1695d9",
                    "passes": 4582,
                    "fails": 0,
                    "name": "home: status 200"
                },
                "products: status 200": {
                    "name": "products: status 200",
                    "path": "::products: status 200",
                    "id": "00d9ade6020028464fb7795d42f375de",
                    "passes": 4582,
                    "fails": 0
                },
                "search: status 200": {
                    "name": "search: status 200",
                    "path": "::search: status 200",
                    "id": "cd68838b4cc6f7786becc08340f51f71",
                    "passes": 4582,
                    "fails": 0
                },
                "category filter: status 200": {
                    "name": "category filter: status 200",
                    "path": "::category filter: status 200",
                    "id": "08bdd22fe49b26bd9062a4063e91365b",
                    "passes": 4582,
                    "fails": 0
                },
                "detail: status 200": {
                    "name": "detail: status 200",
                    "path": "::detail: status 200",
                    "id": "2d2bf01d9f31c3b8b35b2cc3644cc1c3",
                    "passes": 4582,
                    "fails": 0
                },
                "add to cart: status 200": {
                    "path": "::add to cart: status 200",
                    "id": "e4cde9d6761bb2afde2298dd9165b80e",
                    "passes": 0,
                    "fails": 4582,
                    "name": "add to cart: status 200"
                },
                "add second item: status 200": {
                    "name": "add second item: status 200",
                    "path": "::add second item: status 200",
                    "id": "fc2779a520bbade54e1c5ee4555006f4",
                    "passes": 0,
                    "fails": 4582
                },
                "cart page: status 200": {
                    "name": "cart page: status 200",
                    "path": "::cart page: status 200",
                    "id": "71a46f5b7a13213d2d57118ccbab0ff3",
                    "passes": 4582,
                    "fails": 0
                },
                "checkout page: status 200": {
                    "path": "::checkout page: status 200",
                    "id": "4b6b469e2b3feffe3383d401258f1fac",
                    "passes": 4582,
                    "fails": 0,
                    "name": "checkout page: status 200"
                },
                "checkout submit: status 200": {
                    "name": "checkout submit: status 200",
                    "path": "::checkout submit: status 200",
                    "id": "231aef0da674621d55d3389af9895e8b",
                    "passes": 0,
                    "fails": 4582
                },
                "orders page: status 200": {
                    "name": "orders page: status 200",
                    "path": "::orders page: status 200",
                    "id": "327fb5b5110703aef832d58310868356",
                    "passes": 4582,
                    "fails": 0
                }
            }
    }
}