{
    "metrics": {
        "iterations": {
            "count": 7077,
            "rate": 58.95580222212241
        },
        "checks": {
            "passes": 127386,
            "fails": 0,
            "value": 1
        },
        "http_req_duration{expected_response:true}": {
            "min": 0,
            "med": 153.0251,
            "max": 911.0716,
            "p(90)": 441.3653,
            "p(95)": 536.5033,
            "avg": 193.05699962083813
        },
        "http_req_connecting": {
            "avg": 0.0005937873863689885,
            "min": 0,
            "med": 0,
            "max": 0.6145,
            "p(90)": 0,
            "p(95)": 0
        },
        "vus_max": {
            "min": 500,
            "max": 500,
            "value": 500
        },
        "http_req_duration": {
            "p(95)": 536.5033,
            "avg": 193.05699962083813,
            "min": 0,
            "med": 153.0251,
            "max": 911.0716,
            "p(90)": 441.3653,
            "thresholds": {
                "p(95)<2000": false
            }
        },
        "http_req_sending": {
            "max": 9.9789,
            "p(90)": 0,
            "p(95)": 0,
            "avg": 0.006811745403733535,
            "min": 0,
            "med": 0
        },
        "vus": {
            "min": 1,
            "max": 500,
            "value": 3
        },
        "http_req_failed": {
            "fails": 127386,
            "passes": 0,
            "thresholds": {
                "rate<0.05": false
            },
            "value": 0
        },
        "http_req_blocked": {
            "avg": 0.0022489888998791043,
            "min": 0,
            "med": 0,
            "max": 1.5089,
            "p(90)": 0,
            "p(95)": 0
        },
        "http_req_waiting": {
            "avg": 187.3871548372672,
            "min": 0,
            "med": 137.90035,
            "max": 911.0716,
            "p(90)": 440.41785,
            "p(95)": 535.65815
        },
        "data_sent": {
            "count": 25671742,
            "rate": 213861.5435988912
        },
        "iteration_duration": {
            "p(90)": 7444.858580000003,
            "p(95)": 7978.11298,
            "avg": 3478.6751316094446,
            "min": 40.1707,
            "med": 3089.2346,
            "max": 8364.1907
        },
        "http_reqs": {
            "count": 127386,
            "rate": 1061.2044399982033
        },
        "http_req_tls_handshaking": {
            "avg": 0,
            "min": 0,
            "med": 0,
            "max": 0,
            "p(90)": 0,
            "p(95)": 0
        },
        "http_req_receiving": {
            "min": 0,
            "med": 0,
            "max": 199.1076,
            "p(90)": 9.145050000000001,
            "p(95)": 54.43005,
            "avg": 5.663033038167398
        },
        "data_received": {
            "count": 5290825270,
            "rate": 44075858.16164016
        }
    },
    "root_group": {
        "groups": {},
        "checks": {
                "list products: status 200": {
                    "path": "::list products: status 200",
                    "id": "924a40c79df3d6bc39fdcdfcc923816e",
                    "passes": 7077,
                    "fails": 0,
                    "name": "list products: status 200"
                },
                "list products: has data": {
                    "id": "4290724cf781171eb17f384ed5f458d4",
                    "passes": 7077,
                    "fails": 0,
                    "name": "list products: has data",
                    "path": "::list products: has data"
                },
                "get product: status 200 or 404": {
                    "name": "get product: status 200 or 404",
                    "path": "::get product: status 200 or 404",
                    "id": "2cbbbbbba72fe3cd0c1b28772a24e4c9",
                    "passes": 7077,
                    "fails": 0
                },
                "search: status 200": {
                    "id": "cd68838b4cc6f7786becc08340f51f71",
                    "passes": 7077,
                    "fails": 0,
                    "name": "search: status 200",
                    "path": "::search: status 200"
                },
                "category filter: status 200": {
                    "fails": 0,
                    "name": "category filter: status 200",
                    "path": "::category filter: status 200",
                    "id": "08bdd22fe49b26bd9062a4063e91365b",
                    "passes": 7077
                },
                "reviews by product: status 200": {
                    "path": "::reviews by product: status 200",
                    "id": "ff38d5a6484e85363435e2bde0050fd7",
                    "passes": 7077,
                    "fails": 0,
                    "name": "reviews by product: status 200"
                },
                "average rating: status 200": {
                    "name": "average rating: status 200",
                    "path": "::average rating: status 200",
                    "id": "410881361114124b5478d42656b0fe57",
                    "passes": 7077,
                    "fails": 0
                },
                "add to cart: status 200 or 201": {
                    "name": "add to cart: status 200 or 201",
                    "path": "::add to cart: status 200 or 201",
                    "id": "1788e10b98590b202bef7a8dbc573220",
                    "passes": 7077,
                    "fails": 0
                },
                "get cart: status 200": {
                    "name": "get cart: status 200",
                    "path": "::get cart: status 200",
                    "id": "28c7dad2666418e7df7959192396d5c0",
                    "passes": 7077,
                    "fails": 0
                },
                "create order: status 201": {
                    "name": "create order: status 201",
                    "path": "::create order: status 201",
                    "id": "1bcfa49d77d46f40d66acd4c4ffcf2a7",
                    "passes": 7077,
                    "fails": 0
                },
                "home page: status 200": {
                    "name": "home page: status 200",
                    "path": "::home page: status 200",
                    "id": "8d960afda292b63e7c50c7370794be43",
                    "passes": 7077,
                    "fails": 0
                },
                "products page: status 200": {
                    "passes": 7077,
                    "fails": 0,
                    "name": "products page: status 200",
                    "path": "::products page: status 200",
                    "id": "d3ec3a910ae752d937097964558034ff"
                },
                "product detail page: status 200": {
                    "name": "product detail page: status 200",
                    "path": "::product detail page: status 200",
                    "id": "b24b993fd6b4e43d3aa894d986fa618f",
                    "passes": 7077,
                    "fails": 0
                },
                "add to cart (page): status 200": {
                    "path": "::add to cart (page): status 200",
                    "id": "f0cd3e144cbac350e1e6ac88a1b85040",
                    "passes": 7077,
                    "fails": 0,
                    "name": "add to cart (page): status 200"
                },
                "cart page: status 200": {
                    "name": "cart page: status 200",
                    "path": "::cart page: status 200",
                    "id": "71a46f5b7a13213d2d57118ccbab0ff3",
                    "passes": 7077,
                    "fails": 0
                },
                "checkout page: status 200": {
                    "path": "::checkout page: status 200",
                    "id": "4b6b469e2b3feffe3383d401258f1fac",
                    "passes": 7077,
                    "fails": 0,