{
    "metrics": {
        "vus": {
            "min": 1,
            "max": 199,
            "value": 9
        },
        "http_req_receiving": {
            "p(90)": 1.5347,
            "p(95)": 2.5758,
            "avg": 0.5770364257888083,
            "min": 0,
            "med": 0,
            "max": 14.0563
        },
        "http_req_sending": {
            "avg": 0.0023939759036144554,
            "min": 0,
            "med": 0,
            "max": 13.0055,
            "p(90)": 0,
            "p(95)": 0
        },
        "http_req_waiting": {
            "avg": 19.361938061453575,
            "min": 0,
            "med": 7.3761,
            "max": 242.1758,
            "p(90)": 61.6692,
            "p(95)": 103.7296
        },
        "iterations": {
            "count": 7752,
            "rate": 64.11149726424902
        },
        "iteration_duration": {
            "min": 1111.6538,
            "med": 1144.7035999999998,
            "max": 1814.1236,
            "p(90)": 1401.8733700000003,
            "p(95)": 1475.29216,
            "avg": 1201.7188249355047
        },
        "http_reqs": {
            "count": 38761,
            "rate": 320.5657566382297
        },
        "http_req_connecting": {
            "min": 0,
            "med": 0,
            "max": 0.5708,
            "p(90)": 0,
            "p(95)": 0,
            "avg": 0.001020654781868373
        },
        "data_sent": {
            "count": 6051136,
            "rate": 50044.81283663555
        },
        "vus_max": {
            "max": 200,
            "value": 200,
            "min": 200
        },
        "http_req_failed": {
            "passes": 0,
            "fails": 38761,
            "thresholds": {
                "rate<0.05": false
            },
            "value": 0
        },
        "http_req_blocked": {
            "avg": 0.0017115399499496927,
            "min": 0,
            "med": 0,
            "max": 1.6329,
            "p(90)": 0,
            "p(95)": 0
        },
        "data_received": {
            "count": 41596112,
            "rate": 344013.03156493756
        },
        "http_req_duration{expected_response:true}": {
            "p(90)": 62.0497,
            "p(95)": 104.0146,
            "avg": 19.94136846314599,
            "min": 0,
            "med": 8.6888,
            "max": 248.8349
        },
        "checks": {
            "passes": 46512,
            "fails": 0,
            "value": 1
        },
        "http_req_duration": {
            "avg": 19.94136846314599,
            "min": 0,
            "med": 8.6888,
            "max": 248.8349,
            "p(90)": 62.0497,
            "p(95)": 104.0146,
            "thresholds": {
                "p(95)<2000": false
            }
        },
        "http_req_tls_handshaking": {
            "p(95)": 0,
            "avg": 0,
            "min": 0,
            "med": 0,
            "max": 0,
            "p(90)": 0
        }
    },
    "setup_data": {
        "productCount": 1000
    },
    "root_group": {
        "groups": {},
        "checks": {
                "create order: status 201": {
                    "name": "create order: status 201",
                    "path": "::create order: status 201",
                    "id": "1bcfa49d77d46f40d66acd4c4ffcf2a7",
                    "passes": 7752,
                    "fails": 0
                },
                "get order by id: status 200": {
                    "path": "::get order by id: status 200",
                    "id": "05229a3c72e644b755b6ef58616276b1",
                    "passes": 7752,
                    "fails": 0,
                    "name": "get order by id: status 200"
                },
                "orders by customer: status 200": {
                    "id": "a40d104ad4af89a1b8cd3ee45a9c83f6",
                    "passes": 7752,
                    "fails": 0,
                    "name": "orders by customer: status 200",
                    "path": "::orders by customer: status 200"
                },
                "orders by customer: has results": {
                    "path": "::orders by customer: has results",
                    "id": "cd29285d74105a7d0fdc6b8d68cd484b",
                    "passes": 7752,
                    "fails": 0,
                    "name": "orders by customer: has results"
                },
                "update to Shipped: status 200 or 204": {
                    "path": "::update to Shipped: status 200 or 204",
                    "id": "0612ab64fd42e505efc3b1aa01182531",
                    "passes": 7752,
                    "fails": 0,
                    "name": "update to Shipped: status 200 or 204"
                },
                "update to Delivered: status 200 or 204": {
                    "name": "update to Delivered: status 200 or 204",
                    "path": "::update to Delivered: status 200 or 204",
                    "id": "9a46f2a8c6f6049e49f5299369175bd4",
                    "passes": 7752,
                    "fails": 0
                }
            },
        "name": "",
        "path": "",
        "id": "d41d8cd98f00b204e9800998ecf8427e"
    }
}