{
    "root_group": {
        "name": "",
        "path": "",
        "id": "d41d8cd98f00b204e9800998ecf8427e",
        "groups": {},
        "checks": {
                "status is 200 or 404": {
                    "path": "::status is 200 or 404",
                    "id": "ef1456c8a1788ec4ce69f9b568c28265",
                    "passes": 25378,
                    "fails": 0,
                    "name": "status is 200 or 404"
                }
            }
    },
    "metrics": {
        "http_req_failed": {
            "passes": 0,
            "fails": 25378,
            "thresholds": {
                "rate<0.05": false
            },
            "value": 0
        },
        "http_req_waiting": {
            "p(95)": 256.7874699999989,
            "avg": 50.487400457089024,
            "min": 0,
            "med": 3.30265,
            "max": 1445.0178,
            "p(90)": 155.05598999999995
        },
        "iteration_duration": {
            "p(90)": 487.8309299999999,
            "p(95)": 598.7670399999997,
            "avg": 363.9241850421646,
            "min": 300.0024,
            "med": 304.955,
            "max": 2504.8243
        },
        "vus_max": {
            "value": 200,
            "min": 200,
            "max": 200
        },
        "data_sent": {
            "count": 2207577,
            "rate": 18362.8588335454
        },
        "http_req_receiving": {
            "min": 0,
            "med": 0,
            "max": 1506.9948,
            "p(90)": 3.0400699999999996,
            "p(95)": 58.79509999999998,
            "avg": 10.803954184726955
        },
        "http_req_blocked": {
            "max": 63.3443,
            "p(90)": 0,
            "p(95)": 0,
            "avg": 0.015288123571597437,
            "min": 0,
            "med": 0
        },
        "data_received": {
            "count": 19219338580,
            "rate": 159868489.85047993
        },
        "vus": {
            "value": 3,
            "min": 1,
            "max": 199
        },
        "http_req_duration{expected_response:true}": {
            "p(95)": 297.5559899999998,
            "avg": 61.3122347308691,
            "min": 0,
            "med": 3.8327999999999998,
            "max": 2203.6943,
            "p(90)": 184.14252999999982
        },
        "http_req_tls_handshaking": {
            "min": 0,
            "med": 0,
            "max": 0,
            "p(90)": 0,
            "p(95)": 0,
            "avg": 0
        },
        "http_req_connecting": {
            "p(95)": 0,
            "avg": 0.009273382457246435,
            "min": 0,
            "med": 0,
            "max": 63.3443,
            "p(90)": 0
        },
        "http_reqs": {
            "count": 25378,
            "rate": 211.0968865311222
        },
        "checks": {
            "passes": 25378,
            "fails": 0,
            "value": 1
        },
        "iterations": {
            "count": 25378,
            "rate": 211.0968865311222
        },
        "http_req_duration": {
            "avg": 61.3122347308691,
            "min": 0,
            "med": 3.8327999999999998,
            "max": 2203.6943,
            "p(90)": 184.14252999999982,
            "p(95)": 297.5559899999998,
            "thresholds": {
                "p(95)<1000": false
            }
        },
        "http_req_sending": {
            "p(90)": 0,
            "p(95)": 0,
            "avg": 0.020880089053510905,
            "min": 0,
            "med": 0,
            "max": 49.0086
        }
    }
}