{
    "metrics": {
        "data_sent": {
            "count": 4938689,
            "rate": 40766.1169559776
        },
        "iteration_duration": {
            "max": 1471.0382,
            "p(90)": 1375.4148,
            "p(95)": 1390.0825,
            "avg": 1334.2625971637287,
            "min": 1314.4118,
            "med": 1322.9899
        },
        "http_req_sending": {
            "avg": 0.004139047914627449,
            "min": 0,
            "med": 0,
            "max": 7.5741,
            "p(90)": 0,
            "p(95)": 0
        },
        "iterations": {
            "rate": 57.624252604219386,
            "count": 6981
        },
        "http_req_connecting": {
            "min": 0,
            "med": 0,
            "max": 1.1973,
            "p(90)": 0,
            "p(95)": 0,
            "avg": 0.0009879724019385486
        },
        "http_req_waiting": {
            "avg": 4.508866743858465,
            "min": 0,
            "med": 1.0346,
            "max": 143.2956,
            "p(90)": 12.539340000000003,
            "p(95)": 17.6355
        },
        "http_req_duration{expected_response:true}": {
            "p(90)": 14.784200000000002,
            "p(95)": 19.81030999999996,
            "avg": 5.152123198128322,
            "min": 0,
            "med": 1.087,
            "max": 145.3895
        },
        "http_req_tls_handshaking": {
            "max": 0,
            "p(90)": 0,
            "p(95)": 0,
            "avg": 0,
            "min": 0,
            "med": 0
        },
        "http_req_duration": {
            "avg": 5.152123198128322,
            "min": 0,
            "med": 1.087,
            "max": 145.3895,
            "p(90)": 14.784200000000002,
            "p(95)": 19.81030999999996,
            "thresholds": {
                "p(95)<1500": false
            }
        },
        "data_received": {
            "rate": 24044566.94860329,
            "count": 2912924928
        },
        "checks": {
            "passes": 48867,
            "fails": 0,
            "value": 1
        },
        "http_req_receiving": {
            "avg": 0.6391174063551889,
            "min": 0,
            "med": 0,
            "max": 125.7694,
            "p(90)": 2.0749,
            "p(95)": 2.6679299999999944
        },
        "http_req_failed": {
            "passes": 0,
            "fails": 41887,
            "thresholds": {
                "rate<0.03": false
            },
            "value": 0
        },
        "http_reqs": {
            "count": 41887,
            "rate": 345.7537700663139
        },
        "vus_max": {
            "value": 200,
            "min": 200,
            "max": 200
        },
        "http_req_blocked": {
            "min": 0,
            "med": 0,
            "max": 1.8729,
            "p(90)": 0,
            "p(95)": 0,
            "avg": 0.002406529472151266
        },
        "vus": {
            "value": 1,
            "min": 1,
            "max": 199
        }
    },
    "root_group": {
        "checks": {
            "create review: status 201": {
                "name": "create review: status 201",
                "path": "::create review: status 201",
                "id": "c932329e2b3295bcd8e6c629e7ac0d13",
                "passes": 6981,
                "fails": 0
            },
            "list all reviews: status 200": {
                "name": "list all reviews: status 200",
                "path": "::list all reviews: status 200",
                "id": "f4e88e6d43443e544640686b0ffab8b2",
                "passes": 6981,
                "fails": 0
            },
            "get review by id: status 200": {
                "path": "::get review by id: status 200",
                "id": "1f3a78c739c7c8c3e5a40d8e733fd292",
                "passes": 6981,
                "fails": 0,
                "name": "get review by id: status 200"
            },
            "get review by id: rating matches": {
                "id": "a1950b9cde3cedc5615a7e443c239f01",
                "passes": 6981,
                "fails": 0,
                "name": "get review by id: rating matches",
                "path": "::get review by id: rating matches"
            },
            "reviews by product: status 200": {
                "fails": 0,
                "name": "reviews by product: status 200",
                "path": "::reviews by product: status 200",
                "id": "ff38d5a6484e85363435e2bde0050fd7",
                "passes": 6981
            },
            "average rating: status 200": {
                "passes": 6981,
                "fails": 0,
                "name": "average rating: status 200",
                "path": "::average rating: status 200",
                "id": "410881361114124b5478d42656b0fe57"
            },
            "delete review: status 200 or 204": {
                "name": "delete review: status 200 or 204",
                "path": "::delete review: status 200 or 204",
                "id": "57b5378af40d81f36ee360a25b812e46",
                "passes": 6981,
                "fails": 0
            }
        },
        "name": "",
        "path": "",
        "id": "d41d8cd98f00b204e9800998ecf8427e",
        "groups": {}
    }
}