{
    "metrics": {
        "http_req_failed": {
            "passes": 0,
            "fails": 148644,
            "thresholds": {
                "rate<0.05": false
            },
            "value": 0
        },
        "http_reqs": {
            "count": 148644,
            "rate": 1238.430047018351
        },
        "http_req_waiting": {
            "avg": 160.70899920346403,
            "min": 0.5041,
            "med": 112.93865,
            "max": 878.234,
            "p(90)": 392.74632,
            "p(95)": 499.0614400000002
        },
        "http_req_receiving": {
            "max": 164.0628,
            "p(90)": 4.138900000000024,
            "p(95)": 31.446185000000003,
            "avg": 3.413021378595881,
            "min": 0,
            "med": 0
        },
        "data_sent": {
            "rate": 249573.98119691203,
            "count": 29955406
        },
        "data_received": {
            "count": 3809995797,
            "rate": 31743045.625914462
        },
        "http_req_connecting": {
            "max": 10.3662,
            "p(90)": 0,
            "p(95)": 0,
            "avg": 0.000559840289550873,
            "min": 0,
            "med": 0
        },
        "checks": {
            "passes": 148644,
            "fails": 0,
            "value": 1
        },
        "http_req_duration": {
            "avg": 164.1280657389474,
            "min": 0.5059,
            "med": 120.97615,
            "max": 879.2546,
            "p(90)": 393.1660800000001,
            "p(95)": 499.673035,
            "thresholds": {
                "p(95)<2000": false
            }
        },
        "http_req_blocked": {
            "avg": 0.0021767686553106733,
            "min": 0,
            "med": 0,
            "max": 10.3662,
            "p(90)": 0,
            "p(95)": 0
        },
        "iteration_duration": {
            "avg": 2957.074570356017,
            "min": 32.3459,
            "med": 2628.26915,
            "max": 7255.0457,
            "p(90)": 6468.83411,
            "p(95)": 6916.418584999999
        },
        "http_req_sending": {
            "avg": 0.006045156884906229,
            "min": 0,
            "med": 0,
            "max": 5.6452,
            "p(90)": 0,
            "p(95)": 0
        },
        "vus": {
            "value": 2,
            "min": 1,
            "max": 500
        },
        "iterations": {
            "count": 8258,
            "rate": 68.80166927879728
        },
        "vus_max": {
            "min": 500,
            "max": 500,
            "value": 500
        },
        "http_req_duration{expected_response:true}": {
            "avg": 164.1280657389474,
            "min": 0.5059,
            "med": 120.97615,
            "max": 879.2546,
            "p(90)": 393.1660800000001,
            "p(95)": 499.673035
        },
        "http_req_tls_handshaking": {
            "p(95)": 0,
            "avg": 0,
            "min": 0,
            "med": 0,
            "max": 0,
            "p(90)": 0
        }
    },
    "root_group": {
        "id": "d41d8cd98f00b204e9800998ecf8427e",
        "groups": {},
        "checks": {
                "list products: status 200": {
                    "id": "924a40c79df3d6bc39fdcdfcc923816e",
                    "passes": 8258,
                    "fails": 0,
                    "name": "list products: status 200",
                    "path": "::list products: status 200"
                },
                "list products: has data": {
                    "name": "list products: has data",
                    "path": "::list products: has data",
                    "id": "4290724cf781171eb17f384ed5f458d4",
                    "passes": 8258,
                    "fails": 0
                },
                "get product: status 200 or 404": {
                    "path": "::get product: status 200 or 404",
                    "id": "2cbbbbbba72fe3cd0c1b28772a24e4c9",
                    "passes": 8258,
                    "fails": 0,
                    "name": "get product: status 200 or 404"
                },
                "search: status 200": {
                    "fails": 0,
                    "name": "search: status 200",
                    "path": "::search: status 200",
                    "id": "cd68838b4cc6f7786becc08340f51f71",
                    "passes": 8258
                },
                "category filter: status 200": {
                    "name": "category filter: status 200",
                    "path": "::category filter: status 200",
                    "id": "08bdd22fe49b26bd9062a4063e91365b",
                    "passes": 8258,
                    "fails": 0
                },
                "reviews by product: status 200": {
                    "path": "::reviews by product: status 200",
                    "id": "ff38d5a6484e85363435e2bde0050fd7",
                    "passes": 8258,
                    "fails": 0,
                    "name": "reviews by product: status 200"
                },
                "average rating: status 200": {
                    "name": "average rating: status 200",
                    "path": "::average rating: status 200",
                    "id": "410881361114124b5478d42656b0fe57",
                    "passes": 8258,
                    "fails": 0
                },
                "add to cart: status 200 or 201": {
                    "fails": 0,
                    "name": "add to cart: status 200 or 201",
                    "path": "::add to cart: status 200 or 201",
                    "id": "1788e10b98590b202bef7a8dbc573220",
                    "passes": 8258
                },
                "get cart: status 200": {
                    "passes": 8258,
                    "fails": 0,
                    "name": "get cart: status 200",
                    "path": "::get cart: status 200",
                    "id": "28c7dad2666418e7df7959192396d5c0"
                },
                "create order: status 201": {
                    "name": "create order: status 201",
                    "path": "::create order: status 201",
                    "id": "1bcfa49d77d46f40d66acd4c4ffcf2a7",
                    "passes": 8258,
                    "fails": 0
                },
                "home page: status 200": {
                    "name": "home page: status 200",
                    "path": "::home page: status 200",
                    "id": "8d960afda292b63e7c50c7370794be43",
                    "passes": 8258,
                    "fails": 0
                },
                "products page: status 200": {
                    "name": "products page: status 200",
                    "path": "::products page: status 200",
                    "id": "d3ec3a910ae752d937097964558034ff",
                    "passes": 8258,
                    "fails": 0
                },
                "product detail page: status 200": {
                    "name": "product detail page: status 200",
                    "path": "::product detail page: status 200",
                    "id": "b24b993fd6b4e43d3aa894d986fa618f",
                    "passes": 8258,
                    "fails": 0
                },
                "add to cart (page): status 200": {
                    "id": "f0cd3e144cbac350e1e6ac88a1b85040",
                    "passes": 8258,
                    "fails": 0,
                    "name": "add to cart (page): status 200",
                    "path": "::add to cart (page): status 200"
                },
                "cart page: status 200": {
                    "path": "::cart page: status 200",
                    "id": "71a46f5b7a13213d2d57118ccbab0ff3",
                    "passes": 8258,
                    "fails": 0,
                    "name": "cart page: status 200"
                },
                "checkout page: status 200": {
                    "name": "checkout page: status 200",
                    "path": "::checkout page: status 200",