{
    "metrics": {
        "http_req_blocked": {
            "min": 0,
            "med": 0,
            "max": 14.8235,
            "p(90)": 0,
            "p(95)": 0,
            "avg": 0.0013359660766961658
        },
        "http_req_connecting": {
            "avg": 0.00027914638643067844,
            "min": 0,
            "med": 0,
            "max": 0.6089,
            "p(90)": 0,
            "p(95)": 0
        },
        "http_reqs": {
            "rate": 446.7388834897233,
            "count": 54240
        },
        "data_received": {
            "count": 832922675,
            "rate": 6860231.302779751
        },
        "checks": {
            "passes": 49720,
            "fails": 0,
            "value": 1
        },
        "vus_max": {
            "value": 200,
            "min": 200,
            "max": 200
        },
        "http_req_failed": {
            "passes": 0,
            "fails": 54240,
            "thresholds": {
                "rate<0.05": false
            },
            "value": 0
        },
        "iterations": {
            "count": 4520,
            "rate": 37.22824029081028
        },
        "iteration_duration": {
            "p(95)": 2352.88655,
            "avg": 2075.5040144690265,
            "min": 2021.5301,
            "med": 2031.40875,
            "max": 2469.5848,
            "p(90)": 2273.91016
        },
        "http_req_duration": {
            "med": 2.48115,
            "max": 122.6835,
            "p(90)": 20.80302,
            "p(95)": 30.04151499999999,
            "avg": 5.98381770280231,
            "min": 0,
            "thresholds": {
                "p(95)<3000": false
            }
        },
        "http_req_tls_handshaking": {
            "min": 0,
            "med": 0,
            "max": 0,
            "p(90)": 0,
            "p(95)": 0,
            "avg": 0
        },
        "http_req_receiving": {
            "avg": 0.3495365800147466,
            "min": 0,
            "med": 0,
            "max": 14.9791,
            "p(90)": 1.1550199999999997,
            "p(95)": 1.7915099999999993
        },
        "vus": {
            "max": 199,
            "value": 3,
            "min": 1
        },
        "data_sent": {
            "count": 16139658,
            "rate": 132931.65182201294
        },
        "http_req_duration{expected_response:true}": {
            "max": 122.6835,
            "p(90)": 20.80302,
            "p(95)": 30.04151499999999,
            "avg": 5.98381770280231,
            "min": 0,
            "med": 2.48115
        },
        "http_req_waiting": {
            "p(90)": 20.186,
            "p(95)": 29.885724999999965,
            "avg": 5.631581817846594,
            "min": 0,
            "med": 1.9978,
            "max": 122.6835
        },
        "http_req_sending": {
            "med": 0,
            "max": 5.5055,
            "p(90)": 0,
            "p(95)": 0,
            "avg": 0.00269930494100295,
            "min": 0
        }
    },
    "root_group": {
        "name": "",
        "path": "",
        "id": "d41d8cd98f00b204e9800998ecf8427e",
        "groups": {},
        "checks": {
                "home: status 200": {
                    "fails": 0,
                    "name": "home: status 200",
                    "path": "::home: status 200",
                    "id": "797ccedec8c86720a3b12b7d6a1695d9",
                    "passes": 4520
                },
                "products: status 200": {
                    "name": "products: status 200",
                    "path": "::products: status 200",
                    "id": "00d9ade6020028464fb7795d42f375de",
                    "passes": 4520,
                    "fails": 0
                },
                "search: status 200": {
                    "name": "search: status 200",
                    "path": "::search: status 200",
                    "id": "cd68838b4cc6f7786becc08340f51f71",
                    "passes": 4520,
                    "fails": 0
                },
                "category filter: status 200": {
                    "id": "08bdd22fe49b26bd9062a4063e91365b",
                    "passes": 4520,
                    "fails": 0,
                    "name": "category filter: status 200",
                    "path": "::category filter: status 200"
                },
                "detail: status 200": {
                    "name": "detail: status 200",
                    "path": "::detail: status 200",
                    "id": "2d2bf01d9f31c3b8b35b2cc3644cc1c3",
                    "passes": 4520,
                    "fails": 0
                },
                "add to cart: status 200": {
                    "id": "e4cde9d6761bb2afde2298dd9165b80e",
                    "passes": 4520,
                    "fails": 0,
                    "name": "add to cart: status 200",
                    "path": "::add to cart: status 200"
                },
                "add second item: status 200": {
                    "id": "fc2779a520bbade54e1c5ee4555006f4",
                    "passes": 4520,
                    "fails": 0,
                    "name": "add second item: status 200",
                    "path": "::add second item: status 200"
                },
                "cart page: status 200": {
                    "name": "cart page: status 200",
                    "path": "::cart page: status 200",
                    "id": "71a46f5b7a13213d2d57118ccbab0ff3",
                    "passes": 4520,
                    "fails": 0
                },
                "checkout page: status 200": {
                    "name": "checkout page: status 200",
                    "path": "::checkout page: status 200",
                    "id": "4b6b469e2b3feffe3383d401258f1fac",
                    "passes": 4520,
                    "fails": 0
                },
                "checkout submit: status 200": {
                    "id": "231aef0da674621d55d3389af9895e8b",
                    "passes": 4520,
                    "fails": 0,
                    "name": "checkout submit: status 200",
                    "path": "::checkout submit: status 200"
                },
                "orders page: status 200": {
                    "path": "::orders page: status 200",
                    "id": "327fb5b5110703aef832d58310868356",
                    "passes": 4520,
                    "fails": 0,
                    "name": "orders page: status 200"
                }
            }
    }
}