{
    "metrics": {
        "http_req_waiting": {
            "p(90)": 39.31144,
            "p(95)": 43.370829999999984,
            "avg": 23.973377158882354,
            "min": 0,
            "med": 21.7665,
            "max": 93.1836
        },
        "iterations": {
            "count": 9271,
            "rate": 196.58986621628088
        },
        "data_sent": {
            "count": 4068491,
            "rate": 86271.61054817634
        },
        "http_req_duration{expected_response:true}": {
            "max": 93.1836,
            "p(90)": 40.24422,
            "p(95)": 43.94011,
            "avg": 27.374773075180677,
            "min": 0,
            "med": 28.037
        },
        "http_req_sending": {
            "avg": 0.007328961277100641,
            "min": 0,
            "med": 0,
            "max": 3.3487,
            "p(90)": 0,
            "p(95)": 0
        },
        "iteration_duration": {
            "avg": 337.4614383561656,
            "min": 210.6742,
            "med": 342.2024,
            "max": 429.2291,
            "p(90)": 365.7667,
            "p(95)": 373.52855
        },
        "http_req_connecting": {
            "min": 0,
            "med": 0,
            "max": 0.5691,
            "p(90)": 0,
            "p(95)": 0,
            "avg": 0.00019877035918455395
        },
        "http_reqs": {
            "count": 46355,
            "rate": 982.9493310814044
        },
        "http_req_receiving": {
            "max": 45.0587,
            "p(90)": 10.3851,
            "p(95)": 12.1895,
            "avg": 3.3940669550210076,
            "min": 0,
            "med": 0.3494
        },
        "http_req_blocked": {
            "avg": 0.0018988027181533822,
            "min": 0,
            "med": 0,
            "max": 1.5124,
            "p(90)": 0,
            "p(95)": 0
        },
        "http_req_tls_handshaking": {
            "p(90)": 0,
            "p(95)": 0,
            "avg": 0,
            "min": 0,
            "med": 0,
            "max": 0
        },
        "checks": {
            "fails": 0,
            "passes": 46355,
            "value": 1
        },
        "vus": {
            "value": 1,
            "min": 1,
            "max": 100
        },
        "data_received": {
            "count": 3267266563,
            "rate": 69281792.31076452
        },
        "vus_max": {
            "value": 100,
            "min": 100,
            "max": 100
        },
        "http_req_failed": {
            "passes": 0,
            "fails": 46355,
            "thresholds": {
                "rate<0.10": false
            },
            "value": 0
        },
        "http_req_duration": {
            "med": 28.037,
            "max": 93.1836,
            "p(90)": 40.24422,
            "p(95)": 43.94011,
            "avg": 27.374773075180677,
            "min": 0,
            "thresholds": {
                "p(95)<2000": false
            }
        }
    },
    "root_group": {
        "path": "",
        "id": "d41d8cd98f00b204e9800998ecf8427e",
        "groups": {},
        "checks": {
                "list: status 200": {
                    "name": "list: status 200",
                    "path": "::list: status 200",
                    "id": "ae210d7a519f353e769d3b3d185c78c3",
                    "passes": 9271,
                    "fails": 0
                },
                "search: status 200": {
                    "name": "search: status 200",
                    "path": "::search: status 200",
                    "id": "cd68838b4cc6f7786becc08340f51f71",
                    "passes": 9271,
                    "fails": 0
                },
                "reviews: status 200": {
                    "id": "b08007dd4d1dafe552104d04bed0f5a0",
                    "passes": 9271,
                    "fails": 0,
                    "name": "reviews: status 200",
                    "path": "::reviews: status 200"
                },
                "home page: status 200": {
                    "name": "home page: status 200",
                    "path": "::home page: status 200",
                    "id": "8d960afda292b63e7c50c7370794be43",
                    "passes": 9271,
                    "fails": 0
                },
                "detail page: status 200": {
                    "id": "524bbb29a3adff2402c98e609fee384d",
                    "passes": 9271,
                    "fails": 0,
                    "name": "detail page: status 200",
                    "path": "::detail page: status 200"
                }
            },
        "name": ""
    }
}