{
    "metrics": {
        "data_sent": {
            "count": 26659763,
            "rate": 222082.80436969444
        },
        "http_req_tls_handshaking": {
            "avg": 0,
            "min": 0,
            "med": 0,
            "max": 0,
            "p(90)": 0,
            "p(95)": 0
        },
        "http_req_receiving": {
            "avg": 5.967390143783737,
            "min": 0,
            "med": 0,
            "max": 734.2888,
            "p(90)": 27.562170000000012,
            "p(95)": 38.20948999999996
        },
        "iteration_duration": {
            "max": 7797.9432,
            "p(90)": 6937.47416,
            "p(95)": 7269.324719999999,
            "avg": 3331.1462212273777,
            "min": 61.4248,
            "med": 3069.0854
        },
        "data_received": {
            "count": 5740264795,
            "rate": 47817908.33992895
        },
        "vus": {
            "value": 4,
            "min": 1,
            "max": 500
        },
        "http_req_duration": {
            "p(95)": 540.45525,
            "avg": 184.89380247199065,
            "min": 0,
            "med": 138.5063,
            "max": 1073.4072,
            "p(90)": 455.84108000000015,
            "thresholds": {
                "p(95)<2000": false
            }
        },
        "checks": {
            "passes": 132282,
            "fails": 0,
            "value": 1
        },
        "iterations": {
            "count": 7349,
            "rate": 61.219093707355334
        },
        "http_req_failed": {
            "passes": 0,
            "fails": 132282,
            "thresholds": {
                "rate<0.05": false
            },
            "value": 0
        },
        "http_req_duration{expected_response:true}": {
            "min": 0,
            "med": 138.5063,
            "max": 1073.4072,
            "p(90)": 455.84108000000015,
            "p(95)": 540.45525,
            "avg": 184.89380247199065
        },
        "http_req_blocked": {
            "min": 0,
            "med": 0,
            "max": 3.0148,
            "p(90)": 0,
            "p(95)": 0,
            "avg": 0.0026833560121558445
        },
        "http_req_connecting": {
            "p(95)": 0,
            "avg": 0.0008502774375954399,
            "min": 0,
            "med": 0,
            "max": 1.4611,
            "p(90)": 0
        },
        "http_req_sending": {
            "avg": 0.007494185149907016,
            "min": 0,
            "med": 0,
            "max": 5.7755,
            "p(90)": 0,
            "p(95)": 0
        },
        "vus_max": {
            "value": 500,
            "min": 500,
            "max": 500
        },
        "http_reqs": {
            "count": 132282,
            "rate": 1101.943686732396
        },
        "http_req_waiting": {
            "avg": 178.9189181430561,
            "min": 0,
            "med": 128.5905,
            "max": 883.5544,
            "p(90)": 449.00379000000015,
            "p(95)": 534.844785
        }
    },
    "root_group": {
        "path": "",
        "id": "d41d8cd98f00b204e9800998ecf8427e",
        "groups": {},
        "checks": {
                "list products: status 200": {
                    "name": "list products: status 200",
                    "path": "::list products: status 200",
                    "id": "924a40c79df3d6bc39fdcdfcc923816e",
                    "passes": 7349,
                    "fails": 0
                },
                "list products: has data": {
                    "id": "4290724cf781171eb17f384ed5f458d4",
                    "passes": 7349,
                    "fails": 0,
                    "name": "list products: has data",
                    "path": "::list products: has data"
                },
                "get product: status 200 or 404": {
                    "name": "get product: status 200 or 404",
                    "path": "::get product: status 200 or 404",
                    "id": "2cbbbbbba72fe3cd0c1b28772a24e4c9",
                    "passes": 7349,
                    "fails": 0
                },
                "search: status 200": {
                    "passes": 7349,
                    "fails": 0,
                    "name": "search: status 200",
                    "path": "::search: status 200",
                    "id": "cd68838b4cc6f7786becc08340f51f71"
                },
                "category filter: status 200": {
                    "passes": 7349,
                    "fails": 0,
                    "name": "category filter: status 200",
                    "path": "::category filter: status 200",
                    "id": "08bdd22fe49b26bd9062a4063e91365b"
                },
                "reviews by product: status 200": {
                    "passes": 7349,
                    "fails": 0,
                    "name": "reviews by product: status 200",
                    "path": "::reviews by product: status 200",
                    "id": "ff38d5a6484e85363435e2bde0050fd7"
                },
                "average rating: status 200": {
                    "passes": 7349,
                    "fails": 0,
                    "name": "average rating: status 200",
                    "path": "::average rating: status 200",
                    "id": "410881361114124b5478d42656b0fe57"
                },
                "add to cart: status 200 or 201": {
                    "name": "add to cart: status 200 or 201",
                    "path": "::add to cart: status 200 or 201",
                    "id": "1788e10b98590b202bef7a8dbc573220",
                    "passes": 7349,
                    "fails": 0
                },
                "get cart: status 200": {
                    "name": "get cart: status 200",
                    "path": "::get cart: status 200",
                    "id": "28c7dad2666418e7df7959192396d5c0",
                    "passes": 7349,
                    "fails": 0
                },
                "create order: status 201": {
                    "name": "create order: status 201",
                    "path": "::create order: status 201",
                    "id": "1bcfa49d77d46f40d66acd4c4ffcf2a7",
                    "passes": 7349,
                    "fails": 0
                },
                "home page: status 200": {
                    "path": "::home page: status 200",
                    "id": "8d960afda292b63e7c50c7370794be43",
                    "passes": 7349,
                    "fails": 0,
                    "name": "home page: status 200"
                },
                "products page: status 200": {
                    "id": "d3ec3a910ae752d937097964558034ff",
                    "passes": 7349,
                    "fails": 0,
                    "name": "products page: status 200",
                    "path": "::products page: status 200"
                },
                "product detail page: status 200": {
                    "fails": 0,
                    "name": "product detail page: status 200",
                    "path": "::product detail page: status 200",
                    "id": "b24b993fd6b4e43d3aa894d986fa618f",
                    "passes": 7349
                },
                "add to cart (page): status 200": {
                    "name": "add to cart (page): status 200",
                    "path": "::add to cart (page): status 200",
                    "id": "f0cd3e144cbac350e1e6ac88a1b85040",
                    "passes": 7349,
                    "fails": 0
                },
                "cart page: status 200": {
                    "id": "71a46f5b7a13213d2d57118ccbab0ff3",
                    "passes": 7349,
                    "fails": 0,
                    "name": "cart page: status 200",
                    "path": "::cart page: status 200"
                },
                "checkout page: status 200": {
                    "name": "checkout page: status 200",
                    "path": "::checkout page: status 200",