{
    "metrics": {
        "http_req_waiting": {
            "avg": 1.2800700365059334,
            "min": 0,
            "med": 1.0644,
            "max": 29.673,
            "p(90)": 2.4339,
            "p(95)": 2.9945
        },
        "iterations": {
            "count": 8382,
            "rate": 69.22883218814623
        },
        "http_req_connecting": {
            "avg": 0.0010124859822003773,
            "min": 0,
            "med": 0,
            "max": 0.5718,
            "p(90)": 0,
            "p(95)": 0
        },
        "http_req_tls_handshaking": {
            "max": 0,
            "p(90)": 0,
            "p(95)": 0,
            "avg": 0,
            "min": 0,
            "med": 0
        },
        "data_received": {
            "count": 46550369,
            "rate": 384470.01715548604
        },
        "http_req_receiving": {
            "avg": 0.24979173963875928,
            "min": 0,
            "med": 0,
            "max": 13.1724,
            "p(90)": 0.8366,
            "p(95)": 1.2255
        },
        "http_req_duration": {
            "p(90)": 2.7003,
            "p(95)": 3.20655,
            "avg": 1.5326608026532542,
            "min": 0,
            "med": 1.2782,
            "max": 29.7425,
            "thresholds": {
                "p(95)<2000": false
            }
        },
        "data_sent": {
            "count": 6544530,
            "rate": 54052.7522214613
        },
        "http_reqs": {
            "count": 41911,
            "rate": 346.15242016671397
        },
        "checks": {
            "passes": 50292,
            "fails": 0,
            "value": 1
        },
        "http_req_failed": {
            "passes": 0,
            "fails": 41911,
            "thresholds": {
                "rate<0.05": false
            },
            "value": 0
        },
        "vus": {
            "value": 1,
            "min": 1,
            "max": 199
        },
        "vus_max": {
            "value": 200,
            "min": 200,
            "max": 200
        },
        "iteration_duration": {
            "max": 1137.6693,
            "p(90)": 1111.39541,
            "p(95)": 1112.14384,
            "avg": 1109.6169728346374,
            "min": 1104.5496,
            "med": 1109.42195
        },
        "http_req_blocked": {
            "avg": 0.0019487533105867177,
            "min": 0,
            "med": 0,
            "max": 0.5718,
            "p(90)": 0,
            "p(95)": 0
        },
        "http_req_duration{expected_response:true}": {
            "min": 0,
            "med": 1.2782,
            "max": 29.7425,
            "p(90)": 2.7003,
            "p(95)": 3.20655,
            "avg": 1.5326608026532542
        },
        "http_req_sending": {
            "p(95)": 0,
            "avg": 0.002799026508553845,
            "min": 0,
            "med": 0,
            "max": 2.0844,
            "p(90)": 0
        }
    },
    "setup_data": {
        "productCount": 1000
    },
    "root_group": {
        "groups": {},
        "checks": {
                "create order: status 201": {
                    "fails": 0,
                    "name": "create order: status 201",
                    "path": "::create order: status 201",
                    "id": "1bcfa49d77d46f40d66acd4c4ffcf2a7",
                    "passes": 8382
                },
                "get order by id: status 200": {
                    "name": "get order by id: status 200",
                    "path": "::get order by id: status 200",
                    "id": "05229a3c72e644b755b6ef58616276b1",
                    "passes": 8382,
                    "fails": 0
                },
                "orders by customer: status 200": {
                    "name": "orders by customer: status 200",
                    "path": "::orders by customer: status 200",
                    "id": "a40d104ad4af89a1b8cd3ee45a9c83f6",
                    "passes": 8382,
                    "fails": 0
                },
                "orders by customer: has results": {
                    "path": "::orders by customer: has results",
                    "id": "cd29285d74105a7d0fdc6b8d68cd484b",
                    "passes": 8382,
                    "fails": 0,
                    "name": "orders by customer: has results"
                },
                "update to Shipped: status 200 or 204": {
                    "name": "update to Shipped: status 200 or 204",
                    "path": "::update to Shipped: status 200 or 204",
                    "id": "0612ab64fd42e505efc3b1aa01182531",
                    "passes": 8382,
                    "fails": 0
                },
                "update to Delivered: status 200 or 204": {
                    "passes": 8382,
                    "fails": 0,
                    "name": "update to Delivered: status 200 or 204",
                    "path": "::update to Delivered: status 200 or 204",
                    "id": "9a46f2a8c6f6049e49f5299369175bd4"
                }
            },
        "name": "",
        "path": "",
        "id": "d41d8cd98f00b204e9800998ecf8427e"
    }
}