{
    "metrics": {
        "http_req_duration{expected_response:true}": {
            "p(90)": 456.5949200000002,
            "p(95)": 541.202655,
            "avg": 186.06975989107957,
            "min": 0,
            "med": 139.4854,
            "max": 1165.139
        },
        "http_req_sending": {
            "avg": 0.007691419465741746,
            "min": 0,
            "med": 0,
            "max": 5.5149,
            "p(90)": 0,
            "p(95)": 0
        },
        "vus_max": {
            "min": 500,
            "max": 500,
            "value": 500
        },
        "http_reqs": {
            "rate": 1094.657394166741,
            "count": 131472
        },
        "http_req_receiving": {
            "avg": 6.6142743002312425,
            "min": 0,
            "med": 0,
            "max": 627.4783,
            "p(90)": 29.692420000000016,
            "p(95)": 40.4011
        },
        "http_req_tls_handshaking": {
            "p(90)": 0,
            "p(95)": 0,
            "avg": 0,
            "min": 0,
            "med": 0,
            "max": 0
        },
        "iterations": {
            "count": 7304,
            "rate": 60.81429967593005
        },
        "data_sent": {
            "count": 26497559,
            "rate": 220623.01392478606
        },
        "data_received": {
            "count": 6315961406,
            "rate": 52587728.59886261
        },
        "http_req_failed": {
            "fails": 131472,
            "passes": 0,
            "thresholds": {
                "rate<0.05": false
            },
            "value": 0
        },
        "checks": {
            "passes": 131472,
            "fails": 0,
            "value": 1
        },
        "http_req_connecting": {
            "avg": 0.0012581675185590858,
            "min": 0,
            "med": 0,
            "max": 27.9024,
            "p(90)": 0,
            "p(95)": 0
        },
        "http_req_duration": {
            "max": 1165.139,
            "p(90)": 456.5949200000002,
            "p(95)": 541.202655,
            "avg": 186.06975989107957,
            "min": 0,
            "med": 139.4854,
            "thresholds": {
                "p(95)<2000": false
            }
        },
        "http_req_blocked": {
            "avg": 0.003233843708165996,
            "min": 0,
            "med": 0,
            "max": 27.9024,
            "p(90)": 0,
            "p(95)": 0
        },
        "http_req_waiting": {
            "avg": 179.44779417138082,
            "min": 0,
            "med": 128.95839999999998,
            "max": 905.6617,
            "p(90)": 448.3597,
            "p(95)": 531.907145
        },
        "iteration_duration": {
            "avg": 3352.421692031767,
            "min": 65.5801,
            "med": 3138.95185,
            "max": 8106.3858,
            "p(90)": 6980.84059,
            "p(95)": 7316.380145
        },
        "vus": {
            "value": 4,
            "min": 1,
            "max": 500
        }
    },
    "root_group": {
        "checks": {
            "list products: status 200": {
                "path": "::list products: status 200",
                "id": "924a40c79df3d6bc39fdcdfcc923816e",
                "passes": 7304,
                "fails": 0,
                "name": "list products: status 200"
            },
            "list products: has data": {
                "fails": 0,
                "name": "list products: has data",
                "path": "::list products: has data",
                "id": "4290724cf781171eb17f384ed5f458d4",
                "passes": 7304
            },
            "get product: status 200 or 404": {
                "passes": 7304,
                "fails": 0,
                "name": "get product: status 200 or 404",
                "path": "::get product: status 200 or 404",
                "id": "2cbbbbbba72fe3cd0c1b28772a24e4c9"
            },
            "search: status 200": {
                "name": "search: status 200",
                "path": "::search: status 200",
                "id": "cd68838b4cc6f7786becc08340f51f71",
                "passes": 7304,
                "fails": 0
            },
            "category filter: status 200": {
                "name": "category filter: status 200",
                "path": "::category filter: status 200",
                "id": "08bdd22fe49b26bd9062a4063e91365b",
                "passes": 7304,
                "fails": 0
            },
            "reviews by product: status 200": {
                "id": "ff38d5a6484e85363435e2bde0050fd7",
                "passes": 7304,
                "fails": 0,
                "name": "reviews by product: status 200",
                "path": "::reviews by product: status 200"
            },
            "average rating: status 200": {
                "passes": 7304,
                "fails": 0,
                "name": "average rating: status 200",
                "path": "::average rating: status 200",
                "id": "410881361114124b5478d42656b0fe57"
            },
            "add to cart: status 200 or 201": {
                "name": "add to cart: status 200 or 201",
                "path": "::add to cart: status 200 or 201",
                "id": "1788e10b98590b202bef7a8dbc573220",
                "passes": 7304,
                "fails": 0
            },
            "get cart: status 200": {
                "passes": 7304,
                "fails": 0,
                "name": "get cart: status 200",
                "path": "::get cart: status 200",
                "id": "28c7dad2666418e7df7959192396d5c0"
            },
            "create order: status 201": {
                "fails": 0,
                "name": "create order: status 201",
                "path": "::create order: status 201",
                "id": "1bcfa49d77d46f40d66acd4c4ffcf2a7",
                "passes": 7304
            },
            "home page: status 200": {
                "name": "home page: status 200",
                "path": "::home page: status 200",
                "id": "8d960afda292b63e7c50c7370794be43",
                "passes": 7304,
                "fails": 0
            },
            "products page: status 200": {
                "name": "products page: status 200",
                "path": "::products page: status 200",
                "id": "d3ec3a910ae752d937097964558034ff",
                "passes": 7304,
                "fails": 0
            },
            "product detail page: status 200": {
                "fails": 0,
                "name": "product detail page: status 200",
                "path": "::product detail page: status 200",
                "id": "b24b993fd6b4e43d3aa894d986fa618f",
                "passes": 7304
            },
            "add to cart (page): status 200": {
                "passes": 7304,
                "fails": 0,
                "name": "add to cart (page): status 200",
                "path": "::add to cart (page): status 200",
                "id": "f0cd3e144cbac350e1e6ac88a1b85040"
            },
            "cart page: status 200": {
                "path": "::cart page: status 200",
                "id": "71a46f5b7a13213d2d57118ccbab0ff3",
                "passes": 7304,
                "fails": 0,
                "name": "cart page: status 200"
            },
            "checkout page: status 200": {
                "path": "::checkout page: status 200",
                "id": "4b6b469e2b3feffe3383d401258f1fac",
                "passes": 7304,
                "fails": 0,
                "name": "checkout page: status 200"
            },
            "checkout submit: status 200": {
                "path": "::checkout submit: status 200",
                "id": "231aef0da674621d55d3389af9895e8b",
                "passes": 7304,
                "fails": 0,
                "name": "checkout submit: status 200"
            },
            "orders page: status 200": {
                "passes": 7304,
                "fails": 0,