{
    "metrics": {
        "http_req_failed": {
            "passes": 0,
            "fails": 27157,
            "thresholds": {
                "rate<0.03": false
            },
            "value": 0
        },
        "checks": {
            "passes": 31682,
            "fails": 0,
            "value": 1
        },
        "data_received": {
            "count": 1902201901,
            "rate": 15725739.139155233
        },
        "http_req_sending": {
            "max": 15.3201,
            "p(90)": 0,
            "p(95)": 0,
            "avg": 0.004676871524837059,
            "min": 0,
            "med": 0
        },
        "http_req_blocked": {
            "p(90)": 0,
            "p(95)": 0,
            "avg": 0.004913270979857868,
            "min": 0,
            "med": 0,
            "max": 16.1945
        },
        "http_req_duration{expected_response:true}": {
            "p(95)": 57.88997999999994,
            "avg": 126.01680695216695,
            "min": 0,
            "med": 1.1616,
            "max": 12039.3135,
            "p(90)": 22.210640000000005
        },
        "http_req_tls_handshaking": {
            "avg": 0,
            "min": 0,
            "med": 0,
            "max": 0,
            "p(90)": 0,
            "p(95)": 0
        },
        "http_req_duration": {
            "med": 1.1616,
            "max": 12039.3135,
            "p(90)": 22.210640000000005,
            "p(95)": 57.88997999999994,
            "avg": 126.01680695216695,
            "min": 0,
            "thresholds": {
                "p(95)<1500": false
            }
        },
        "http_reqs": {
            "count": 27157,
            "rate": 224.51028861737987
        },
        "http_req_receiving": {
            "med": 0,
            "max": 9056.2264,
            "p(90)": 2.1842400000000004,
            "p(95)": 2.9436799999999974,
            "avg": 1.361650270648447,
            "min": 0
        },
        "http_req_connecting": {
            "avg": 0.0027434952314320422,
            "min": 0,
            "med": 0,
            "max": 6.6167,
            "p(90)": 0,
            "p(95)": 0
        },
        "data_sent": {
            "count": 3201540,
            "rate": 26467.528424350494
        },
        "vus_max": {
            "max": 200,
            "value": 200,
            "min": 200
        },
        "http_req_waiting": {
            "avg": 124.65047980999505,
            "min": 0,
            "med": 1.0664,
            "max": 12036.1813,
            "p(90)": 19.268600000000006,
            "p(95)": 54.4736399999992
        },
        "iteration_duration": {
            "max": 13349.4948,
            "p(90)": 3945.5123,
            "p(95)": 6604.172275,
            "avg": 2059.7883465974382,
            "min": 1315.5618,
            "med": 1336.19985
        },
        "vus": {
            "value": 9,
            "min": 1,
            "max": 199
        },
        "iterations": {
            "count": 4526,
            "rate": 37.417003582216786
        }
    },
    "root_group": {
        "name": "",
        "path": "",
        "id": "d41d8cd98f00b204e9800998ecf8427e",
        "groups": {},
        "checks": {
                "create review: status 201": {
                    "name": "create review: status 201",
                    "path": "::create review: status 201",
                    "id": "c932329e2b3295bcd8e6c629e7ac0d13",
                    "passes": 4526,
                    "fails": 0
                },
                "list all reviews: status 200": {
                    "name": "list all reviews: status 200",
                    "path": "::list all reviews: status 200",
                    "id": "f4e88e6d43443e544640686b0ffab8b2",
                    "passes": 4526,
                    "fails": 0
                },
                "get review by id: status 200": {
                    "passes": 4526,
                    "fails": 0,
                    "name": "get review by id: status 200",
                    "path": "::get review by id: status 200",
                    "id": "1f3a78c739c7c8c3e5a40d8e733fd292"
                },
                "get review by id: rating matches": {
                    "passes": 4526,
                    "fails": 0,
                    "name": "get review by id: rating matches",
                    "path": "::get review by id: rating matches",
                    "id": "a1950b9cde3cedc5615a7e443c239f01"
                },
                "reviews by product: status 200": {
                    "path": "::reviews by product: status 200",
                    "id": "ff38d5a6484e85363435e2bde0050fd7",
                    "passes": 4526,
                    "fails": 0,
                    "name": "reviews by product: status 200"
                },
                "average rating: status 200": {
                    "name": "average rating: status 200",
                    "path": "::average rating: status 200",
                    "id": "410881361114124b5478d42656b0fe57",
                    "passes": 4526,
                    "fails": 0
                },
                "delete review: status 200 or 204": {
                    "id": "57b5378af40d81f36ee360a25b812e46",
                    "passes": 4526,
                    "fails": 0,
                    "name": "delete review: status 200 or 204",
                    "path": "::delete review: status 200 or 204"
                }
            }
    }
}