{
    "metrics": {
        "http_req_duration{expected_response:true}": {
            "avg": 24.490081958501992,
            "min": 0.153,
            "med": 10.1781,
            "max": 271.9653,
            "p(90)": 65.75038,
            "p(95)": 110.59578
        },
        "data_received": {
            "count": 200436365,
            "rate": 5762005.531890102
        },
        "http_req_waiting": {
            "avg": 23.337250835020313,
            "min": 0.129,
            "med": 9.39405,
            "max": 271.9653,
            "p(90)": 61.05902000000001,
            "p(95)": 108.08985999999997
        },
        "data_sent": {
            "count": 430592,
            "rate": 12378.36001459926
        },
        "checks": {
            "passes": 3952,
            "fails": 0,
            "value": 1
        },
        "iteration_duration": {
            "p(95)": 5391.560009999999,
            "avg": 5038.7236348684255,
            "min": 4849.1626,
            "med": 5004.36405,
            "max": 5418.2254,
            "p(90)": 5239.65432
        },
        "vus": {
            "value": 4,
            "min": 4,
            "max": 50
        },
        "http_req_failed": {
            "fails": 3952,
            "passes": 0,
            "thresholds": {
                "rate<0.01": false
            },
            "value": 0
        },
        "http_req_connecting": {
            "p(95)": 0,
            "avg": 0.020362550607287446,
            "min": 0,
            "med": 0,
            "max": 33.3283,
            "p(90)": 0
        },
        "http_req_tls_handshaking": {
            "p(90)": 0,
            "p(95)": 0,
            "avg": 0,
            "min": 0,
            "med": 0,
            "max": 0
        },
        "http_req_receiving": {
            "p(90)": 2.06419,
            "p(95)": 3.5869249999999946,
            "avg": 1.033466017206478,
            "min": 0,
            "med": 0,
            "max": 83.7268
        },
        "http_req_duration": {
            "p(95)": 110.59578,
            "avg": 24.490081958501992,
            "min": 0.153,
            "med": 10.1781,
            "max": 271.9653,
            "p(90)": 65.75038,
            "thresholds": {
                "p(95)<500": false
            }
        },
        "http_req_sending": {
            "max": 69.2908,
            "p(90)": 0,
            "p(95)": 0.04657999999999993,
            "avg": 0.11936510627530364,
            "min": 0,
            "med": 0
        },
        "http_reqs": {
            "rate": 113.60935358226878,
            "count": 3952
        },
        "iterations": {
            "count": 304,
            "rate": 8.739181044789905
        },
        "http_req_blocked": {
            "max": 34.6636,
            "p(90)": 0,
            "p(95)": 0,
            "avg": 0.09343114878542506,
            "min": 0,
            "med": 0
        },
        "vus_max": {
            "value": 50,
            "min": 50,
            "max": 50
        }
    },
    "root_group": {
        "checks": {
            "list products: status 200": {
                "id": "924a40c79df3d6bc39fdcdfcc923816e",
                "passes": 304,
                "fails": 0,
                "name": "list products: status 200",
                "path": "::list products: status 200"
            },
            "list products: has data": {
                "fails": 0,
                "name": "list products: has data",
                "path": "::list products: has data",
                "id": "4290724cf781171eb17f384ed5f458d4",
                "passes": 304
            },
            "get product: status 200 or 404": {
                "path": "::get product: status 200 or 404",
                "id": "2cbbbbbba72fe3cd0c1b28772a24e4c9",
                "passes": 304,
                "fails": 0,
                "name": "get product: status 200 or 404"
            },
            "search: status 200": {
                "passes": 304,
                "fails": 0,
                "name": "search: status 200",
                "path": "::search: status 200",
                "id": "cd68838b4cc6f7786becc08340f51f71"
            },
            "category filter: status 200": {
                "name": "category filter: status 200",
                "path": "::category filter: status 200",
                "id": "08bdd22fe49b26bd9062a4063e91365b",
                "passes": 304,
                "fails": 0
            },
            "reviews by product: status 200": {
                "id": "ff38d5a6484e85363435e2bde0050fd7",
                "passes": 304,
                "fails": 0,
                "name": "reviews by product: status 200",
                "path": "::reviews by product: status 200"
            },
            "average rating: status 200": {
                "id": "410881361114124b5478d42656b0fe57",
                "passes": 304,
                "fails": 0,
                "name": "average rating: status 200",
                "path": "::average rating: status 200"
            },
            "add to cart: status 200 or 201": {
                "path": "::add to cart: status 200 or 201",
                "id": "1788e10b98590b202bef7a8dbc573220",
                "passes": 304,
                "fails": 0,
                "name": "add to cart: status 200 or 201"
            },
            "get cart: status 200": {
                "fails": 0,
                "name": "get cart: status 200",
                "path": "::get cart: status 200",
                "id": "28c7dad2666418e7df7959192396d5c0",
                "passes": 304
            },
            "create order: status 201": {
                "fails": 0,
                "name": "create order: status 201",
                "path": "::create order: status 201",
                "id": "1bcfa49d77d46f40d66acd4c4ffcf2a7",
                "passes": 304
            },
            "home page: status 200": {
                "name": "home page: status 200",
                "path": "::home page: status 200",
                "id": "8d960afda292b63e7c50c7370794be43",
                "passes": 304,
                "fails": 0
            },
            "products page: status 200": {
                "passes": 304,
                "fails": 0,
                "name": "products page: status 200",
                "path": "::products page: status 200",
                "id": "d3ec3a910ae752d937097964558034ff"
            },
            "product detail page: status 200": {
                "name": "product detail page: status 200",
                "path": "::product detail page: status 200",
                "id": "b24b993fd6b4e43d3aa894d986fa618f",
                "passes": 304,
                "fails": 0
            }
        },
        "name": "",
        "path": "",
        "id": "d41d8cd98f00b204e9800998ecf8427e",
        "groups": {}
    }
}