{
    "metrics": {
        "iterations": {
            "count": 307,
            "rate": 8.81570638871198
        },
        "http_req_tls_handshaking": {
            "p(95)": 0,
            "avg": 0,
            "min": 0,
            "med": 0,
            "max": 0,
            "p(90)": 0
        },
        "checks": {
            "passes": 3991,
            "fails": 0,
            "value": 1
        },
        "iteration_duration": {
            "min": 4822.743,
            "med": 4993.1806,
            "max": 5352.902,
            "p(90)": 5251.72818,
            "p(95)": 5313.4529,
            "avg": 5032.372369381105
        },
        "http_req_failed": {
            "passes": 0,
            "fails": 3991,
            "thresholds": {
                "rate<0.01": false
            },
            "value": 0
        },
        "http_req_duration{expected_response:true}": {
            "med": 10.5863,
            "max": 253.9685,
            "p(90)": 65.7634,
            "p(95)": 105.2749,
            "avg": 23.994657253821092,
            "min": 0
        },
        "http_req_connecting": {
            "avg": 0.015295013781007269,
            "min": 0,
            "med": 0,
            "max": 6.6791,
            "p(90)": 0,
            "p(95)": 0
        },
        "http_reqs": {
            "count": 3991,
            "rate": 114.60418305325575
        },
        "data_sent": {
            "count": 434839,
            "rate": 12486.687134726804
        },
        "http_req_sending": {
            "med": 0,
            "max": 1.0379,
            "p(90)": 0,
            "p(95)": 0.048549999999999996,
            "avg": 0.014394838386369324,
            "min": 0
        },
        "vus_max": {
            "value": 50,
            "min": 50,
            "max": 50
        },
        "data_received": {
            "count": 202409698,
            "rate": 5812327.256664048
        },
        "vus": {
            "value": 7,
            "min": 7,
            "max": 50
        },
        "http_req_duration": {
            "p(95)": 105.2749,
            "avg": 23.994657253821092,
            "min": 0,
            "med": 10.5863,
            "max": 253.9685,
            "p(90)": 65.7634,
            "thresholds": {
                "p(95)<500": false
            }
        },
        "http_req_waiting": {
            "avg": 22.75437306439492,
            "min": 0,
            "med": 9.4344,
            "max": 253.5166,
            "p(90)": 62.1922,
            "p(95)": 98.4045
        },
        "http_req_receiving": {
            "avg": 1.225889351039839,
            "min": 0,
            "med": 0,
            "max": 100.8036,
            "p(90)": 2.2448,
            "p(95)": 3.5869
        },
        "http_req_blocked": {
            "avg": 0.03919571535955902,
            "min": 0,
            "med": 0,
            "max": 9.6794,
            "p(90)": 0,
            "p(95)": 0
        }
    },
    "root_group": {
        "name": "",
        "path": "",
        "id": "d41d8cd98f00b204e9800998ecf8427e",
        "groups": {},
        "checks": {
                "list products: status 200": {
                    "fails": 0,
                    "name": "list products: status 200",
                    "path": "::list products: status 200",
                    "id": "924a40c79df3d6bc39fdcdfcc923816e",
                    "passes": 307
                },
                "list products: has data": {
                    "name": "list products: has data",
                    "path": "::list products: has data",
                    "id": "4290724cf781171eb17f384ed5f458d4",
                    "passes": 307,
                    "fails": 0
                },
                "get product: status 200 or 404": {
                    "path": "::get product: status 200 or 404",
                    "id": "2cbbbbbba72fe3cd0c1b28772a24e4c9",
                    "passes": 307,
                    "fails": 0,
                    "name": "get product: status 200 or 404"
                },
                "search: status 200": {
                    "id": "cd68838b4cc6f7786becc08340f51f71",
                    "passes": 307,
                    "fails": 0,
                    "name": "search: status 200",
                    "path": "::search: status 200"
                },
                "category filter: status 200": {
                    "name": "category filter: status 200",
                    "path": "::category filter: status 200",
                    "id": "08bdd22fe49b26bd9062a4063e91365b",
                    "passes": 307,
                    "fails": 0
                },
                "reviews by product: status 200": {
                    "id": "ff38d5a6484e85363435e2bde0050fd7",
                    "passes": 307,
                    "fails": 0,
                    "name": "reviews by product: status 200",
                    "path": "::reviews by product: status 200"
                },
                "average rating: status 200": {
                    "name": "average rating: status 200",
                    "path": "::average rating: status 200",
                    "id": "410881361114124b5478d42656b0fe57",
                    "passes": 307,
                    "fails": 0
                },
                "add to cart: status 200 or 201": {
                    "name": "add to cart: status 200 or 201",
                    "path": "::add to cart: status 200 or 201",
                    "id": "1788e10b98590b202bef7a8dbc573220",
                    "passes": 307,
                    "fails": 0
                },
                "get cart: status 200": {
                    "name": "get cart: status 200",
                    "path": "::get cart: status 200",
                    "id": "28c7dad2666418e7df7959192396d5c0",
                    "passes": 307,
                    "fails": 0
                },
                "create order: status 201": {
                    "name": "create order: status 201",
                    "path": "::create order: status 201",
                    "id": "1bcfa49d77d46f40d66acd4c4ffcf2a7",
                    "passes": 307,
                    "fails": 0
                },
                "home page: status 200": {
                    "path": "::home page: status 200",
                    "id": "8d960afda292b63e7c50c7370794be43",
                    "passes": 307,
                    "fails": 0,
                    "name": "home page: status 200"
                },
                "products page: status 200": {
                    "name": "products page: status 200",
                    "path": "::products page: status 200",
                    "id": "d3ec3a910ae752d937097964558034ff",
                    "passes": 307,
                    "fails": 0
                },
                "product detail page: status 200": {
                    "id": "b24b993fd6b4e43d3aa894d986fa618f",
                    "passes": 307,
                    "fails": 0,
                    "name": "product detail page: status 200",
                    "path": "::product detail page: status 200"
                }
            }
    }
}