{
    "root_group": {
        "name": "",
        "path": "",
        "id": "d41d8cd98f00b204e9800998ecf8427e",
        "groups": {},
        "checks": {
                "status is 200 or 404": {
                    "name": "status is 200 or 404",
                    "path": "::status is 200 or 404",
                    "id": "ef1456c8a1788ec4ce69f9b568c28265",
                    "passes": 28112,
                    "fails": 0
                }
            }
    },
    "metrics": {
        "vus": {
            "value": 3,
            "min": 1,
            "max": 199
        },
        "http_req_failed": {
            "passes": 0,
            "fails": 28112,
            "thresholds": {
                "rate<0.05": false
            },
            "value": 0
        },
        "http_req_waiting": {
            "med": 9.334900000000001,
            "max": 457.6751,
            "p(90)": 69.51700000000001,
            "p(95)": 111.80574499999999,
            "avg": 25.307497598890368,
            "min": 0
        },
        "http_req_tls_handshaking": {
            "avg": 0,
            "min": 0,
            "med": 0,
            "max": 0,
            "p(90)": 0,
            "p(95)": 0
        },
        "http_req_receiving": {
            "max": 230.6549,
            "p(90)": 2.5195000000000016,
            "p(95)": 4.105349999999997,
            "avg": 1.4443703720830992,
            "min": 0,
            "med": 0
        },
        "data_received": {
            "count": 1733157134,
            "rate": 14414194.4657607
        },
        "vus_max": {
            "value": 200,
            "min": 200,
            "max": 200
        },
        "http_reqs": {
            "count": 28112,
            "rate": 233.79982511237483
        },
        "checks": {
            "passes": 28112,
            "fails": 0,
            "value": 1
        },
        "http_req_connecting": {
            "p(90)": 0,
            "p(95)": 0,
            "avg": 0.005027351309049519,
            "min": 0,
            "med": 0,
            "max": 33.5087
        },
        "iterations": {
            "rate": 233.79982511237483,
            "count": 28112
        },
        "http_req_blocked": {
            "p(95)": 0,
            "avg": 0.009739758821855446,
            "min": 0,
            "med": 0,
            "max": 33.5087,
            "p(90)": 0
        },
        "http_req_duration{expected_response:true}": {
            "avg": 26.761975487336507,
            "min": 0,
            "med": 10.422350000000002,
            "max": 458.1764,
            "p(90)": 73.17757,
            "p(95)": 117.01705999999989
        },
        "http_req_duration": {
            "avg": 26.761975487336507,
            "min": 0,
            "med": 10.422350000000002,
            "max": 458.1764,
            "p(90)": 73.17757,
            "p(95)": 117.01705999999989,
            "thresholds": {
                "p(95)<1000": false
            }
        },
        "http_req_sending": {
            "max": 18.4277,
            "p(90)": 0,
            "p(95)": 0,
            "avg": 0.010107516363118942,
            "min": 0,
            "med": 0
        },
        "data_sent": {
            "count": 2418922,
            "rate": 20117.513537296385
        },
        "iteration_duration": {
            "p(95)": 418.46107499999994,
            "avg": 328.04181959305555,
            "min": 300.0366,
            "med": 311.6995,
            "max": 762.6658,
            "p(90)": 374.76139
        }
    }
}