{
    "metrics": {
        "data_received": {
            "count": 2877962461,
            "rate": 23813928.18320807
        },
        "http_req_duration{expected_response:true}": {
            "avg": 8.354937415542553,
            "min": 0,
            "med": 1.6038,
            "max": 933.9144,
            "p(90)": 16.305140000000005,
            "p(95)": 28.79770000000002
        },
        "http_req_tls_handshaking": {
            "med": 0,
            "max": 0,
            "p(90)": 0,
            "p(95)": 0,
            "avg": 0,
            "min": 0
        },
        "http_req_waiting": {
            "avg": 7.664189867532027,
            "min": 0,
            "med": 1.3985,
            "max": 928.8885,
            "p(90)": 14.17472,
            "p(95)": 26.220240000000004
        },
        "http_req_duration": {
            "avg": 8.354937415542553,
            "min": 0,
            "med": 1.6038,
            "max": 933.9144,
            "p(90)": 16.305140000000005,
            "p(95)": 28.79770000000002,
            "thresholds": {
                "p(95)<1500": false
            }
        },
        "iterations": {
            "count": 6882,
            "rate": 56.94565373166552
        },
        "data_sent": {
            "count": 4868671,
            "rate": 40286.20355992469
        },
        "http_req_connecting": {
            "avg": 0.0011518489816675953,
            "min": 0,
            "med": 0,
            "max": 1.9712,
            "p(90)": 0,
            "p(95)": 0
        },
        "http_reqs": {
            "count": 41293,
            "rate": 341.6821969691463
        },
        "vus": {
            "value": 8,
            "min": 1,
            "max": 199
        },
        "vus_max": {
            "value": 200,
            "min": 200,
            "max": 200
        },
        "checks": {
            "passes": 48174,
            "fails": 0,
            "value": 1
        },
        "http_req_sending": {
            "p(95)": 0,
            "avg": 0.004410013803792407,
            "min": 0,
            "med": 0,
            "max": 16.7534,
            "p(90)": 0
        },
        "http_req_blocked": {
            "avg": 0.002412767297120577,
            "min": 0,
            "med": 0,
            "max": 2.7975,
            "p(90)": 0,
            "p(95)": 0
        },
        "http_req_receiving": {
            "min": 0,
            "med": 0,
            "max": 132.8614,
            "p(90)": 2.1421,
            "p(95)": 2.6715400000000002,
            "avg": 0.6863375342067652
        },
        "iteration_duration": {
            "min": 1315.2606,
            "med": 1329.5279,
            "max": 2252.7218,
            "p(90)": 1395.1654,
            "p(95)": 1414.34105,
            "avg": 1353.7285195437437
        },
        "http_req_failed": {
            "passes": 0,
            "fails": 41293,
            "thresholds": {
                "rate<0.03": false
            },
            "value": 0
        }
    },
    "root_group": {
        "name": "",
        "path": "",
        "id": "d41d8cd98f00b204e9800998ecf8427e",
        "groups": {},
        "checks": {
                "create review: status 201": {
                    "name": "create review: status 201",
                    "path": "::create review: status 201",
                    "id": "c932329e2b3295bcd8e6c629e7ac0d13",
                    "passes": 6882,
                    "fails": 0
                },
                "list all reviews: status 200": {
                    "name": "list all reviews: status 200",
                    "path": "::list all reviews: status 200",
                    "id": "f4e88e6d43443e544640686b0ffab8b2",
                    "passes": 6882,
                    "fails": 0
                },
                "get review by id: status 200": {
                    "id": "1f3a78c739c7c8c3e5a40d8e733fd292",
                    "passes": 6882,
                    "fails": 0,
                    "name": "get review by id: status 200",
                    "path": "::get review by id: status 200"
                },
                "get review by id: rating matches": {
                    "name": "get review by id: rating matches",
                    "path": "::get review by id: rating matches",
                    "id": "a1950b9cde3cedc5615a7e443c239f01",
                    "passes": 6882,
                    "fails": 0
                },
                "reviews by product: status 200": {
                    "path": "::reviews by product: status 200",
                    "id": "ff38d5a6484e85363435e2bde0050fd7",
                    "passes": 6882,
                    "fails": 0,
                    "name": "reviews by product: status 200"
                },
                "average rating: status 200": {
                    "name": "average rating: status 200",
                    "path": "::average rating: status 200",
                    "id": "410881361114124b5478d42656b0fe57",
                    "passes": 6882,
                    "fails": 0
                },
                "delete review: status 200 or 204": {
                    "name": "delete review: status 200 or 204",
                    "path": "::delete review: status 200 or 204",
                    "id": "57b5378af40d81f36ee360a25b812e46",
                    "passes": 6882,
                    "fails": 0
                }
            }
    }
}