{
    "metrics": {
        "checks": {
            "passes": 21618,
            "fails": 0,
            "value": 1
        },
        "data_sent": {
            "count": 4356469,
            "rate": 33558.76484582263
        },
        "http_req_duration{expected_response:true}": {
            "avg": 1454.2044924229783,
            "min": 1.2221,
            "med": 287.9524,
            "max": 25850.169,
            "p(90)": 2522.3172,
            "p(95)": 11230.34088
        },
        "iterations": {
            "count": 1201,
            "rate": 9.251546741141274
        },
        "http_req_connecting": {
            "avg": 0.0014044361180497729,
            "min": 0,
            "med": 0,
            "max": 4.2155,
            "p(90)": 0,
            "p(95)": 0
        },
        "http_req_receiving": {
            "max": 25602.1615,
            "p(90)": 6.2732,
            "p(95)": 63.8711,
            "avg": 28.879288458691818,
            "min": 0,
            "med": 0
        },
        "http_req_failed": {
            "passes": 0,
            "fails": 21618,
            "thresholds": {
                "rate<0.05": false
            },
            "value": 0
        },
        "http_req_blocked": {
            "avg": 0.0033115320566194846,
            "min": 0,
            "med": 0,
            "max": 4.7437,
            "p(90)": 0,
            "p(95)": 0
        },
        "vus": {
            "value": 271,
            "min": 1,
            "max": 500
        },
        "http_reqs": {
            "count": 21618,
            "rate": 166.52784134054292
        },
        "iteration_duration": {
            "med": 27024.5809,
            "max": 57656.7501,
            "p(90)": 43640.4616,
            "p(95)": 52316.245,
            "avg": 26180.493635886767,
            "min": 140.0806
        },
        "http_req_duration": {
            "p(90)": 2522.3172,
            "p(95)": 11230.34088,
            "avg": 1454.2044924229783,
            "min": 1.2221,
            "med": 287.9524,
            "max": 25850.169,
            "thresholds": {
                "p(95)<2000": true
            }
        },
        "http_req_sending": {
            "med": 0,
            "max": 1.0027,
            "p(90)": 0,
            "p(95)": 0,
            "avg": 0.007319465260431116,
            "min": 0
        },
        "http_req_tls_handshaking": {
            "p(90)": 0,
            "p(95)": 0,
            "avg": 0,
            "min": 0,
            "med": 0,
            "max": 0
        },
        "http_req_waiting": {
            "avg": 1425.3178844990327,
            "min": 0.5071,
            "med": 270.9193,
            "max": 25850.169,
            "p(90)": 2508.5733,
            "p(95)": 11216.125615
        },
        "vus_max": {
            "value": 500,
            "min": 500,
            "max": 500
        },
        "data_received": {
            "count": 839792709,
            "rate": 6469093.6720925495
        }
    },
    "root_group": {
        "name": "",
        "path": "",
        "id": "d41d8cd98f00b204e9800998ecf8427e",
        "groups": {},
        "checks": {
                "list products: status 200": {
                    "name": "list products: status 200",
                    "path": "::list products: status 200",
                    "id": "924a40c79df3d6bc39fdcdfcc923816e",
                    "passes": 1201,
                    "fails": 0
                },
                "list products: has data": {
                    "id": "4290724cf781171eb17f384ed5f458d4",
                    "passes": 1201,
                    "fails": 0,
                    "name": "list products: has data",
                    "path": "::list products: has data"
                },
                "get product: status 200 or 404": {
                    "path": "::get product: status 200 or 404",
                    "id": "2cbbbbbba72fe3cd0c1b28772a24e4c9",
                    "passes": 1201,
                    "fails": 0,
                    "name": "get product: status 200 or 404"
                },
                "search: status 200": {
                    "fails": 0,
                    "name": "search: status 200",
                    "path": "::search: status 200",
                    "id": "cd68838b4cc6f7786becc08340f51f71",
                    "passes": 1201
                },
                "category filter: status 200": {
                    "passes": 1201,
                    "fails": 0,
                    "name": "category filter: status 200",
                    "path": "::category filter: status 200",
                    "id": "08bdd22fe49b26bd9062a4063e91365b"
                },
                "reviews by product: status 200": {
                    "name": "reviews by product: status 200",
                    "path": "::reviews by product: status 200",
                    "id": "ff38d5a6484e85363435e2bde0050fd7",
                    "passes": 1201,
                    "fails": 0
                },
                "average rating: status 200": {
                    "name": "average rating: status 200",
                    "path": "::average rating: status 200",
                    "id": "410881361114124b5478d42656b0fe57",
                    "passes": 1201,
                    "fails": 0
                },
                "add to cart: status 200 or 201": {
                    "path": "::add to cart: status 200 or 201",
                    "id": "1788e10b98590b202bef7a8dbc573220",
                    "passes": 1201,
                    "fails": 0,
                    "name": "add to cart: status 200 or 201"
                },
                "get cart: status 200": {
                    "passes": 1201,
                    "fails": 0,
                    "name": "get cart: status 200",
                    "path": "::get cart: status 200",
                    "id": "28c7dad2666418e7df7959192396d5c0"
                },
                "create order: status 201": {
                    "name": "create order: status 201",
                    "path": "::create order: status 201",
                    "id": "1bcfa49d77d46f40d66acd4c4ffcf2a7",
                    "passes": 1201,
                    "fails": 0
                },
                "home page: status 200": {
                    "passes": 1201,
                    "fails": 0,
                    "name": "home page: status 200",
                    "path": "::home page: status 200",
                    "id": "8d960afda292b63e7c50c7370794be43"
                },
                "products page: status 200": {
                    "fails": 0,
                    "name": "products page: status 200",
                    "path": "::products page: status 200",
                    "id": "d3ec3a910ae752d937097964558034ff",
                    "passes": 1201
                },
                "product detail page: status 200": {
                    "passes": 1201,
                    "fails": 0,
                    "name": "product detail page: status 200",
                    "path": "::product detail page: status 200",
                    "id": "b24b993fd6b4e43d3aa894d986fa618f"
                },
                "add to cart (page): status 200": {
                    "fails": 0,
                    "name": "add to cart (page): status 200",
                    "path": "::add to cart (page): status 200",
                    "id": "f0cd3e144cbac350e1e6ac88a1b85040",
                    "passes": 1201
                },
                "cart page: status 200": {
                    "path": "::cart page: status 200",
                    "id": "71a46f5b7a13213d2d57118ccbab0ff3",
                    "passes": 1201,
                    "fails": 0,
                    "name": "cart page: status 200"
                },
                "checkout page: status 200": {
                    "id": "4b6b469e2b3feffe3383d401258f1fac",
                    "passes": 1201,
                    "fails": 0,