{
    "metrics": {
        "http_req_waiting": {
            "p(95)": 419.77905,
            "avg": 147.2931100915481,
            "min": 0,
            "med": 109.8721,
            "max": 678.3016,
            "p(90)": 341.3613
        },
        "checks": {
            "passes": 156091,
            "fails": 0,
            "value": 1
        },
        "http_req_sending": {
            "avg": 0.008006959401887335,
            "min": 0,
            "med": 0,
            "max": 5.5105,
            "p(90)": 0,
            "p(95)": 0
        },
        "http_req_blocked": {
            "avg": 0.0027826863816619828,
            "min": 0,
            "med": 0,
            "max": 31.2808,
            "p(90)": 0,
            "p(95)": 0
        },
        "http_req_tls_handshaking": {
            "avg": 0,
            "min": 0,
            "med": 0,
            "max": 0,
            "p(90)": 0,
            "p(95)": 0
        },
        "http_req_failed": {
            "passes": 0,
            "fails": 156091,
            "thresholds": {
                "rate<0.05": false
            },
            "value": 0
        },
        "data_sent": {
            "count": 17215957,
            "rate": 143457.35838738695
        },
        "http_req_receiving": {
            "p(90)": 38.3529,
            "p(95)": 54.7933,
            "avg": 6.614335893805558,
            "min": 0,
            "med": 0,
            "max": 145.9731
        },
        "iteration_duration": {
            "max": 4913.7153,
            "p(90)": 4323.9211,
            "p(95)": 4627.163149999999,
            "avg": 2004.4258286499537,
            "min": 33.4627,
            "med": 1767.3786
        },
        "http_req_connecting": {
            "avg": 0.000721875060061118,
            "min": 0,
            "med": 0,
            "max": 31.2808,
            "p(90)": 0,
            "p(95)": 0
        },
        "http_req_duration": {
            "p(95)": 419.94895,
            "avg": 153.91545294475463,
            "min": 0,
            "med": 125.7338,
            "max": 678.7174,
            "p(90)": 341.7837,
            "thresholds": {
                "p(95)<2000": false
            }
        },
        "data_received": {
            "rate": 65967944.4915297,
            "count": 7916647208
        },
        "iterations": {
            "count": 12007,
            "rate": 100.05209133348527
        },
        "vus": {
            "value": 3,
            "min": 1,
            "max": 499
        },
        "http_reqs": {
            "count": 156091,
            "rate": 1300.6771873353084
        },
        "http_req_duration{expected_response:true}": {
            "avg": 153.91545294475463,
            "min": 0,
            "med": 125.7338,
            "max": 678.7174,
            "p(90)": 341.7837,
            "p(95)": 419.94895
        },
        "vus_max": {
            "value": 500,
            "min": 500,
            "max": 500
        }
    },
    "root_group": {
        "checks": {
            "list products: status 200": {
                "passes": 12007,
                "fails": 0,
                "name": "list products: status 200",
                "path": "::list products: status 200",
                "id": "924a40c79df3d6bc39fdcdfcc923816e"
            },
            "list products: has data": {
                "id": "4290724cf781171eb17f384ed5f458d4",
                "passes": 12007,
                "fails": 0,
                "name": "list products: has data",
                "path": "::list products: has data"
            },
            "get product: status 200 or 404": {
                "passes": 12007,
                "fails": 0,
                "name": "get product: status 200 or 404",
                "path": "::get product: status 200 or 404",
                "id": "2cbbbbbba72fe3cd0c1b28772a24e4c9"
            },
            "search: status 200": {
                "name": "search: status 200",
                "path": "::search: status 200",
                "id": "cd68838b4cc6f7786becc08340f51f71",
                "passes": 12007,
                "fails": 0
            },
            "category filter: status 200": {
                "name": "category filter: status 200",
                "path": "::category filter: status 200",
                "id": "08bdd22fe49b26bd9062a4063e91365b",
                "passes": 12007,
                "fails": 0
            },
            "reviews by product: status 200": {
                "name": "reviews by product: status 200",
                "path": "::reviews by product: status 200",
                "id": "ff38d5a6484e85363435e2bde0050fd7",
                "passes": 12007,
                "fails": 0
            },
            "average rating: status 200": {
                "path": "::average rating: status 200",
                "id": "410881361114124b5478d42656b0fe57",
                "passes": 12007,
                "fails": 0,
                "name": "average rating: status 200"
            },
            "add to cart: status 200 or 201": {
                "fails": 0,
                "name": "add to cart: status 200 or 201",
                "path": "::add to cart: status 200 or 201",
                "id": "1788e10b98590b202bef7a8dbc573220",
                "passes": 12007
            },
            "get cart: status 200": {
                "passes": 12007,
                "fails": 0,
                "name": "get cart: status 200",
                "path": "::get cart: status 200",
                "id": "28c7dad2666418e7df7959192396d5c0"
            },
            "create order: status 201": {
                "id": "1bcfa49d77d46f40d66acd4c4ffcf2a7",
                "passes": 12007,
                "fails": 0,
                "name": "create order: status 201",
                "path": "::create order: status 201"
            },
            "home page: status 200": {
                "path": "::home page: status 200",
                "id": "8d960afda292b63e7c50c7370794be43",
                "passes": 12007,
                "fails": 0,
                "name": "home page: status 200"
            },
            "products page: status 200": {
                "fails": 0,
                "name": "products page: status 200",
                "path": "::products page: status 200",
                "id": "d3ec3a910ae752d937097964558034ff",
                "passes": 12007
            },
            "product detail page: status 200": {
                "id": "b24b993fd6b4e43d3aa894d986fa618f",
                "passes": 12007,
                "fails": 0,
                "name": "product detail page: status 200",
                "path": "::product detail page: status 200"
            }
        },
        "name": "",
        "path": "",
        "id": "d41d8cd98f00b204e9800998ecf8427e",
        "groups": {}
    }
}