{
    "metrics": {
        "http_req_tls_handshaking": {
            "avg": 0,
            "min": 0,
            "med": 0,
            "max": 0,
            "p(90)": 0,
            "p(95)": 0
        },
        "data_sent": {
            "count": 23856319,
            "rate": 198797.36319990005
        },
        "vus_max": {
            "value": 500,
            "min": 500,
            "max": 500
        },
        "http_req_receiving": {
            "avg": 6.279530180604119,
            "min": 0,
            "med": 0,
            "max": 1010.3934,
            "p(90)": 3.6454799999999987,
            "p(95)": 53.16532499999996
        },
        "iteration_duration": {
            "max": 7875.8597,
            "p(90)": 6899.91931,
            "p(95)": 7241.962485,
            "avg": 3284.5991978892166,
            "min": 38.0297,
            "med": 3268.5123000000003
        },
        "http_req_duration": {
            "med": 102.96445,
            "max": 1500.8108,
            "p(90)": 467.1426299999999,
            "p(95)": 651.1250299999999,
            "avg": 182.25918129798723,
            "min": 0,
            "thresholds": {
                "p(95)<2000": false
            }
        },
        "vus": {
            "value": 2,
            "min": 1,
            "max": 500
        },
        "http_req_blocked": {
            "min": 0,
            "med": 0,
            "max": 3.4656,
            "p(90)": 0,
            "p(95)": 0,
            "avg": 0.002956935854919184
        },
        "http_req_sending": {
            "min": 0,
            "med": 0,
            "max": 10.0115,
            "p(90)": 0,
            "p(95)": 0,
            "avg": 0.0076602827821099055
        },
        "iterations": {
            "count": 7438,
            "rate": 61.98168239957122
        },
        "http_req_duration{expected_response:true}": {
            "p(95)": 679.4751749999999,
            "avg": 201.267810519458,
            "min": 0.5076,
            "med": 130.72875,
            "max": 1500.8108,
            "p(90)": 492.50860000000006
        },
        "http_req_failed": {
            "passes": 14876,
            "fails": 119008,
            "thresholds": {
                "rate<0.05": true
            },
            "value": 0.1111111111111111
        },
        "checks": {
            "passes": 119008,
            "fails": 14876,
            "value": 0.8888888888888888
        },
        "http_req_connecting": {
            "p(90)": 0,
            "p(95)": 0,
            "avg": 0.0009499589196617961,
            "min": 0,
            "med": 0,
            "max": 3.4656
        },
        "http_reqs": {
            "count": 133884,
            "rate": 1115.6702831922819
        },
        "http_req_waiting": {
            "avg": 175.97199083460114,
            "min": 0,
            "med": 96.41210000000001,
            "max": 1500.8108,
            "p(90)": 459.7110399999999,
            "p(95)": 639.0552599999996
        },
        "data_received": {
            "count": 4972898024,
            "rate": 41439713.08537555
        }
    },
    "root_group": {
        "name": "",
        "path": "",
        "id": "d41d8cd98f00b204e9800998ecf8427e",
        "groups": {},
        "checks": {
                "list products: status 200": {
                    "path": "::list products: status 200",
                    "id": "924a40c79df3d6bc39fdcdfcc923816e",
                    "passes": 7438,
                    "fails": 0,
                    "name": "list products: status 200"
                },
                "list products: has data": {
                    "fails": 0,
                    "name": "list products: has data",
                    "path": "::list products: has data",
                    "id": "4290724cf781171eb17f384ed5f458d4",
                    "passes": 7438
                },
                "get product: status 200 or 404": {
                    "passes": 7438,
                    "fails": 0,
                    "name": "get product: status 200 or 404",
                    "path": "::get product: status 200 or 404",
                    "id": "2cbbbbbba72fe3cd0c1b28772a24e4c9"
                },
                "search: status 200": {
                    "passes": 7438,
                    "fails": 0,
                    "name": "search: status 200",
                    "path": "::search: status 200",
                    "id": "cd68838b4cc6f7786becc08340f51f71"
                },
                "category filter: status 200": {
                    "path": "::category filter: status 200",
                    "id": "08bdd22fe49b26bd9062a4063e91365b",
                    "passes": 7438,
                    "fails": 0,
                    "name": "category filter: status 200"
                },
                "reviews by product: status 200": {
                    "name": "reviews by product: status 200",
                    "path": "::reviews by product: status 200",
                    "id": "ff38d5a6484e85363435e2bde0050fd7",
                    "passes": 7438,
                    "fails": 0
                },
                "average rating: status 200": {
                    "name": "average rating: status 200",
                    "path": "::average rating: status 200",
                    "id": "410881361114124b5478d42656b0fe57",
                    "passes": 7438,
                    "fails": 0
                },
                "add to cart: status 200 or 201": {
                    "name": "add to cart: status 200 or 201",
                    "path": "::add to cart: status 200 or 201",
                    "id": "1788e10b98590b202bef7a8dbc573220",
                    "passes": 7438,
                    "fails": 0
                },
                "get cart: status 200": {
                    "path": "::get cart: status 200",
                    "id": "28c7dad2666418e7df7959192396d5c0",
                    "passes": 7438,
                    "fails": 0,
                    "name": "get cart: status 200"
                },
                "create order: status 201": {
                    "name": "create order: status 201",
                    "path": "::create order: status 201",
                    "id": "1bcfa49d77d46f40d66acd4c4ffcf2a7",
                    "passes": 7438,
                    "fails": 0
                },
                "home page: status 200": {
                    "name": "home page: status 200",
                    "path": "::home page: status 200",
                    "id": "8d960afda292b63e7c50c7370794be43",
                    "passes": 7438,
                    "fails": 0
                },
                "products page: status 200": {
                    "passes": 7438,
                    "fails": 0,
                    "name": "products page: status 200",
                    "path": "::products page: status 200",
                    "id": "d3ec3a910ae752d937097964558034ff"
                },
                "product detail page: status 200": {
                    "fails": 0,
                    "name": "product detail page: status 200",
                    "path": "::product detail page: status 200",
                    "id": "b24b993fd6b4e43d3aa894d986fa618f",
                    "passes": 7438
                },
                "add to cart (page): status 200": {
                    "name": "add to cart (page): status 200",
                    "path": "::add to cart (page): status 200",
                    "id": "f0cd3e144cbac350e1e6ac88a1b85040",
                    "passes": 0,
                    "fails": 7438
                },
                "cart page: status 200": {
                    "id": "71a46f5b7a13213d2d57118ccbab0ff3",
                    "passes": 7438,
                    "fails": 0,
                    "name": "cart page: status 200",
                    "path": "::cart page: status 200"
                },