{
    "metrics": {
        "http_req_blocked": {
            "med": 0,
            "max": 40.5291,
            "p(90)": 0,
            "p(95)": 0,
            "avg": 0.0148611524577744,
            "min": 0
        },
        "http_req_sending": {
            "p(95)": 0,
            "avg": 0.011516221756762772,
            "min": 0,
            "med": 0,
            "max": 35.7653,
            "p(90)": 0
        },
        "iteration_duration": {
            "max": 2733.2619,
            "p(90)": 609.41298,
            "p(95)": 853.2984299999995,
            "avg": 411.8823933909746,
            "min": 300.0024,
            "med": 317.7857
        },
        "http_req_connecting": {
            "max": 29.5657,
            "p(90)": 0,
            "p(95)": 0,
            "avg": 0.007916609474575514,
            "min": 0,
            "med": 0
        },
        "iterations": {
            "count": 22439,
            "rate": 186.6770548480764
        },
        "http_req_duration{expected_response:true}": {
            "p(90)": 303.60094000000004,
            "p(95)": 544.8705199999997,
            "avg": 107.2414809929138,
            "min": 0,
            "med": 14.1187,
            "max": 2432.9473
        },
        "http_req_failed": {
            "fails": 22439,
            "passes": 0,
            "thresholds": {
                "rate<0.05": false
            },
            "value": 0
        },
        "data_sent": {
            "count": 1951774,
            "rate": 16237.417979814141
        },
        "http_req_duration": {
            "p(95)": 544.8705199999997,
            "avg": 107.2414809929138,
            "min": 0,
            "med": 14.1187,
            "max": 2432.9473,
            "p(90)": 303.60094000000004,
            "thresholds": {
                "p(95)<1000": false
            }
        },
        "http_reqs": {
            "count": 22439,
            "rate": 186.6770548480764
        },
        "vus_max": {
            "min": 200,
            "max": 200,
            "value": 200
        },
        "http_req_tls_handshaking": {
            "max": 0,
            "p(90)": 0,
            "p(95)": 0,
            "avg": 0,
            "min": 0,
            "med": 0
        },
        "checks": {
            "passes": 22439,
            "fails": 0,
            "value": 1
        },
        "vus": {
            "value": 2,
            "min": 1,
            "max": 199
        },
        "data_received": {
            "count": 8937287066,
            "rate": 74352084.66565739
        },
        "http_req_receiving": {
            "p(95)": 38.37119999999996,
            "avg": 9.678097539997314,
            "min": 0,
            "med": 0,
            "max": 1665.6699,
            "p(90)": 4.19974000000001
        },
        "http_req_waiting": {
            "avg": 97.55186723115987,
            "min": 0,
            "med": 13.605,
            "max": 1775.1668,
            "p(90)": 277.43554,
            "p(95)": 499.6008099999997
        }
    },
    "root_group": {
        "name": "",
        "path": "",
        "id": "d41d8cd98f00b204e9800998ecf8427e",
        "groups": {},
        "checks": {
                "status is 200 or 404": {
                    "name": "status is 200 or 404",
                    "path": "::status is 200 or 404",
                    "id": "ef1456c8a1788ec4ce69f9b568c28265",
                    "passes": 22439,
                    "fails": 0
                }
            }
    }
}