{
    "metrics": {
        "http_req_duration{expected_response:true}": {
            "max": 28.1048,
            "p(90)": 2.3617,
            "p(95)": 2.7927,
            "avg": 1.640560717226249,
            "min": 0,
            "med": 1.5813
        },
        "http_req_failed": {
            "passes": 0,
            "fails": 54655,
            "thresholds": {
                "rate<0.02": false
            },
            "value": 0
        },
        "iterations": {
            "count": 7665,
            "rate": 63.16320869551751
        },
        "http_req_receiving": {
            "p(95)": 1.1442299999999996,
            "avg": 0.21603063031744393,
            "min": 0,
            "med": 0,
            "max": 7.1566,
            "p(90)": 0.8446
        },
        "data_sent": {
            "rate": 65594.60904840265,
            "count": 7960056
        },
        "http_req_sending": {
            "p(95)": 0,
            "avg": 0.0025461952245906146,
            "min": 0,
            "med": 0,
            "max": 1.6001,
            "p(90)": 0
        },
        "http_req_duration": {
            "p(95)": 2.7927,
            "avg": 1.640560717226249,
            "min": 0,
            "med": 1.5813,
            "max": 28.1048,
            "p(90)": 2.3617,
            "thresholds": {
                "p(95)<1000": false
            }
        },
        "checks": {
            "fails": 7665,
            "passes": 53655,
            "value": 0.875
        },
        "http_req_blocked": {
            "avg": 0.0013582307199707278,
            "min": 0,
            "med": 0,
            "max": 1.6001,
            "p(90)": 0,
            "p(95)": 0
        },
        "http_req_waiting": {
            "p(90)": 2.2377,
            "p(95)": 2.7340299999999997,
            "avg": 1.4219838916841976,
            "min": 0,
            "med": 1.2206,
            "max": 28.1048
        },
        "iteration_duration": {
            "avg": 1214.3639525375102,
            "min": 1207.895,
            "med": 1213.3733,
            "max": 1247.4096,
            "p(90)": 1218.47674,
            "p(95)": 1220.9892200000002
        },
        "vus": {
            "value": 0,
            "min": 0,
            "max": 199
        },
        "vus_max": {
            "value": 200,
            "min": 200,
            "max": 200
        },
        "http_reqs": {
            "count": 54655,
            "rate": 450.3829316703861
        },
        "http_req_connecting": {
            "max": 0.6002,
            "p(90)": 0,
            "p(95)": 0,
            "avg": 0.00046421004482663985,
            "min": 0,
            "med": 0
        },
        "http_req_tls_handshaking": {
            "avg": 0,
            "min": 0,
            "med": 0,
            "max": 0,
            "p(90)": 0,
            "p(95)": 0
        },
        "data_received": {
            "rate": 126650.35853872314,
            "count": 15369311
        }
    },
    "root_group": {
        "name": "",
        "path": "",
        "id": "d41d8cd98f00b204e9800998ecf8427e",
        "groups": {},
        "checks": {
                "add item 1: status 200 or 201": {
                    "name": "add item 1: status 200 or 201",
                    "path": "::add item 1: status 200 or 201",
                    "id": "34ffb3452c09ac7174d9f647c20645f8",
                    "passes": 7665,
                    "fails": 0
                },
                "add item 2: status 200 or 201": {
                    "fails": 0,
                    "name": "add item 2: status 200 or 201",
                    "path": "::add item 2: status 200 or 201",
                    "id": "859dd62118f40bea70a4a5fe4a82c36c",
                    "passes": 7665
                },
                "add item 3: status 200 or 201": {
                    "id": "6dfec2b2a8ef0686ff9003fbb64073ff",
                    "passes": 7665,
                    "fails": 0,
                    "name": "add item 3: status 200 or 201",
                    "path": "::add item 3: status 200 or 201"
                },
                "get cart: status 200": {
                    "name": "get cart: status 200",
                    "path": "::get cart: status 200",
                    "id": "28c7dad2666418e7df7959192396d5c0",
                    "passes": 7665,
                    "fails": 0
                },
                "get cart: has items": {
                    "fails": 7665,
                    "name": "get cart: has items",
                    "path": "::get cart: has items",
                    "id": "ce5cb3c9d4d19a73e0257c50eea61a4c",
                    "passes": 0
                },
                "update quantity: status 200 or 204": {
                    "fails": 0,
                    "name": "update quantity: status 200 or 204",
                    "path": "::update quantity: status 200 or 204",
                    "id": "6cfa842eec59d2c26f64d983e1b9ad16",
                    "passes": 7665
                },
                "delete item: status 200 or 204": {
                    "fails": 0,
                    "name": "delete item: status 200 or 204",
                    "path": "::delete item: status 200 or 204",
                    "id": "f05e6698ea497656bf987aa1783be142",
                    "passes": 7665
                },
                "clear cart session: status 200 or 204": {
                    "name": "clear cart session: status 200 or 204",
                    "path": "::clear cart session: status 200 or 204",
                    "id": "8f83318937121769e691a83b1b01cd11",
                    "passes": 7665,
                    "fails": 0
                }
            }
    }
}