{
    "metrics": {
        "http_req_duration{expected_response:true}": {
            "p(90)": 2166.4259,
            "p(95)": 11174.466579999991,
            "avg": 1511.320634125108,
            "min": 0.5345,
            "med": 237.4204,
            "max": 27853.9558
        },
        "data_sent": {
            "count": 2379393,
            "rate": 15865.701002786265
        },
        "iterations": {
            "count": 503,
            "rate": 3.353984652556972
        },
        "data_received": {
            "rate": 3847379.5728989397,
            "count": 576994866
        },
        "iteration_duration": {
            "avg": 30312.68600000001,
            "min": 65.7064,
            "med": 23192.575,
            "max": 71752.0319,
            "p(90)": 66563.1627,
            "p(95)": 69749.8118
        },
        "http_req_receiving": {
            "min": 0,
            "med": 0,
            "max": 25635.6771,
            "p(90)": 36.80299999999999,
            "p(95)": 66.62159999999997,
            "avg": 39.588638641027686
        },
        "http_reqs": {
            "count": 13157,
            "rate": 87.73036992781726
        },
        "http_req_connecting": {
            "p(95)": 0,
            "avg": 0.0019942540092726317,
            "min": 0,
            "med": 0,
            "max": 1.5195,
            "p(90)": 0
        },
        "vus": {
            "min": 1,
            "max": 500,
            "value": 1
        },
        "http_req_duration": {
            "p(90)": 5332.648799999994,
            "p(95)": 22981.936879999997,
            "avg": 2299.0376643003783,
            "min": 0.5345,
            "med": 248.1083,
            "max": 27853.9558,
            "thresholds": {
                "p(95)<2000": true
            }
        },
        "http_req_failed": {
            "passes": 527,
            "fails": 12630,
            "thresholds": {
                "rate<0.05": false
            },
            "value": 0.04005472372121304
        },
        "http_req_tls_handshaking": {
            "max": 0,
            "p(90)": 0,
            "p(95)": 0,
            "avg": 0,
            "min": 0,
            "med": 0
        },
        "http_req_waiting": {
            "avg": 2259.4387004712366,
            "min": 0.5065,
            "med": 233.8233,
            "max": 27853.9558,
            "p(90)": 4592.140379999999,
            "p(95)": 22944.526179999997
        },
        "checks": {
            "passes": 12705,
            "fails": 524,
            "value": 0.9603900521581374
        },
        "vus_max": {
            "value": 500,
            "min": 500,
            "max": 500
        },
        "http_req_blocked": {
            "max": 1.5195,
            "p(90)": 0,
            "p(95)": 0,
            "avg": 0.003934893972790149,
            "min": 0,
            "med": 0
        },
        "http_req_sending": {
            "max": 6.8013,
            "p(90)": 0,
            "p(95)": 0,
            "avg": 0.010325188112791664,
            "min": 0,
            "med": 0
        }
    },
    "root_group": {
        "name": "",
        "path": "",
        "id": "d41d8cd98f00b204e9800998ecf8427e",
        "groups": {},
        "checks": {
                "list products: status 200": {
                    "id": "924a40c79df3d6bc39fdcdfcc923816e",
                    "passes": 869,
                    "fails": 2,
                    "name": "list products: status 200",
                    "path": "::list products: status 200"
                },
                "list products: has data": {
                    "name": "list products: has data",
                    "path": "::list products: has data",
                    "id": "4290724cf781171eb17f384ed5f458d4",
                    "passes": 869,
                    "fails": 2
                },
                "get product: status 200 or 404": {
                    "name": "get product: status 200 or 404",
                    "path": "::get product: status 200 or 404",
                    "id": "2cbbbbbba72fe3cd0c1b28772a24e4c9",
                    "passes": 865,
                    "fails": 4
                },
                "search: status 200": {
                    "name": "search: status 200",
                    "path": "::search: status 200",
                    "id": "cd68838b4cc6f7786becc08340f51f71",
                    "passes": 863,
                    "fails": 6
                },
                "category filter: status 200": {
                    "id": "08bdd22fe49b26bd9062a4063e91365b",
                    "passes": 850,
                    "fails": 19,
                    "name": "category filter: status 200",
                    "path": "::category filter: status 200"
                },
                "reviews by product: status 200": {
                    "path": "::reviews by product: status 200",
                    "id": "ff38d5a6484e85363435e2bde0050fd7",
                    "passes": 850,
                    "fails": 19,
                    "name": "reviews by product: status 200"
                },
                "average rating: status 200": {
                    "name": "average rating: status 200",
                    "path": "::average rating: status 200",
                    "id": "410881361114124b5478d42656b0fe57",
                    "passes": 799,
                    "fails": 22
                },
                "add to cart: status 200 or 201": {
                    "name": "add to cart: status 200 or 201",
                    "path": "::add to cart: status 200 or 201",
                    "id": "1788e10b98590b202bef7a8dbc573220",
                    "passes": 791,
                    "fails": 26
                },
                "get cart: status 200": {
                    "name": "get cart: status 200",
                    "path": "::get cart: status 200",
                    "id": "28c7dad2666418e7df7959192396d5c0",
                    "passes": 807,
                    "fails": 5
                },
                "create order: status 201": {
                    "name": "create order: status 201",
                    "path": "::create order: status 201",
                    "id": "1bcfa49d77d46f40d66acd4c4ffcf2a7",
                    "passes": 660,
                    "fails": 117
                },
                "home page: status 200": {
                    "name": "home page: status 200",
                    "path": "::home page: status 200",
                    "id": "8d960afda292b63e7c50c7370794be43",
                    "passes": 690,
                    "fails": 68
                },
                "products page: status 200": {
                    "fails": 5,
                    "name": "products page: status 200",
                    "path": "::products page: status 200",
                    "id": "d3ec3a910ae752d937097964558034ff",
                    "passes": 736
                },
                "product detail page: status 200": {
                    "name": "product detail page: status 200",
                    "path": "::product detail page: status 200",
                    "id": "b24b993fd6b4e43d3aa894d986fa618f",
                    "passes": 669,
                    "fails": 29
                },
                "add to cart (page): status 200": {
                    "name": "add to cart (page): status 200",
                    "path": "::add to cart (page): status 200",
                    "id": "f0cd3e144cbac350e1e6ac88a1b85040",
                    "passes": 501,
                    "fails": 50
                },
                "cart page: status 200": {
                    "passes": 507,
                    "fails": 9,
                    "name": "cart page: status 200",
                    "path": "::cart page: status 200",
                    "id": "71a46f5b7a13213d2d57118ccbab0ff3"
                },