{
    "metrics": {
        "iterations": {
            "count": 12084,
            "rate": 100.67422429445871
        },
        "http_reqs": {
            "count": 157092,
            "rate": 1308.7649158279633
        },
        "http_req_tls_handshaking": {
            "min": 0,
            "med": 0,
            "max": 0,
            "p(90)": 0,
            "p(95)": 0,
            "avg": 0
        },
        "http_req_sending": {
            "avg": 0.008259974409899909,
            "min": 0,
            "med": 0,
            "max": 11.0128,
            "p(90)": 0,
            "p(95)": 0
        },
        "vus": {
            "value": 2,
            "min": 1,
            "max": 499
        },
        "http_req_duration{expected_response:true}": {
            "p(95)": 422.1496549999999,
            "avg": 153.01612899511062,
            "min": 0,
            "med": 125.8608,
            "max": 708.0722,
            "p(90)": 339.27844999999996
        },
        "http_req_blocked": {
            "max": 31.2838,
            "p(90)": 0,
            "p(95)": 0,
            "avg": 0.0031104639319634374,
            "min": 0,
            "med": 0
        },
        "http_req_failed": {
            "passes": 0,
            "fails": 157092,
            "thresholds": {
                "rate<0.05": false
            },
            "value": 0
        },
        "data_sent": {
            "count": 17325525,
            "rate": 144342.4188902062
        },
        "iteration_duration": {
            "min": 33.7956,
            "med": 1759.9535,
            "max": 4858.4479,
            "p(90)": 4338.57797,
            "p(95)": 4587.17694,
            "avg": 1992.7928993876242
        },
        "checks": {
            "passes": 157092,
            "fails": 0,
            "value": 1
        },
        "data_received": {
            "count": 7967406415,
            "rate": 66378058.628667586
        },
        "vus_max": {
            "value": 500,
            "min": 500,
            "max": 500
        },
        "http_req_waiting": {
            "avg": 146.38848344218698,
            "min": 0,
            "med": 109.69995,
            "max": 708.0722,
            "p(90)": 338.8989,
            "p(95)": 421.90126
        },
        "http_req_duration": {
            "avg": 153.01612899511062,
            "min": 0,
            "med": 125.8608,
            "max": 708.0722,
            "p(90)": 339.27844999999996,
            "p(95)": 422.1496549999999,
            "thresholds": {
                "p(95)<2000": false
            }
        },
        "http_req_receiving": {
            "avg": 6.619385578514522,
            "min": 0,
            "med": 0,
            "max": 137.4694,
            "p(90)": 38.13324999999999,
            "p(95)": 55.05992999999997
        },
        "http_req_connecting": {
            "p(95)": 0,
            "avg": 0.0007953129376416367,
            "min": 0,
            "med": 0,
            "max": 31.2838,
            "p(90)": 0
        }
    },
    "root_group": {
        "checks": {
            "list products: status 200": {
                "passes": 12084,
                "fails": 0,
                "name": "list products: status 200",
                "path": "::list products: status 200",
                "id": "924a40c79df3d6bc39fdcdfcc923816e"
            },
            "list products: has data": {
                "passes": 12084,
                "fails": 0,
                "name": "list products: has data",
                "path": "::list products: has data",
                "id": "4290724cf781171eb17f384ed5f458d4"
            },
            "get product: status 200 or 404": {
                "fails": 0,
                "name": "get product: status 200 or 404",
                "path": "::get product: status 200 or 404",
                "id": "2cbbbbbba72fe3cd0c1b28772a24e4c9",
                "passes": 12084
            },
            "search: status 200": {
                "name": "search: status 200",
                "path": "::search: status 200",
                "id": "cd68838b4cc6f7786becc08340f51f71",
                "passes": 12084,
                "fails": 0
            },
            "category filter: status 200": {
                "fails": 0,
                "name": "category filter: status 200",
                "path": "::category filter: status 200",
                "id": "08bdd22fe49b26bd9062a4063e91365b",
                "passes": 12084
            },
            "reviews by product: status 200": {
                "fails": 0,
                "name": "reviews by product: status 200",
                "path": "::reviews by product: status 200",
                "id": "ff38d5a6484e85363435e2bde0050fd7",
                "passes": 12084
            },
            "average rating: status 200": {
                "name": "average rating: status 200",
                "path": "::average rating: status 200",
                "id": "410881361114124b5478d42656b0fe57",
                "passes": 12084,
                "fails": 0
            },
            "add to cart: status 200 or 201": {
                "path": "::add to cart: status 200 or 201",
                "id": "1788e10b98590b202bef7a8dbc573220",
                "passes": 12084,
                "fails": 0,
                "name": "add to cart: status 200 or 201"
            },
            "get cart: status 200": {
                "name": "get cart: status 200",
                "path": "::get cart: status 200",
                "id": "28c7dad2666418e7df7959192396d5c0",
                "passes": 12084,
                "fails": 0
            },
            "create order: status 201": {
                "name": "create order: status 201",
                "path": "::create order: status 201",
                "id": "1bcfa49d77d46f40d66acd4c4ffcf2a7",
                "passes": 12084,
                "fails": 0
            },
            "home page: status 200": {
                "passes": 12084,
                "fails": 0,
                "name": "home page: status 200",
                "path": "::home page: status 200",
                "id": "8d960afda292b63e7c50c7370794be43"
            },
            "products page: status 200": {
                "name": "products page: status 200",
                "path": "::products page: status 200",
                "id": "d3ec3a910ae752d937097964558034ff",
                "passes": 12084,
                "fails": 0
            },
            "product detail page: status 200": {
                "name": "product detail page: status 200",
                "path": "::product detail page: status 200",
                "id": "b24b993fd6b4e43d3aa894d986fa618f",
                "passes": 12084,
                "fails": 0
            }
        },
        "name": "",
        "path": "",
        "id": "d41d8cd98f00b204e9800998ecf8427e",
        "groups": {}
    }
}