{
    "metrics": {
        "http_req_duration{expected_response:true}": {
            "max": 1087.3292,
            "p(90)": 471.49716,
            "p(95)": 563.0513899999997,
            "avg": 193.86161417199546,
            "min": 0,
            "med": 145.62779999999998
        },
        "http_req_waiting": {
            "p(90)": 464.77488000000005,
            "p(95)": 554.5172249999998,
            "avg": 185.34735215273045,
            "min": 0,
            "med": 129.40035,
            "max": 919.9655
        },
        "http_req_tls_handshaking": {
            "med": 0,
            "max": 0,
            "p(90)": 0,
            "p(95)": 0,
            "avg": 0,
            "min": 0
        },
        "http_req_failed": {
            "passes": 0,
            "fails": 126630,
            "thresholds": {
                "rate<0.05": false
            },
            "value": 0
        },
        "http_req_blocked": {
            "max": 15.6594,
            "p(90)": 0,
            "p(95)": 0,
            "avg": 0.003070037905709551,
            "min": 0,
            "med": 0
        },
        "data_sent": {
            "count": 25519134,
            "rate": 212554.13261560097
        },
        "data_received": {
            "count": 7733686191,
            "rate": 64415468.026824735
        },
        "vus_max": {
            "max": 500,
            "value": 500,
            "min": 500
        },
        "http_req_duration": {
            "min": 0,
            "med": 145.62779999999998,
            "max": 1087.3292,
            "p(90)": 471.49716,
            "p(95)": 563.0513899999997,
            "avg": 193.86161417199546,
            "thresholds": {
                "p(95)<2000": false
            }
        },
        "http_req_sending": {
            "p(95)": 0,
            "avg": 0.00783223485745877,
            "min": 0,
            "med": 0,
            "max": 15.6248,
            "p(90)": 0
        },
        "http_req_receiving": {
            "avg": 8.506429784411221,
            "min": 0,
            "med": 0,
            "max": 694.8475,
            "p(90)": 38.952130000000054,
            "p(95)": 62.5005
        },
        "iterations": {
            "count": 7035,
            "rate": 58.59596657750035
        },
        "checks": {
            "passes": 126630,
            "fails": 0,
            "value": 1
        },
        "http_reqs": {
            "count": 126630,
            "rate": 1054.7273983950063
        },
        "http_req_connecting": {
            "p(90)": 0,
            "p(95)": 0,
            "avg": 0.0008849482745005129,
            "min": 0,
            "med": 0,
            "max": 15.6594
        },
        "vus": {
            "value": 7,
            "min": 1,
            "max": 500
        },
        "iteration_duration": {
            "avg": 3493.4455213077385,
            "min": 72.8209,
            "med": 3186.0923,
            "max": 8314.5817,
            "p(90)": 7404.47808,
            "p(95)": 7764.6482399999995
        }
    },
    "root_group": {
        "name": "",
        "path": "",
        "id": "d41d8cd98f00b204e9800998ecf8427e",
        "groups": {},
        "checks": {
                "list products: status 200": {
                    "name": "list products: status 200",
                    "path": "::list products: status 200",
                    "id": "924a40c79df3d6bc39fdcdfcc923816e",
                    "passes": 7035,
                    "fails": 0
                },
                "list products: has data": {
                    "fails": 0,
                    "name": "list products: has data",
                    "path": "::list products: has data",
                    "id": "4290724cf781171eb17f384ed5f458d4",
                    "passes": 7035
                },
                "get product: status 200 or 404": {
                    "name": "get product: status 200 or 404",
                    "path": "::get product: status 200 or 404",
                    "id": "2cbbbbbba72fe3cd0c1b28772a24e4c9",
                    "passes": 7035,
                    "fails": 0
                },
                "search: status 200": {
                    "fails": 0,
                    "name": "search: status 200",
                    "path": "::search: status 200",
                    "id": "cd68838b4cc6f7786becc08340f51f71",
                    "passes": 7035
                },
                "category filter: status 200": {
                    "name": "category filter: status 200",
                    "path": "::category filter: status 200",
                    "id": "08bdd22fe49b26bd9062a4063e91365b",
                    "passes": 7035,
                    "fails": 0
                },
                "reviews by product: status 200": {
                    "name": "reviews by product: status 200",
                    "path": "::reviews by product: status 200",
                    "id": "ff38d5a6484e85363435e2bde0050fd7",
                    "passes": 7035,
                    "fails": 0
                },
                "average rating: status 200": {
                    "name": "average rating: status 200",
                    "path": "::average rating: status 200",
                    "id": "410881361114124b5478d42656b0fe57",
                    "passes": 7035,
                    "fails": 0
                },
                "add to cart: status 200 or 201": {
                    "passes": 7035,
                    "fails": 0,
                    "name": "add to cart: status 200 or 201",
                    "path": "::add to cart: status 200 or 201",
                    "id": "1788e10b98590b202bef7a8dbc573220"
                },
                "get cart: status 200": {
                    "name": "get cart: status 200",
                    "path": "::get cart: status 200",
                    "id": "28c7dad2666418e7df7959192396d5c0",
                    "passes": 7035,
                    "fails": 0
                },
                "create order: status 201": {
                    "name": "create order: status 201",
                    "path": "::create order: status 201",
                    "id": "1bcfa49d77d46f40d66acd4c4ffcf2a7",
                    "passes": 7035,
                    "fails": 0
                },
                "home page: status 200": {
                    "name": "home page: status 200",
                    "path": "::home page: status 200",
                    "id": "8d960afda292b63e7c50c7370794be43",
                    "passes": 7035,
                    "fails": 0
                },
                "products page: status 200": {
                    "fails": 0,
                    "name": "products page: status 200",
                    "path": "::products page: status 200",
                    "id": "d3ec3a910ae752d937097964558034ff",
                    "passes": 7035
                },
                "product detail page: status 200": {
                    "path": "::product detail page: status 200",
                    "id": "b24b993fd6b4e43d3aa894d986fa618f",
                    "passes": 7035,
                    "fails": 0,
                    "name": "product detail page: status 200"
                },
                "add to cart (page): status 200": {
                    "id": "f0cd3e144cbac350e1e6ac88a1b85040",
                    "passes": 7035,
                    "fails": 0,
                    "name": "add to cart (page): status 200",
                    "path": "::add to cart (page): status 200"
                },
                "cart page: status 200": {
                    "id": "71a46f5b7a13213d2d57118ccbab0ff3",
                    "passes": 7035,
                    "fails": 0,
                    "name": "cart page: status 200",
                    "path": "::cart page: status 200"
                },
                "checkout page: status 200": {
                    "path": "::checkout page: status 200",