{
    "metrics": {
        "http_req_sending": {
            "avg": 0.006738825617081933,
            "min": 0,
            "med": 0,
            "max": 15.6557,
            "p(90)": 0,
            "p(95)": 0
        },
        "http_req_connecting": {
            "avg": 0.0005814686331835173,
            "min": 0,
            "med": 0,
            "max": 16.2249,
            "p(90)": 0,
            "p(95)": 0
        },
        "http_req_duration{expected_response:true}": {
            "p(90)": 438.73833,
            "p(95)": 520.19691,
            "avg": 177.61175212651273,
            "min": 0,
            "med": 132.23735,
            "max": 1019.574
        },
        "http_req_tls_handshaking": {
            "med": 0,
            "max": 0,
            "p(90)": 0,
            "p(95)": 0,
            "avg": 0,
            "min": 0
        },
        "data_sent": {
            "count": 27713771,
            "rate": 230874.8223874079
        },
        "data_received": {
            "count": 6681971363,
            "rate": 55665428.989449725
        },
        "checks": {
            "passes": 137502,
            "fails": 0,
            "value": 1
        },
        "vus": {
            "max": 500,
            "value": 4,
            "min": 1
        },
        "http_req_duration": {
            "min": 0,
            "med": 132.23735,
            "max": 1019.574,
            "p(90)": 438.73833,
            "p(95)": 520.19691,
            "avg": 177.61175212651273,
            "thresholds": {
                "p(95)<2000": false
            }
        },
        "http_reqs": {
            "count": 137502,
            "rate": 1145.4864741399992
        },
        "iteration_duration": {
            "avg": 3199.9625224113165,
            "min": 59.2355,
            "med": 2942.0186,
            "max": 7670.5209,
            "p(90)": 6704.818219999999,
            "p(95)": 7035.2403300000005
        },
        "http_req_receiving": {
            "p(90)": 29.08138,
            "p(95)": 38.97424999999999,
            "avg": 6.495534265683394,
            "min": 0,
            "med": 0,
            "max": 594.8049
        },
        "vus_max": {
            "value": 500,
            "min": 500,
            "max": 500
        },
        "http_req_failed": {
            "fails": 137502,
            "passes": 0,
            "thresholds": {
                "rate<0.05": false
            },
            "value": 0
        },
        "http_req_waiting": {
            "avg": 171.1094790352156,
            "min": 0,
            "med": 121.5738,
            "max": 847.0912,
            "p(90)": 430.66575,
            "p(95)": 511.73308
        },
        "iterations": {
            "count": 7639,
            "rate": 63.63813745222219
        },
        "http_req_blocked": {
            "avg": 0.0023454924292010296,
            "min": 0,
            "med": 0,
            "max": 16.2249,
            "p(90)": 0,
            "p(95)": 0
        }
    },
    "root_group": {
        "id": "d41d8cd98f00b204e9800998ecf8427e",
        "groups": {},
        "checks": {
                "list products: status 200": {
                    "fails": 0,
                    "name": "list products: status 200",
                    "path": "::list products: status 200",
                    "id": "924a40c79df3d6bc39fdcdfcc923816e",
                    "passes": 7639
                },
                "list products: has data": {
                    "path": "::list products: has data",
                    "id": "4290724cf781171eb17f384ed5f458d4",
                    "passes": 7639,
                    "fails": 0,
                    "name": "list products: has data"
                },
                "get product: status 200 or 404": {
                    "passes": 7639,
                    "fails": 0,
                    "name": "get product: status 200 or 404",
                    "path": "::get product: status 200 or 404",
                    "id": "2cbbbbbba72fe3cd0c1b28772a24e4c9"
                },
                "search: status 200": {
                    "path": "::search: status 200",
                    "id": "cd68838b4cc6f7786becc08340f51f71",
                    "passes": 7639,
                    "fails": 0,
                    "name": "search: status 200"
                },
                "category filter: status 200": {
                    "path": "::category filter: status 200",
                    "id": "08bdd22fe49b26bd9062a4063e91365b",
                    "passes": 7639,
                    "fails": 0,
                    "name": "category filter: status 200"
                },
                "reviews by product: status 200": {
                    "path": "::reviews by product: status 200",
                    "id": "ff38d5a6484e85363435e2bde0050fd7",
                    "passes": 7639,
                    "fails": 0,
                    "name": "reviews by product: status 200"
                },
                "average rating: status 200": {
                    "name": "average rating: status 200",
                    "path": "::average rating: status 200",
                    "id": "410881361114124b5478d42656b0fe57",
                    "passes": 7639,
                    "fails": 0
                },
                "add to cart: status 200 or 201": {
                    "name": "add to cart: status 200 or 201",
                    "path": "::add to cart: status 200 or 201",
                    "id": "1788e10b98590b202bef7a8dbc573220",
                    "passes": 7639,
                    "fails": 0
                },
                "get cart: status 200": {
                    "passes": 7639,
                    "fails": 0,
                    "name": "get cart: status 200",
                    "path": "::get cart: status 200",
                    "id": "28c7dad2666418e7df7959192396d5c0"
                },
                "create order: status 201": {
                    "path": "::create order: status 201",
                    "id": "1bcfa49d77d46f40d66acd4c4ffcf2a7",
                    "passes": 7639,
                    "fails": 0,
                    "name": "create order: status 201"
                },
                "home page: status 200": {
                    "name": "home page: status 200",
                    "path": "::home page: status 200",
                    "id": "8d960afda292b63e7c50c7370794be43",
                    "passes": 7639,
                    "fails": 0
                },
                "products page: status 200": {
                    "name": "products page: status 200",
                    "path": "::products page: status 200",
                    "id": "d3ec3a910ae752d937097964558034ff",
                    "passes": 7639,
                    "fails": 0
                },
                "product detail page: status 200": {
                    "path": "::product detail page: status 200",
                    "id": "b24b993fd6b4e43d3aa894d986fa618f",
                    "passes": 7639,
                    "fails": 0,
                    "name": "product detail page: status 200"
                },
                "add to cart (page): status 200": {
                    "id": "f0cd3e144cbac350e1e6ac88a1b85040",
                    "passes": 7639,
                    "fails": 0,
                    "name": "add to cart (page): status 200",
                    "path": "::add to cart (page): status 200"
                },
                "cart page: status 200": {
                    "path": "::cart page: status 200",
                    "id": "71a46f5b7a13213d2d57118ccbab0ff3",
                    "passes": 7639,
                    "fails": 0,
                    "name": "cart page: status 200"
                },
                "checkout page: status 200": {
                    "name": "checkout page: status 200",
                    "path": "::checkout page: status 200",