{
    "metrics": {
        "data_sent": {
            "count": 27943384,
            "rate": 232830.39964034408
        },
        "data_received": {
            "count": 6102872031,
            "rate": 50850467.28526539
        },
        "http_req_failed": {
            "fails": 138654,
            "passes": 0,
            "thresholds": {
                "rate<0.05": false
            },
            "value": 0
        },
        "http_req_waiting": {
            "p(90)": 431.15202999999997,
            "p(95)": 509.9564250000002,
            "avg": 170.51879896432825,
            "min": 0,
            "med": 121.59285,
            "max": 857.3773
        },
        "http_req_blocked": {
            "med": 0,
            "max": 2.5859,
            "p(90)": 0,
            "p(95)": 0,
            "avg": 0.002279422158754886,
            "min": 0
        },
        "iterations": {
            "count": 7703,
            "rate": 64.1830842116177
        },
        "http_reqs": {
            "count": 138654,
            "rate": 1155.2955158091186
        },
        "checks": {
            "passes": 138654,
            "fails": 0,
            "value": 1
        },
        "http_req_receiving": {
            "max": 531.2584,
            "p(90)": 26.82417999999998,
            "p(95)": 36.98938500000004,
            "avg": 5.821317246527304,
            "min": 0,
            "med": 0
        },
        "vus_max": {
            "max": 500,
            "value": 500,
            "min": 500
        },
        "http_req_sending": {
            "avg": 0.007018670215067735,
            "min": 0,
            "med": 0,
            "max": 14.3578,
            "p(90)": 0,
            "p(95)": 0
        },
        "http_req_duration": {
            "min": 0,
            "med": 131.84305,
            "max": 898.8062,
            "p(90)": 436.49519,
            "p(95)": 517.27791,
            "avg": 176.34713488107124,
            "thresholds": {
                "p(95)<2000": false
            }
        },
        "iteration_duration": {
            "p(95)": 6986.0069,
            "avg": 3177.248053628453,
            "min": 58.4154,
            "med": 2953.1876,
            "max": 7573.9834,
            "p(90)": 6628.15112
        },
        "vus": {
            "value": 4,
            "min": 1,
            "max": 500
        },
        "http_req_tls_handshaking": {
            "avg": 0,
            "min": 0,
            "med": 0,
            "max": 0,
            "p(90)": 0,
            "p(95)": 0
        },
        "http_req_connecting": {
            "p(95)": 0,
            "avg": 0.0005684697159836719,
            "min": 0,
            "med": 0,
            "max": 2.2149,
            "p(90)": 0
        },
        "http_req_duration{expected_response:true}": {
            "p(90)": 436.49519,
            "p(95)": 517.27791,
            "avg": 176.34713488107124,
            "min": 0,
            "med": 131.84305,
            "max": 898.8062
        }
    },
    "root_group": {
        "id": "d41d8cd98f00b204e9800998ecf8427e",
        "groups": {},
        "checks": {
                "list products: status 200": {
                    "name": "list products: status 200",
                    "path": "::list products: status 200",
                    "id": "924a40c79df3d6bc39fdcdfcc923816e",
                    "passes": 7703,
                    "fails": 0
                },
                "list products: has data": {
                    "path": "::list products: has data",
                    "id": "4290724cf781171eb17f384ed5f458d4",
                    "passes": 7703,
                    "fails": 0,
                    "name": "list products: has data"
                },
                "get product: status 200 or 404": {
                    "name": "get product: status 200 or 404",
                    "path": "::get product: status 200 or 404",
                    "id": "2cbbbbbba72fe3cd0c1b28772a24e4c9",
                    "passes": 7703,
                    "fails": 0
                },
                "search: status 200": {
                    "name": "search: status 200",
                    "path": "::search: status 200",
                    "id": "cd68838b4cc6f7786becc08340f51f71",
                    "passes": 7703,
                    "fails": 0
                },
                "category filter: status 200": {
                    "name": "category filter: status 200",
                    "path": "::category filter: status 200",
                    "id": "08bdd22fe49b26bd9062a4063e91365b",
                    "passes": 7703,
                    "fails": 0
                },
                "reviews by product: status 200": {
                    "name": "reviews by product: status 200",
                    "path": "::reviews by product: status 200",
                    "id": "ff38d5a6484e85363435e2bde0050fd7",
                    "passes": 7703,
                    "fails": 0
                },
                "average rating: status 200": {
                    "fails": 0,
                    "name": "average rating: status 200",
                    "path": "::average rating: status 200",
                    "id": "410881361114124b5478d42656b0fe57",
                    "passes": 7703
                },
                "add to cart: status 200 or 201": {
                    "name": "add to cart: status 200 or 201",
                    "path": "::add to cart: status 200 or 201",
                    "id": "1788e10b98590b202bef7a8dbc573220",
                    "passes": 7703,
                    "fails": 0
                },
                "get cart: status 200": {
                    "name": "get cart: status 200",
                    "path": "::get cart: status 200",
                    "id": "28c7dad2666418e7df7959192396d5c0",
                    "passes": 7703,
                    "fails": 0
                },
                "create order: status 201": {
                    "name": "create order: status 201",
                    "path": "::create order: status 201",
                    "id": "1bcfa49d77d46f40d66acd4c4ffcf2a7",
                    "passes": 7703,
                    "fails": 0
                },
                "home page: status 200": {
                    "id": "8d960afda292b63e7c50c7370794be43",
                    "passes": 7703,
                    "fails": 0,
                    "name": "home page: status 200",
                    "path": "::home page: status 200"
                },
                "products page: status 200": {
                    "name": "products page: status 200",
                    "path": "::products page: status 200",
                    "id": "d3ec3a910ae752d937097964558034ff",
                    "passes": 7703,
                    "fails": 0
                },
                "product detail page: status 200": {
                    "path": "::product detail page: status 200",
                    "id": "b24b993fd6b4e43d3aa894d986fa618f",
                    "passes": 7703,
                    "fails": 0,
                    "name": "product detail page: status 200"
                },
                "add to cart (page): status 200": {
                    "fails": 0,
                    "name": "add to cart (page): status 200",
                    "path": "::add to cart (page): status 200",
                    "id": "f0cd3e144cbac350e1e6ac88a1b85040",
                    "passes": 7703
                },
                "cart page: status 200": {
                    "passes": 7703,
                    "fails": 0,
                    "name": "cart page: status 200",
                    "path": "::cart page: status 200",
                    "id": "71a46f5b7a13213d2d57118ccbab0ff3"
                },
                "checkout page: status 200": {
                    "fails": 0,
                    "name": "checkout page: status 200",
                    "path": "::checkout page: status 200",