{
    "metrics": {
        "vus_max": {
            "value": 50,
            "min": 50,
            "max": 50
        },
        "http_req_blocked": {
            "avg": 0.0313710970996217,
            "min": 0,
            "med": 0,
            "max": 14.5616,
            "p(90)": 0,
            "p(95)": 0
        },
        "checks": {
            "passes": 3965,
            "fails": 0,
            "value": 1
        },
        "http_req_sending": {
            "avg": 0.017233442622950835,
            "min": 0,
            "med": 0,
            "max": 6.3905,
            "p(90)": 0,
            "p(95)": 0.03865999999999899
        },
        "iteration_duration": {
            "avg": 5039.29614360656,
            "min": 4860.4795,
            "med": 5011.342,
            "max": 5426.6232,
            "p(90)": 5222.1305999999995,
            "p(95)": 5285.957420000001
        },
        "http_req_receiving": {
            "min": 0,
            "med": 0.0739,
            "max": 140.0541,
            "p(90)": 3.1455199999999994,
            "p(95)": 5.273739999999988,
            "avg": 1.5594212358133674
        },
        "http_req_connecting": {
            "p(95)": 0,
            "avg": 0.0035463051702395963,
            "min": 0,
            "med": 0,
            "max": 1.5536,
            "p(90)": 0
        },
        "http_req_tls_handshaking": {
            "min": 0,
            "med": 0,
            "max": 0,
            "p(90)": 0,
            "p(95)": 0,
            "avg": 0
        },
        "iterations": {
            "count": 305,
            "rate": 8.74616704247656
        },
        "http_req_duration": {
            "min": 0.1452,
            "med": 13.3493,
            "max": 241.976,
            "p(90)": 60.6993,
            "p(95)": 101.13719999999985,
            "avg": 24.49340522068098,
            "thresholds": {
                "p(95)<500": false
            }
        },
        "http_reqs": {
            "count": 3965,
            "rate": 113.70017155219529
        },
        "http_req_failed": {
            "passes": 0,
            "fails": 3965,
            "thresholds": {
                "rate<0.01": false
            },
            "value": 0
        },
        "vus": {
            "max": 50,
            "value": 5,
            "min": 5
        },
        "data_sent": {
            "count": 431999,
            "rate": 12387.984971091251
        },
        "http_req_duration{expected_response:true}": {
            "avg": 24.49340522068098,
            "min": 0.1452,
            "med": 13.3493,
            "max": 241.976,
            "p(90)": 60.6993,
            "p(95)": 101.13719999999985
        },
        "data_received": {
            "count": 201097965,
            "rate": 5766676.700957721
        },
        "http_req_waiting": {
            "med": 11.8583,
            "max": 241.976,
            "p(90)": 59.69013999999999,
            "p(95)": 94.97697999999997,
            "avg": 22.916750542244632,
            "min": 0.1134
        }
    },
    "root_group": {
        "checks": {
            "list products: status 200": {
                "passes": 305,
                "fails": 0,
                "name": "list products: status 200",
                "path": "::list products: status 200",
                "id": "924a40c79df3d6bc39fdcdfcc923816e"
            },
            "list products: has data": {
                "passes": 305,
                "fails": 0,
                "name": "list products: has data",
                "path": "::list products: has data",
                "id": "4290724cf781171eb17f384ed5f458d4"
            },
            "get product: status 200 or 404": {
                "name": "get product: status 200 or 404",
                "path": "::get product: status 200 or 404",
                "id": "2cbbbbbba72fe3cd0c1b28772a24e4c9",
                "passes": 305,
                "fails": 0
            },
            "search: status 200": {
                "name": "search: status 200",
                "path": "::search: status 200",
                "id": "cd68838b4cc6f7786becc08340f51f71",
                "passes": 305,
                "fails": 0
            },
            "category filter: status 200": {
                "id": "08bdd22fe49b26bd9062a4063e91365b",
                "passes": 305,
                "fails": 0,
                "name": "category filter: status 200",
                "path": "::category filter: status 200"
            },
            "reviews by product: status 200": {
                "path": "::reviews by product: status 200",
                "id": "ff38d5a6484e85363435e2bde0050fd7",
                "passes": 305,
                "fails": 0,
                "name": "reviews by product: status 200"
            },
            "average rating: status 200": {
                "name": "average rating: status 200",
                "path": "::average rating: status 200",
                "id": "410881361114124b5478d42656b0fe57",
                "passes": 305,
                "fails": 0
            },
            "add to cart: status 200 or 201": {
                "name": "add to cart: status 200 or 201",
                "path": "::add to cart: status 200 or 201",
                "id": "1788e10b98590b202bef7a8dbc573220",
                "passes": 305,
                "fails": 0
            },
            "get cart: status 200": {
                "fails": 0,
                "name": "get cart: status 200",
                "path": "::get cart: status 200",
                "id": "28c7dad2666418e7df7959192396d5c0",
                "passes": 305
            },
            "create order: status 201": {
                "name": "create order: status 201",
                "path": "::create order: status 201",
                "id": "1bcfa49d77d46f40d66acd4c4ffcf2a7",
                "passes": 305,
                "fails": 0
            },
            "home page: status 200": {
                "path": "::home page: status 200",
                "id": "8d960afda292b63e7c50c7370794be43",
                "passes": 305,
                "fails": 0,
                "name": "home page: status 200"
            },
            "products page: status 200": {
                "id": "d3ec3a910ae752d937097964558034ff",
                "passes": 305,
                "fails": 0,
                "name": "products page: status 200",
                "path": "::products page: status 200"
            },
            "product detail page: status 200": {
                "name": "product detail page: status 200",
                "path": "::product detail page: status 200",
                "id": "b24b993fd6b4e43d3aa894d986fa618f",
                "passes": 305,
                "fails": 0
            }
        },
        "name": "",
        "path": "",
        "id": "d41d8cd98f00b204e9800998ecf8427e",
        "groups": {}
    }
}