{
    "metrics": {
        "data_sent": {
            "count": 7979043,
            "rate": 65718.97716243505
        },
        "http_req_duration": {
            "med": 1.28085,
            "max": 37.1346,
            "p(90)": 1.9186,
            "p(95)": 2.1595,
            "avg": 1.3392797610784373,
            "min": 0,
            "thresholds": {
                "p(95)<1000": false
            }
        },
        "http_req_failed": {
            "fails": 54746,
            "passes": 0,
            "thresholds": {
                "rate<0.02": false
            },
            "value": 0
        },
        "checks": {
            "passes": 53746,
            "fails": 7678,
            "value": 0.875
        },
        "data_received": {
            "count": 15411992,
            "rate": 126940.0791894005
        },
        "http_req_waiting": {
            "p(95)": 2.1129,
            "avg": 1.1151206827895963,
            "min": 0,
            "med": 1.0589,
            "max": 36.6239,
            "p(90)": 1.7275
        },
        "http_req_tls_handshaking": {
            "avg": 0,
            "min": 0,
            "med": 0,
            "max": 0,
            "p(90)": 0,
            "p(95)": 0
        },
        "http_reqs": {
            "count": 54746,
            "rate": 450.91261241914214
        },
        "vus": {
            "value": 0,
            "min": 0,
            "max": 199
        },
        "http_req_duration{expected_response:true}": {
            "avg": 1.3392797610784373,
            "min": 0,
            "med": 1.28085,
            "max": 37.1346,
            "p(90)": 1.9186,
            "p(95)": 2.1595
        },
        "http_req_blocked": {
            "avg": 0.001438643919190443,
            "min": 0,
            "med": 0,
            "max": 1.4987,
            "p(90)": 0,
            "p(95)": 0
        },
        "http_req_connecting": {
            "p(90)": 0,
            "p(95)": 0,
            "avg": 0.00045009681072589796,
            "min": 0,
            "med": 0,
            "max": 0.9358
        },
        "iteration_duration": {
            "max": 1246.8502,
            "p(90)": 1214.09629,
            "p(95)": 1215.6276,
            "avg": 1212.100615147171,
            "min": 1207.3028,
            "med": 1211.5552
        },
        "http_req_sending": {
            "max": 12.0538,
            "p(90)": 0,
            "p(95)": 0,
            "avg": 0.003141668797720374,
            "min": 0,
            "med": 0
        },
        "iterations": {
            "count": 7678,
            "rate": 63.239451981042876
        },
        "http_req_receiving": {
            "min": 0,
            "med": 0,
            "max": 6.8986,
            "p(90)": 0.84815,
            "p(95)": 1.0758,
            "avg": 0.22101740949110305
        },
        "vus_max": {
            "value": 200,
            "min": 200,
            "max": 200
        }
    },
    "root_group": {
        "name": "",
        "path": "",
        "id": "d41d8cd98f00b204e9800998ecf8427e",
        "groups": {},
        "checks": {
                "add item 1: status 200 or 201": {
                    "fails": 0,
                    "name": "add item 1: status 200 or 201",
                    "path": "::add item 1: status 200 or 201",
                    "id": "34ffb3452c09ac7174d9f647c20645f8",
                    "passes": 7678
                },
                "add item 2: status 200 or 201": {
                    "path": "::add item 2: status 200 or 201",
                    "id": "859dd62118f40bea70a4a5fe4a82c36c",
                    "passes": 7678,
                    "fails": 0,
                    "name": "add item 2: status 200 or 201"
                },
                "add item 3: status 200 or 201": {
                    "name": "add item 3: status 200 or 201",
                    "path": "::add item 3: status 200 or 201",
                    "id": "6dfec2b2a8ef0686ff9003fbb64073ff",
                    "passes": 7678,
                    "fails": 0
                },
                "get cart: status 200": {
                    "name": "get cart: status 200",
                    "path": "::get cart: status 200",
                    "id": "28c7dad2666418e7df7959192396d5c0",
                    "passes": 7678,
                    "fails": 0
                },
                "get cart: has items": {
                    "id": "ce5cb3c9d4d19a73e0257c50eea61a4c",
                    "passes": 0,
                    "fails": 7678,
                    "name": "get cart: has items",
                    "path": "::get cart: has items"
                },
                "update quantity: status 200 or 204": {
                    "fails": 0,
                    "name": "update quantity: status 200 or 204",
                    "path": "::update quantity: status 200 or 204",
                    "id": "6cfa842eec59d2c26f64d983e1b9ad16",
                    "passes": 7678
                },
                "delete item: status 200 or 204": {
                    "name": "delete item: status 200 or 204",
                    "path": "::delete item: status 200 or 204",
                    "id": "f05e6698ea497656bf987aa1783be142",
                    "passes": 7678,
                    "fails": 0
                },
                "clear cart session: status 200 or 204": {
                    "name": "clear cart session: status 200 or 204",
                    "path": "::clear cart session: status 200 or 204",
                    "id": "8f83318937121769e691a83b1b01cd11",
                    "passes": 7678,
                    "fails": 0
                }
            }
    }
}