{
    "metrics": {
        "http_req_duration": {
            "med": 114.77170000000001,
            "max": 1462.3436,
            "p(90)": 396.30533000000014,
            "p(95)": 490.484815,
            "avg": 157.6492488326585,
            "min": 0,
            "thresholds": {
                "p(95)<2000": false
            }
        },
        "data_sent": {
            "count": 31112879,
            "rate": 259199.3755104395
        },
        "vus": {
            "min": 1,
            "max": 500,
            "value": 4
        },
        "vus_max": {
            "value": 500,
            "min": 500,
            "max": 500
        },
        "http_req_duration{expected_response:true}": {
            "min": 0,
            "med": 114.77170000000001,
            "max": 1462.3436,
            "p(90)": 396.30533000000014,
            "p(95)": 490.484815,
            "avg": 157.6492488326585
        },
        "iterations": {
            "count": 8576,
            "rate": 71.44609935896736
        },
        "http_req_tls_handshaking": {
            "avg": 0,
            "min": 0,
            "med": 0,
            "max": 0,
            "p(90)": 0,
            "p(95)": 0
        },
        "http_req_connecting": {
            "avg": 0.0004586028192371472,
            "min": 0,
            "med": 0,
            "max": 3.2205,
            "p(90)": 0,
            "p(95)": 0
        },
        "http_req_receiving": {
            "min": 0,
            "med": 0,
            "max": 350.2989,
            "p(90)": 10.000700000000192,
            "p(95)": 31.729259999999996,
            "avg": 3.7021160395936947
        },
        "http_req_waiting": {
            "p(95)": 489.2050449999997,
            "avg": 153.94076944573703,
            "min": 0,
            "med": 107.8574,
            "max": 1461.8747,
            "p(90)": 395.4392
        },
        "iteration_duration": {
            "p(95)": 6437.523450000001,
            "avg": 2840.544942595616,
            "min": 38.9273,
            "med": 2456.1933,
            "max": 6703.0581,
            "p(90)": 6045.8198
        },
        "http_req_failed": {
            "passes": 0,
            "fails": 154368,
            "thresholds": {
                "rate<0.05": false
            },
            "value": 0
        },
        "http_reqs": {
            "count": 154368,
            "rate": 1286.0297884614126
        },
        "http_req_sending": {
            "p(95)": 0,
            "avg": 0.006363347325870638,
            "min": 0,
            "med": 0,
            "max": 4.5115,
            "p(90)": 0
        },
        "data_received": {
            "count": 4401372199,
            "rate": 36667546.110721864
        },
        "http_req_blocked": {
            "p(90)": 0,
            "p(95)": 0,
            "avg": 0.0021505571102819264,
            "min": 0,
            "med": 0,
            "max": 3.5117
        },
        "checks": {
            "passes": 154368,
            "fails": 0,
            "value": 1
        }
    },
    "root_group": {
        "groups": {},
        "checks": {
                "list products: status 200": {
                    "fails": 0,
                    "name": "list products: status 200",
                    "path": "::list products: status 200",
                    "id": "924a40c79df3d6bc39fdcdfcc923816e",
                    "passes": 8576
                },
                "list products: has data": {
                    "name": "list products: has data",
                    "path": "::list products: has data",
                    "id": "4290724cf781171eb17f384ed5f458d4",
                    "passes": 8576,
                    "fails": 0
                },
                "get product: status 200 or 404": {
                    "id": "2cbbbbbba72fe3cd0c1b28772a24e4c9",
                    "passes": 8576,
                    "fails": 0,
                    "name": "get product: status 200 or 404",
                    "path": "::get product: status 200 or 404"
                },
                "search: status 200": {
                    "fails": 0,
                    "name": "search: status 200",
                    "path": "::search: status 200",
                    "id": "cd68838b4cc6f7786becc08340f51f71",
                    "passes": 8576
                },
                "category filter: status 200": {
                    "name": "category filter: status 200",
                    "path": "::category filter: status 200",
                    "id": "08bdd22fe49b26bd9062a4063e91365b",
                    "passes": 8576,
                    "fails": 0
                },
                "reviews by product: status 200": {
                    "passes": 8576,
                    "fails": 0,
                    "name": "reviews by product: status 200",
                    "path": "::reviews by product: status 200",
                    "id": "ff38d5a6484e85363435e2bde0050fd7"
                },
                "average rating: status 200": {
                    "name": "average rating: status 200",
                    "path": "::average rating: status 200",
                    "id": "410881361114124b5478d42656b0fe57",
                    "passes": 8576,
                    "fails": 0
                },
                "add to cart: status 200 or 201": {
                    "fails": 0,
                    "name": "add to cart: status 200 or 201",
                    "path": "::add to cart: status 200 or 201",
                    "id": "1788e10b98590b202bef7a8dbc573220",
                    "passes": 8576
                },
                "get cart: status 200": {
                    "passes": 8576,
                    "fails": 0,
                    "name": "get cart: status 200",
                    "path": "::get cart: status 200",
                    "id": "28c7dad2666418e7df7959192396d5c0"
                },
                "create order: status 201": {
                    "name": "create order: status 201",
                    "path": "::create order: status 201",
                    "id": "1bcfa49d77d46f40d66acd4c4ffcf2a7",
                    "passes": 8576,
                    "fails": 0
                },
                "home page: status 200": {
                    "name": "home page: status 200",
                    "path": "::home page: status 200",
                    "id": "8d960afda292b63e7c50c7370794be43",
                    "passes": 8576,
                    "fails": 0
                },
                "products page: status 200": {
                    "name": "products page: status 200",
                    "path": "::products page: status 200",
                    "id": "d3ec3a910ae752d937097964558034ff",
                    "passes": 8576,
                    "fails": 0
                },
                "product detail page: status 200": {
                    "passes": 8576,
                    "fails": 0,
                    "name": "product detail page: status 200",
                    "path": "::product detail page: status 200",
                    "id": "b24b993fd6b4e43d3aa894d986fa618f"
                },
                "add to cart (page): status 200": {
                    "name": "add to cart (page): status 200",
                    "path": "::add to cart (page): status 200",
                    "id": "f0cd3e144cbac350e1e6ac88a1b85040",
                    "passes": 8576,
                    "fails": 0
                },
                "cart page: status 200": {
                    "id": "71a46f5b7a13213d2d57118ccbab0ff3",
                    "passes": 8576,
                    "fails": 0,
                    "name": "cart page: status 200",
                    "path": "::cart page: status 200"
                },
                "checkout page: status 200": {
                    "fails": 0,
                    "name": "checkout page: status 200",
                    "path": "::checkout page: status 200",