{
    "metrics": {
        "http_req_failed": {
            "passes": 0,
            "fails": 41719,
            "thresholds": {
                "rate<0.03": false
            },
            "value": 0
        },
        "http_req_waiting": {
            "avg": 5.247680423787692,
            "min": 0,
            "med": 1.0472,
            "max": 166.2412,
            "p(90)": 13.193560000000002,
            "p(95)": 22.177529999999983
        },
        "iteration_duration": {
            "avg": 1339.8337538184971,
            "min": 1314.0955,
            "med": 1323.8573,
            "max": 1530.7786,
            "p(90)": 1386.4314800000002,
            "p(95)": 1415.0283599999998
        },
        "vus": {
            "min": 1,
            "max": 199,
            "value": 1
        },
        "vus_max": {
            "value": 200,
            "min": 200,
            "max": 200
        },
        "iterations": {
            "rate": 57.35076836613672,
            "count": 6953
        },
        "http_req_duration": {
            "med": 1.1104,
            "max": 180.0245,
            "p(90)": 15.427940000000003,
            "p(95)": 24.200239999999976,
            "avg": 5.911257012392433,
            "min": 0,
            "thresholds": {
                "p(95)<1500": false
            }
        },
        "http_req_blocked": {
            "max": 16.2398,
            "p(90)": 0,
            "p(95)": 0,
            "avg": 0.003753651813322463,
            "min": 0,
            "med": 0
        },
        "data_sent": {
            "count": 4918965,
            "rate": 40573.33846053987
        },
        "http_req_connecting": {
            "p(90)": 0,
            "p(95)": 0,
            "avg": 0.0013057599654833526,
            "min": 0,
            "med": 0,
            "max": 10.4056
        },
        "http_req_sending": {
            "avg": 0.00430738752127328,
            "min": 0,
            "med": 0,
            "max": 4.1061,
            "p(90)": 0,
            "p(95)": 0
        },
        "http_req_receiving": {
            "min": 0,
            "med": 0,
            "max": 87.7094,
            "p(90)": 2.072560000000001,
            "p(95)": 2.8455799999999973,
            "avg": 0.6592692010834394
        },
        "http_reqs": {
            "count": 41719,
            "rate": 344.1128585454995
        },
        "checks": {
            "passes": 48671,
            "fails": 0,
            "value": 1
        },
        "http_req_tls_handshaking": {
            "p(90)": 0,
            "p(95)": 0,
            "avg": 0,
            "min": 0,
            "med": 0,
            "max": 0
        },
        "data_received": {
            "count": 2902396545,
            "rate": 23939978.7083231
        },
        "http_req_duration{expected_response:true}": {
            "avg": 5.911257012392433,
            "min": 0,
            "med": 1.1104,
            "max": 180.0245,
            "p(90)": 15.427940000000003,
            "p(95)": 24.200239999999976
        }
    },
    "root_group": {
        "path": "",
        "id": "d41d8cd98f00b204e9800998ecf8427e",
        "groups": {},
        "checks": {
                "create review: status 201": {
                    "name": "create review: status 201",
                    "path": "::create review: status 201",
                    "id": "c932329e2b3295bcd8e6c629e7ac0d13",
                    "passes": 6953,
                    "fails": 0
                },
                "list all reviews: status 200": {
                    "name": "list all reviews: status 200",
                    "path": "::list all reviews: status 200",
                    "id": "f4e88e6d43443e544640686b0ffab8b2",
                    "passes": 6953,
                    "fails": 0
                },
                "get review by id: status 200": {
                    "fails": 0,
                    "name": "get review by id: status 200",
                    "path": "::get review by id: status 200",
                    "id": "1f3a78c739c7c8c3e5a40d8e733fd292",
                    "passes": 6953
                },
                "get review by id: rating matches": {
                    "name": "get review by id: rating matches",
                    "path": "::get review by id: rating matches",
                    "id": "a1950b9cde3cedc5615a7e443c239f01",
                    "passes": 6953,
                    "fails": 0
                },
                "reviews by product: status 200": {
                    "name": "reviews by product: status 200",
                    "path": "::reviews by product: status 200",
                    "id": "ff38d5a6484e85363435e2bde0050fd7",
                    "passes": 6953,
                    "fails": 0
                },
                "average rating: status 200": {
                    "name": "average rating: status 200",
                    "path": "::average rating: status 200",
                    "id": "410881361114124b5478d42656b0fe57",
                    "passes": 6953,
                    "fails": 0
                },
                "delete review: status 200 or 204": {
                    "name": "delete review: status 200 or 204",
                    "path": "::delete review: status 200 or 204",
                    "id": "57b5378af40d81f36ee360a25b812e46",
                    "passes": 6953,
                    "fails": 0
                }
            },
        "name": ""
    }
}