{
    "metrics": {
        "data_received": {
            "count": 7730490272,
            "rate": 64371439.667023875
        },
        "http_req_duration": {
            "avg": 193.8780794647104,
            "min": 0,
            "med": 150.6707,
            "max": 1122.1199,
            "p(90)": 457.2198099999999,
            "p(95)": 544.1316,
            "thresholds": {
                "p(95)<2000": false
            }
        },
        "http_req_tls_handshaking": {
            "min": 0,
            "med": 0,
            "max": 0,
            "p(90)": 0,
            "p(95)": 0,
            "avg": 0
        },
        "http_req_waiting": {
            "min": 0,
            "med": 134.51195,
            "max": 920.7695,
            "p(90)": 448.53468999999996,
            "p(95)": 535.5294349999992,
            "avg": 185.2447338059287
        },
        "checks": {
            "passes": 126324,
            "fails": 0,
            "value": 1
        },
        "vus_max": {
            "value": 500,
            "min": 500,
            "max": 500
        },
        "http_req_duration{expected_response:true}": {
            "p(95)": 544.1316,
            "avg": 193.8780794647104,
            "min": 0,
            "med": 150.6707,
            "max": 1122.1199,
            "p(90)": 457.2198099999999
        },
        "iteration_duration": {
            "max": 8195.9969,
            "p(90)": 7230.32354,
            "p(95)": 7559.425485,
            "avg": 3493.702092006276,
            "min": 71.6534,
            "med": 3288.68905
        },
        "http_req_sending": {
            "p(90)": 0,
            "p(95)": 0,
            "avg": 0.007883679269180831,
            "min": 0,
            "med": 0,
            "max": 9.0378
        },
        "http_req_blocked": {
            "med": 0,
            "max": 7.9344,
            "p(90)": 0,
            "p(95)": 0,
            "avg": 0.0026766631835597374,
            "min": 0
        },
        "vus": {
            "value": 3,
            "min": 1,
            "max": 500
        },
        "http_reqs": {
            "count": 126324,
            "rate": 1051.894182436289
        },
        "http_req_connecting": {
            "max": 2.2197,
            "p(90)": 0,
            "p(95)": 0,
            "avg": 0.000801022766853488,
            "min": 0,
            "med": 0
        },
        "http_req_failed": {
            "passes": 0,
            "fails": 126324,
            "thresholds": {
                "rate<0.05": false
            },
            "value": 0
        },
        "http_req_receiving": {
            "avg": 8.625461979512945,
            "min": 0,
            "med": 0,
            "max": 762.2807,
            "p(90)": 42.26318999999995,
            "p(95)": 62.06164999999999
        },
        "data_sent": {
            "rate": 211990.31032956787,
            "count": 25458325
        },
        "iterations": {
            "count": 7018,
            "rate": 58.43856569090494
        }
    },
    "root_group": {
        "id": "d41d8cd98f00b204e9800998ecf8427e",
        "groups": {},
        "checks": {
                "list products: status 200": {
                    "name": "list products: status 200",
                    "path": "::list products: status 200",
                    "id": "924a40c79df3d6bc39fdcdfcc923816e",
                    "passes": 7018,
                    "fails": 0
                },
                "list products: has data": {
                    "fails": 0,
                    "name": "list products: has data",
                    "path": "::list products: has data",
                    "id": "4290724cf781171eb17f384ed5f458d4",
                    "passes": 7018
                },
                "get product: status 200 or 404": {
                    "fails": 0,
                    "name": "get product: status 200 or 404",
                    "path": "::get product: status 200 or 404",
                    "id": "2cbbbbbba72fe3cd0c1b28772a24e4c9",
                    "passes": 7018
                },
                "search: status 200": {
                    "passes": 7018,
                    "fails": 0,
                    "name": "search: status 200",
                    "path": "::search: status 200",
                    "id": "cd68838b4cc6f7786becc08340f51f71"
                },
                "category filter: status 200": {
                    "name": "category filter: status 200",
                    "path": "::category filter: status 200",
                    "id": "08bdd22fe49b26bd9062a4063e91365b",
                    "passes": 7018,
                    "fails": 0
                },
                "reviews by product: status 200": {
                    "passes": 7018,
                    "fails": 0,
                    "name": "reviews by product: status 200",
                    "path": "::reviews by product: status 200",
                    "id": "ff38d5a6484e85363435e2bde0050fd7"
                },
                "average rating: status 200": {
                    "name": "average rating: status 200",
                    "path": "::average rating: status 200",
                    "id": "410881361114124b5478d42656b0fe57",
                    "passes": 7018,
                    "fails": 0
                },
                "add to cart: status 200 or 201": {
                    "fails": 0,
                    "name": "add to cart: status 200 or 201",
                    "path": "::add to cart: status 200 or 201",
                    "id": "1788e10b98590b202bef7a8dbc573220",
                    "passes": 7018
                },
                "get cart: status 200": {
                    "name": "get cart: status 200",
                    "path": "::get cart: status 200",
                    "id": "28c7dad2666418e7df7959192396d5c0",
                    "passes": 7018,
                    "fails": 0
                },
                "create order: status 201": {
                    "fails": 0,
                    "name": "create order: status 201",
                    "path": "::create order: status 201",
                    "id": "1bcfa49d77d46f40d66acd4c4ffcf2a7",
                    "passes": 7018
                },
                "home page: status 200": {
                    "passes": 7018,
                    "fails": 0,
                    "name": "home page: status 200",
                    "path": "::home page: status 200",
                    "id": "8d960afda292b63e7c50c7370794be43"
                },
                "products page: status 200": {
                    "passes": 7018,
                    "fails": 0,
                    "name": "products page: status 200",
                    "path": "::products page: status 200",
                    "id": "d3ec3a910ae752d937097964558034ff"
                },
                "product detail page: status 200": {
                    "name": "product detail page: status 200",
                    "path": "::product detail page: status 200",
                    "id": "b24b993fd6b4e43d3aa894d986fa618f",
                    "passes": 7018,
                    "fails": 0
                },
                "add to cart (page): status 200": {
                    "name": "add to cart (page): status 200",
                    "path": "::add to cart (page): status 200",
                    "id": "f0cd3e144cbac350e1e6ac88a1b85040",
                    "passes": 7018,
                    "fails": 0
                },
                "cart page: status 200": {
                    "name": "cart page: status 200",
                    "path": "::cart page: status 200",
                    "id": "71a46f5b7a13213d2d57118ccbab0ff3",
                    "passes": 7018,
                    "fails": 0
                },
                "checkout page: status 200": {
                    "name": "checkout page: status 200",
                    "path": "::checkout page: status 200",