{
    "metrics": {
        "http_req_connecting": {
            "p(90)": 0,
            "p(95)": 0,
            "avg": 0.0012153281015194527,
            "min": 0,
            "med": 0,
            "max": 11.1304
        },
        "vus": {
            "value": 1,
            "min": 1,
            "max": 199
        },
        "iterations": {
            "count": 6987,
            "rate": 57.63823902823886
        },
        "http_req_failed": {
            "passes": 0,
            "fails": 41923,
            "thresholds": {
                "rate<0.03": false
            },
            "value": 0
        },
        "http_req_duration{expected_response:true}": {
            "med": 1.1206,
            "max": 144.38,
            "p(90)": 14.0249,
            "p(95)": 18.786490000000004,
            "avg": 5.089382637215854,
            "min": 0
        },
        "http_req_sending": {
            "med": 0,
            "max": 13.7252,
            "p(90)": 0,
            "p(95)": 0,
            "avg": 0.005968477923812701,
            "min": 0
        },
        "checks": {
            "passes": 48909,
            "fails": 0,
            "value": 1
        },
        "http_req_tls_handshaking": {
            "med": 0,
            "max": 0,
            "p(90)": 0,
            "p(95)": 0,
            "avg": 0,
            "min": 0
        },
        "iteration_duration": {
            "avg": 1333.987356977244,
            "min": 1313.6558,
            "med": 1323.6513,
            "max": 1545.065,
            "p(90)": 1373.67606,
            "p(95)": 1390.83916
        },
        "vus_max": {
            "value": 200,
            "min": 200,
            "max": 200
        },
        "http_req_waiting": {
            "avg": 4.418588905851175,
            "min": 0,
            "med": 1.0421,
            "max": 138.9737,
            "p(90)": 11.882460000000014,
            "p(95)": 16.5786
        },
        "http_req_duration": {
            "min": 0,
            "med": 1.1206,
            "max": 144.38,
            "p(90)": 14.0249,
            "p(95)": 18.786490000000004,
            "avg": 5.089382637215854,
            "thresholds": {
                "p(95)<1500": false
            }
        },
        "http_reqs": {
            "count": 41923,
            "rate": 345.8376835238096
        },
        "http_req_receiving": {
            "avg": 0.6648252534408337,
            "min": 0,
            "med": 0,
            "max": 84.2649,
            "p(90)": 2.072640000000001,
            "p(95)": 2.8863
        },
        "data_sent": {
            "count": 4942990,
            "rate": 40776.47618923635
        },
        "http_req_blocked": {
            "p(95)": 0,
            "avg": 0.0030131002075233174,
            "min": 0,
            "med": 0,
            "max": 11.1304,
            "p(90)": 0
        },
        "data_received": {
            "count": 2915833377,
            "rate": 24053742.829546716
        }
    },
    "root_group": {
        "name": "",
        "path": "",
        "id": "d41d8cd98f00b204e9800998ecf8427e",
        "groups": {},
        "checks": {
                "create review: status 201": {
                    "name": "create review: status 201",
                    "path": "::create review: status 201",
                    "id": "c932329e2b3295bcd8e6c629e7ac0d13",
                    "passes": 6987,
                    "fails": 0
                },
                "list all reviews: status 200": {
                    "passes": 6987,
                    "fails": 0,
                    "name": "list all reviews: status 200",
                    "path": "::list all reviews: status 200",
                    "id": "f4e88e6d43443e544640686b0ffab8b2"
                },
                "get review by id: status 200": {
                    "name": "get review by id: status 200",
                    "path": "::get review by id: status 200",
                    "id": "1f3a78c739c7c8c3e5a40d8e733fd292",
                    "passes": 6987,
                    "fails": 0
                },
                "get review by id: rating matches": {
                    "name": "get review by id: rating matches",
                    "path": "::get review by id: rating matches",
                    "id": "a1950b9cde3cedc5615a7e443c239f01",
                    "passes": 6987,
                    "fails": 0
                },
                "reviews by product: status 200": {
                    "name": "reviews by product: status 200",
                    "path": "::reviews by product: status 200",
                    "id": "ff38d5a6484e85363435e2bde0050fd7",
                    "passes": 6987,
                    "fails": 0
                },
                "average rating: status 200": {
                    "name": "average rating: status 200",
                    "path": "::average rating: status 200",
                    "id": "410881361114124b5478d42656b0fe57",
                    "passes": 6987,
                    "fails": 0
                },
                "delete review: status 200 or 204": {
                    "fails": 0,
                    "name": "delete review: status 200 or 204",
                    "path": "::delete review: status 200 or 204",
                    "id": "57b5378af40d81f36ee360a25b812e46",
                    "passes": 6987
                }
            }
    }
}