{
    "metrics": {
        "vus": {
            "max": 500,
            "value": 3,
            "min": 1
        },
        "http_req_sending": {
            "p(95)": 0,
            "avg": 0.006898414354693498,
            "min": 0,
            "med": 0,
            "max": 6.5488,
            "p(90)": 0
        },
        "http_req_receiving": {
            "p(90)": 16.841590000000057,
            "p(95)": 32.620549999999994,
            "avg": 4.31849042406632,
            "min": 0,
            "med": 0,
            "max": 271.1676
        },
        "http_req_tls_handshaking": {
            "min": 0,
            "med": 0,
            "max": 0,
            "p(90)": 0,
            "p(95)": 0,
            "avg": 0
        },
        "http_req_blocked": {
            "min": 0,
            "med": 0,
            "max": 11.8396,
            "p(90)": 0,
            "p(95)": 0,
            "avg": 0.002504091305889732
        },
        "checks": {
            "passes": 146628,
            "fails": 0,
            "value": 1
        },
        "iterations": {
            "count": 8146,
            "rate": 67.86067550204164
        },
        "vus_max": {
            "value": 500,
            "min": 500,
            "max": 500
        },
        "http_reqs": {
            "count": 146628,
            "rate": 1221.4921590367496
        },
        "http_req_failed": {
            "passes": 0,
            "fails": 146628,
            "thresholds": {
                "rate<0.05": false
            },
            "value": 0
        },
        "http_req_duration{expected_response:true}": {
            "p(90)": 403.76820000000026,
            "p(95)": 505.172845,
            "avg": 166.33286257808993,
            "min": 0,
            "med": 124.2475,
            "max": 901.8992
        },
        "iteration_duration": {
            "min": 55.5614,
            "med": 2813.4214,
            "max": 7171.4572,
            "p(90)": 6294.13975,
            "p(95)": 6767.957525,
            "avg": 2996.9793539528496
        },
        "http_req_waiting": {
            "p(90)": 401.48947000000055,
            "p(95)": 502.41331499999995,
            "avg": 162.00747373966726,
            "min": 0,
            "med": 116.44145,
            "max": 901.8992
        },
        "http_req_duration": {
            "avg": 166.33286257808993,
            "min": 0,
            "med": 124.2475,
            "max": 901.8992,
            "p(90)": 403.76820000000026,
            "p(95)": 505.172845,
            "thresholds": {
                "p(95)<2000": false
            }
        },
        "data_sent": {
            "count": 29552179,
            "rate": 246185.95991864102
        },
        "http_req_connecting": {
            "med": 0,
            "max": 3.3136,
            "p(90)": 0,
            "p(95)": 0,
            "avg": 0.0006474506915459532,
            "min": 0
        },
        "data_received": {
            "count": 4880543428,
            "rate": 40657620.16218144
        }
    },
    "root_group": {
        "name": "",
        "path": "",
        "id": "d41d8cd98f00b204e9800998ecf8427e",
        "groups": {},
        "checks": {
                "list products: status 200": {
                    "passes": 8146,
                    "fails": 0,
                    "name": "list products: status 200",
                    "path": "::list products: status 200",
                    "id": "924a40c79df3d6bc39fdcdfcc923816e"
                },
                "list products: has data": {
                    "path": "::list products: has data",
                    "id": "4290724cf781171eb17f384ed5f458d4",
                    "passes": 8146,
                    "fails": 0,
                    "name": "list products: has data"
                },
                "get product: status 200 or 404": {
                    "name": "get product: status 200 or 404",
                    "path": "::get product: status 200 or 404",
                    "id": "2cbbbbbba72fe3cd0c1b28772a24e4c9",
                    "passes": 8146,
                    "fails": 0
                },
                "search: status 200": {
                    "name": "search: status 200",
                    "path": "::search: status 200",
                    "id": "cd68838b4cc6f7786becc08340f51f71",
                    "passes": 8146,
                    "fails": 0
                },
                "category filter: status 200": {
                    "fails": 0,
                    "name": "category filter: status 200",
                    "path": "::category filter: status 200",
                    "id": "08bdd22fe49b26bd9062a4063e91365b",
                    "passes": 8146
                },
                "reviews by product: status 200": {
                    "fails": 0,
                    "name": "reviews by product: status 200",
                    "path": "::reviews by product: status 200",
                    "id": "ff38d5a6484e85363435e2bde0050fd7",
                    "passes": 8146
                },
                "average rating: status 200": {
                    "id": "410881361114124b5478d42656b0fe57",
                    "passes": 8146,
                    "fails": 0,
                    "name": "average rating: status 200",
                    "path": "::average rating: status 200"
                },
                "add to cart: status 200 or 201": {
                    "passes": 8146,
                    "fails": 0,
                    "name": "add to cart: status 200 or 201",
                    "path": "::add to cart: status 200 or 201",
                    "id": "1788e10b98590b202bef7a8dbc573220"
                },
                "get cart: status 200": {
                    "id": "28c7dad2666418e7df7959192396d5c0",
                    "passes": 8146,
                    "fails": 0,
                    "name": "get cart: status 200",
                    "path": "::get cart: status 200"
                },
                "create order: status 201": {
                    "name": "create order: status 201",
                    "path": "::create order: status 201",
                    "id": "1bcfa49d77d46f40d66acd4c4ffcf2a7",
                    "passes": 8146,
                    "fails": 0
                },
                "home page: status 200": {
                    "passes": 8146,
                    "fails": 0,
                    "name": "home page: status 200",
                    "path": "::home page: status 200",
                    "id": "8d960afda292b63e7c50c7370794be43"
                },
                "products page: status 200": {
                    "name": "products page: status 200",
                    "path": "::products page: status 200",
                    "id": "d3ec3a910ae752d937097964558034ff",
                    "passes": 8146,
                    "fails": 0
                },
                "product detail page: status 200": {
                    "name": "product detail page: status 200",
                    "path": "::product detail page: status 200",
                    "id": "b24b993fd6b4e43d3aa894d986fa618f",
                    "passes": 8146,
                    "fails": 0
                },
                "add to cart (page): status 200": {
                    "name": "add to cart (page): status 200",
                    "path": "::add to cart (page): status 200",
                    "id": "f0cd3e144cbac350e1e6ac88a1b85040",
                    "passes": 8146,
                    "fails": 0
                },
                "cart page: status 200": {
                    "passes": 8146,
                    "fails": 0,
                    "name": "cart page: status 200",
                    "path": "::cart page: status 200",
                    "id": "71a46f5b7a13213d2d57118ccbab0ff3"
                },
                "checkout page: status 200": {
                    "name": "checkout page: status 200",