{
    "metrics": {
        "vus_max": {
            "value": 50,
            "min": 50,
            "max": 50
        },
        "http_req_tls_handshaking": {
            "p(90)": 0,
            "p(95)": 0,
            "avg": 0,
            "min": 0,
            "med": 0,
            "max": 0
        },
        "http_req_connecting": {
            "avg": 0.019610561056105605,
            "min": 0,
            "med": 0,
            "max": 6.9136,
            "p(90)": 0,
            "p(95)": 0
        },
        "http_req_failed": {
            "passes": 0,
            "fails": 3939,
            "thresholds": {
                "rate<0.01": false
            },
            "value": 0
        },
        "http_req_duration{expected_response:true}": {
            "min": 0,
            "med": 15.5958,
            "max": 263.2749,
            "p(90)": 68.8572000000001,
            "p(95)": 109.38787999999998,
            "avg": 27.453839807057662
        },
        "vus": {
            "min": 3,
            "max": 50,
            "value": 3
        },
        "data_sent": {
            "rate": 12329.270102107916,
            "count": 429177
        },
        "iteration_duration": {
            "min": 4876.3013,
            "med": 5034.4681,
            "max": 5467.2111,
            "p(90)": 5337.26594,
            "p(95)": 5431.863,
            "avg": 5080.494560066009
        },
        "http_reqs": {
            "count": 3939,
            "rate": 113.1584286487931
        },
        "iterations": {
            "count": 303,
            "rate": 8.704494511445624
        },
        "data_received": {
            "count": 199779458,
            "rate": 5739205.266206539
        },
        "http_req_sending": {
            "max": 20.3523,
            "p(90)": 0,
            "p(95)": 0.08101,
            "avg": 0.028472835745112977,
            "min": 0,
            "med": 0
        },
        "checks": {
            "passes": 3939,
            "fails": 0,
            "value": 1
        },
        "http_req_blocked": {
            "p(95)": 0,
            "avg": 0.036449606499111435,
            "min": 0,
            "med": 0,
            "max": 13.4345,
            "p(90)": 0
        },
        "http_req_receiving": {
            "max": 92.8258,
            "p(90)": 2.1289800000000003,
            "p(95)": 3.3836,
            "avg": 1.2306833460269084,
            "min": 0,
            "med": 0
        },
        "http_req_duration": {
            "med": 15.5958,
            "max": 263.2749,
            "p(90)": 68.8572000000001,
            "p(95)": 109.38787999999998,
            "avg": 27.453839807057662,
            "min": 0,
            "thresholds": {
                "p(95)<500": false
            }
        },
        "http_req_waiting": {
            "avg": 26.194683625285535,
            "min": 0,
            "med": 15.0075,
            "max": 263.2749,
            "p(90)": 67.77546000000001,
            "p(95)": 99.62339999999998
        }
    },
    "root_group": {
        "groups": {},
        "checks": {
                "list products: status 200": {
                    "passes": 303,
                    "fails": 0,
                    "name": "list products: status 200",
                    "path": "::list products: status 200",
                    "id": "924a40c79df3d6bc39fdcdfcc923816e"
                },
                "list products: has data": {
                    "id": "4290724cf781171eb17f384ed5f458d4",
                    "passes": 303,
                    "fails": 0,
                    "name": "list products: has data",
                    "path": "::list products: has data"
                },
                "get product: status 200 or 404": {
                    "fails": 0,
                    "name": "get product: status 200 or 404",
                    "path": "::get product: status 200 or 404",
                    "id": "2cbbbbbba72fe3cd0c1b28772a24e4c9",
                    "passes": 303
                },
                "search: status 200": {
                    "name": "search: status 200",
                    "path": "::search: status 200",
                    "id": "cd68838b4cc6f7786becc08340f51f71",
                    "passes": 303,
                    "fails": 0
                },
                "category filter: status 200": {
                    "name": "category filter: status 200",
                    "path": "::category filter: status 200",
                    "id": "08bdd22fe49b26bd9062a4063e91365b",
                    "passes": 303,
                    "fails": 0
                },
                "reviews by product: status 200": {
                    "passes": 303,
                    "fails": 0,
                    "name": "reviews by product: status 200",
                    "path": "::reviews by product: status 200",
                    "id": "ff38d5a6484e85363435e2bde0050fd7"
                },
                "average rating: status 200": {
                    "name": "average rating: status 200",
                    "path": "::average rating: status 200",
                    "id": "410881361114124b5478d42656b0fe57",
                    "passes": 303,
                    "fails": 0
                },
                "add to cart: status 200 or 201": {
                    "passes": 303,
                    "fails": 0,
                    "name": "add to cart: status 200 or 201",
                    "path": "::add to cart: status 200 or 201",
                    "id": "1788e10b98590b202bef7a8dbc573220"
                },
                "get cart: status 200": {
                    "name": "get cart: status 200",
                    "path": "::get cart: status 200",
                    "id": "28c7dad2666418e7df7959192396d5c0",
                    "passes": 303,
                    "fails": 0
                },
                "create order: status 201": {
                    "name": "create order: status 201",
                    "path": "::create order: status 201",
                    "id": "1bcfa49d77d46f40d66acd4c4ffcf2a7",
                    "passes": 303,
                    "fails": 0
                },
                "home page: status 200": {
                    "path": "::home page: status 200",
                    "id": "8d960afda292b63e7c50c7370794be43",
                    "passes": 303,
                    "fails": 0,
                    "name": "home page: status 200"
                },
                "products page: status 200": {
                    "name": "products page: status 200",
                    "path": "::products page: status 200",
                    "id": "d3ec3a910ae752d937097964558034ff",
                    "passes": 303,
                    "fails": 0
                },
                "product detail page: status 200": {
                    "id": "b24b993fd6b4e43d3aa894d986fa618f",
                    "passes": 303,
                    "fails": 0,
                    "name": "product detail page: status 200",
                    "path": "::product detail page: status 200"
                }
            },
        "name": "",
        "path": "",
        "id": "d41d8cd98f00b204e9800998ecf8427e"
    }
}