{
    "metrics": {
        "http_req_duration{expected_response:true}": {
            "p(95)": 2.9536,
            "avg": 1.404640661961092,
            "min": 0,
            "med": 1.1738,
            "max": 30.3332,
            "p(90)": 2.4611
        },
        "vus_max": {
            "max": 200,
            "value": 200,
            "min": 200
        },
        "http_reqs": {
            "count": 41936,
            "rate": 346.5666346129443
        },
        "http_req_connecting": {
            "avg": 0.0007777422739412435,
            "min": 0,
            "med": 0,
            "max": 0.5456,
            "p(90)": 0,
            "p(95)": 0
        },
        "iteration_duration": {
            "avg": 1108.9120917491357,
            "min": 1104.2565,
            "med": 1108.687,
            "max": 1138.257,
            "p(90)": 1110.34278,
            "p(95)": 1111.13762
        },
        "data_received": {
            "rate": 386122.5103301625,
            "count": 46722425
        },
        "http_req_failed": {
            "passes": 0,
            "fails": 41936,
            "thresholds": {
                "rate<0.05": false
            },
            "value": 0
        },
        "checks": {
            "fails": 0,
            "passes": 50322,
            "value": 1
        },
        "http_req_blocked": {
            "p(95)": 0,
            "avg": 0.0020400228920259434,
            "min": 0,
            "med": 0,
            "max": 15.6417,
            "p(90)": 0
        },
        "http_req_duration": {
            "avg": 1.404640661961092,
            "min": 0,
            "med": 1.1738,
            "max": 30.3332,
            "p(90)": 2.4611,
            "p(95)": 2.9536,
            "thresholds": {
                "p(95)<2000": false
            }
        },
        "http_req_waiting": {
            "max": 27.0574,
            "p(90)": 2.1722,
            "p(95)": 2.696575,
            "avg": 1.152066529950402,
            "min": 0,
            "med": 1.0532
        },
        "http_req_tls_handshaking": {
            "max": 0,
            "p(90)": 0,
            "p(95)": 0,
            "avg": 0,
            "min": 0,
            "med": 0
        },
        "http_req_sending": {
            "min": 0,
            "med": 0,
            "max": 0.5426,
            "p(90)": 0,
            "p(95)": 0,
            "avg": 0.0022586059710034334
        },
        "http_req_receiving": {
            "min": 0,
            "med": 0,
            "max": 12.0597,
            "p(90)": 0.7849,
            "p(95)": 1.098675,
            "avg": 0.25031552603967855
        },
        "vus": {
            "value": 1,
            "min": 1,
            "max": 199
        },
        "data_sent": {
            "count": 6548600,
            "rate": 54118.80635793416
        },
        "iterations": {
            "count": 8387,
            "rate": 69.31167408667407
        }
    },
    "setup_data": {
        "productCount": 1000
    },
    "root_group": {
        "name": "",
        "path": "",
        "id": "d41d8cd98f00b204e9800998ecf8427e",
        "groups": {},
        "checks": {
                "create order: status 201": {
                    "name": "create order: status 201",
                    "path": "::create order: status 201",
                    "id": "1bcfa49d77d46f40d66acd4c4ffcf2a7",
                    "passes": 8387,
                    "fails": 0
                },
                "get order by id: status 200": {
                    "name": "get order by id: status 200",
                    "path": "::get order by id: status 200",
                    "id": "05229a3c72e644b755b6ef58616276b1",
                    "passes": 8387,
                    "fails": 0
                },
                "orders by customer: status 200": {
                    "name": "orders by customer: status 200",
                    "path": "::orders by customer: status 200",
                    "id": "a40d104ad4af89a1b8cd3ee45a9c83f6",
                    "passes": 8387,
                    "fails": 0
                },
                "orders by customer: has results": {
                    "fails": 0,
                    "name": "orders by customer: has results",
                    "path": "::orders by customer: has results",
                    "id": "cd29285d74105a7d0fdc6b8d68cd484b",
                    "passes": 8387
                },
                "update to Shipped: status 200 or 204": {
                    "name": "update to Shipped: status 200 or 204",
                    "path": "::update to Shipped: status 200 or 204",
                    "id": "0612ab64fd42e505efc3b1aa01182531",
                    "passes": 8387,
                    "fails": 0
                },
                "update to Delivered: status 200 or 204": {
                    "fails": 0,
                    "name": "update to Delivered: status 200 or 204",
                    "path": "::update to Delivered: status 200 or 204",
                    "id": "9a46f2a8c6f6049e49f5299369175bd4",
                    "passes": 8387
                }
            }
    }
}