{
    "metrics": {
        "http_req_duration": {
            "min": 0.5084,
            "med": 147.45735000000002,
            "max": 936.3191,
            "p(90)": 454.8088,
            "p(95)": 547.5170499999995,
            "avg": 191.6308454863076,
            "thresholds": {
                "p(95)<2000": false
            }
        },
        "iterations": {
            "count": 7108,
            "rate": 59.216556197325765
        },
        "http_req_waiting": {
            "p(90)": 450.49924999999996,
            "p(95)": 544.0612399999998,
            "avg": 184.5156845315151,
            "min": 0.4594,
            "med": 133.1981,
            "max": 935.7808
        },
        "http_req_sending": {
            "min": 0,
            "med": 0,
            "max": 7.0113,
            "p(90)": 0,
            "p(95)": 0,
            "avg": 0.007626045770024385
        },
        "data_received": {
            "rate": 55949992.14980744,
            "count": 6715901257
        },
        "http_req_blocked": {
            "avg": 0.0027913579378478115,
            "min": 0,
            "med": 0,
            "max": 9.5025,
            "p(90)": 0,
            "p(95)": 0
        },
        "vus": {
            "value": 3,
            "min": 1,
            "max": 500
        },
        "http_reqs": {
            "count": 127944,
            "rate": 1065.8980115518639
        },
        "iteration_duration": {
            "p(90)": 7278.8536,
            "p(95)": 7755.509775,
            "avg": 3453.2545613393327,
            "min": 58.9056,
            "med": 3144.1157000000003,
            "max": 8304.5566
        },
        "http_req_receiving": {
            "med": 0,
            "max": 521.5199,
            "p(90)": 26.608329999999974,
            "p(95)": 59.238619999999955,
            "avg": 7.107534909022719,
            "min": 0
        },
        "checks": {
            "passes": 127944,
            "fails": 0,
            "value": 1
        },
        "http_req_duration{expected_response:true}": {
            "p(95)": 547.5170499999995,
            "avg": 191.6308454863076,
            "min": 0.5084,
            "med": 147.45735000000002,
            "max": 936.3191,
            "p(90)": 454.8088
        },
        "vus_max": {
            "value": 500,
            "min": 500,
            "max": 500
        },
        "http_req_failed": {
            "passes": 0,
            "fails": 127944,
            "thresholds": {
                "rate<0.05": false
            },
            "value": 0
        },
        "http_req_connecting": {
            "min": 0,
            "med": 0,
            "max": 9.5025,
            "p(90)": 0,
            "p(95)": 0,
            "avg": 0.0007668667542049647
        },
        "http_req_tls_handshaking": {
            "avg": 0,
            "min": 0,
            "med": 0,
            "max": 0,
            "p(90)": 0,
            "p(95)": 0
        },
        "data_sent": {
            "count": 25783057,
            "rate": 214797.95213553088
        }
    },
    "root_group": {
        "name": "",
        "path": "",
        "id": "d41d8cd98f00b204e9800998ecf8427e",
        "groups": {},
        "checks": {
                "list products: status 200": {
                    "name": "list products: status 200",
                    "path": "::list products: status 200",
                    "id": "924a40c79df3d6bc39fdcdfcc923816e",
                    "passes": 7108,
                    "fails": 0
                },
                "list products: has data": {
                    "name": "list products: has data",
                    "path": "::list products: has data",
                    "id": "4290724cf781171eb17f384ed5f458d4",
                    "passes": 7108,
                    "fails": 0
                },
                "get product: status 200 or 404": {
                    "name": "get product: status 200 or 404",
                    "path": "::get product: status 200 or 404",
                    "id": "2cbbbbbba72fe3cd0c1b28772a24e4c9",
                    "passes": 7108,
                    "fails": 0
                },
                "search: status 200": {
                    "fails": 0,
                    "name": "search: status 200",
                    "path": "::search: status 200",
                    "id": "cd68838b4cc6f7786becc08340f51f71",
                    "passes": 7108
                },
                "category filter: status 200": {
                    "name": "category filter: status 200",
                    "path": "::category filter: status 200",
                    "id": "08bdd22fe49b26bd9062a4063e91365b",
                    "passes": 7108,
                    "fails": 0
                },
                "reviews by product: status 200": {
                    "name": "reviews by product: status 200",
                    "path": "::reviews by product: status 200",
                    "id": "ff38d5a6484e85363435e2bde0050fd7",
                    "passes": 7108,
                    "fails": 0
                },
                "average rating: status 200": {
                    "passes": 7108,
                    "fails": 0,
                    "name": "average rating: status 200",
                    "path": "::average rating: status 200",
                    "id": "410881361114124b5478d42656b0fe57"
                },
                "add to cart: status 200 or 201": {
                    "id": "1788e10b98590b202bef7a8dbc573220",
                    "passes": 7108,
                    "fails": 0,
                    "name": "add to cart: status 200 or 201",
                    "path": "::add to cart: status 200 or 201"
                },
                "get cart: status 200": {
                    "passes": 7108,
                    "fails": 0,
                    "name": "get cart: status 200",
                    "path": "::get cart: status 200",
                    "id": "28c7dad2666418e7df7959192396d5c0"
                },
                "create order: status 201": {
                    "passes": 7108,
                    "fails": 0,
                    "name": "create order: status 201",
                    "path": "::create order: status 201",
                    "id": "1bcfa49d77d46f40d66acd4c4ffcf2a7"
                },
                "home page: status 200": {
                    "name": "home page: status 200",
                    "path": "::home page: status 200",
                    "id": "8d960afda292b63e7c50c7370794be43",
                    "passes": 7108,
                    "fails": 0
                },
                "products page: status 200": {
                    "name": "products page: status 200",
                    "path": "::products page: status 200",
                    "id": "d3ec3a910ae752d937097964558034ff",
                    "passes": 7108,
                    "fails": 0
                },
                "product detail page: status 200": {
                    "path": "::product detail page: status 200",
                    "id": "b24b993fd6b4e43d3aa894d986fa618f",
                    "passes": 7108,
                    "fails": 0,
                    "name": "product detail page: status 200"
                },
                "add to cart (page): status 200": {
                    "name": "add to cart (page): status 200",
                    "path": "::add to cart (page): status 200",
                    "id": "f0cd3e144cbac350e1e6ac88a1b85040",
                    "passes": 7108,
                    "fails": 0
                },
                "cart page: status 200": {
                    "path": "::cart page: status 200",
                    "id": "71a46f5b7a13213d2d57118ccbab0ff3",
                    "passes": 7108,
                    "fails": 0,
                    "name": "cart page: status 200"
                },
                "checkout page: status 200": {
                    "name": "checkout page: status 200",