{
    "metrics": {
        "http_req_connecting": {
            "med": 0,
            "max": 32.9317,
            "p(90)": 0,
            "p(95)": 0,
            "avg": 0.0005594004958305162,
            "min": 0
        },
        "http_reqs": {
            "count": 221850,
            "rate": 1848.641657274606
        },
        "iteration_duration": {
            "med": 1689.1563,
            "max": 4887.8655,
            "p(90)": 4198.83542,
            "p(95)": 4515.64592,
            "avg": 1953.9859157241387,
            "min": 25.875
        },
        "vus_max": {
            "value": 500,
            "min": 500,
            "max": 500
        },
        "http_req_receiving": {
            "avg": 5.017333284201026,
            "min": 0,
            "med": 0,
            "max": 148.1785,
            "p(90)": 3.0427100000000005,
            "p(95)": 52.96661999999999
        },
        "http_req_duration": {
            "avg": 108.34239624295444,
            "min": 0,
            "med": 65.3996,
            "max": 666.294,
            "p(90)": 284.74522,
            "p(95)": 366.27894499999996,
            "thresholds": {
                "p(95)<2000": false
            }
        },
        "http_req_duration{expected_response:true}": {
            "avg": 118.76657964147734,
            "min": 0,
            "med": 84.36484999999999,
            "max": 666.294,
            "p(90)": 303.19466,
            "p(95)": 375.59484499999996
        },
        "http_req_failed": {
            "fails": 197200,
            "passes": 24650,
            "thresholds": {
                "rate<0.05": true
            },
            "value": 0.1111111111111111
        },
        "data_received": {
            "count": 8240629385,
            "rate": 68667887.14569402
        },
        "vus": {
            "max": 499,
            "value": 2,
            "min": 1
        },
        "http_req_waiting": {
            "avg": 103.31763264502943,
            "min": 0,
            "med": 47.5037,
            "max": 666.294,
            "p(90)": 284.41922999999997,
            "p(95)": 366.1032049999999
        },
        "http_req_blocked": {
            "med": 0,
            "max": 32.9317,
            "p(90)": 0,
            "p(95)": 0,
            "avg": 0.0024768478701825618,
            "min": 0
        },
        "http_req_tls_handshaking": {
            "p(90)": 0,
            "p(95)": 0,
            "avg": 0,
            "min": 0,
            "med": 0,
            "max": 0
        },
        "iterations": {
            "count": 12325,
            "rate": 102.70231429303367
        },
        "http_req_sending": {
            "min": 0,
            "med": 0,
            "max": 10.0286,
            "p(90)": 0,
            "p(95)": 0,
            "avg": 0.007430313725490188
        },
        "checks": {
            "passes": 197200,
            "fails": 24650,
            "value": 0.8888888888888888
        },
        "data_sent": {
            "count": 39536482,
            "rate": 329451.37528639904
        }
    },
    "root_group": {
        "name": "",
        "path": "",
        "id": "d41d8cd98f00b204e9800998ecf8427e",
        "groups": {},
        "checks": {
                "list products: status 200": {
                    "passes": 12325,
                    "fails": 0,
                    "name": "list products: status 200",
                    "path": "::list products: status 200",
                    "id": "924a40c79df3d6bc39fdcdfcc923816e"
                },
                "list products: has data": {
                    "name": "list products: has data",
                    "path": "::list products: has data",
                    "id": "4290724cf781171eb17f384ed5f458d4",
                    "passes": 12325,
                    "fails": 0
                },
                "get product: status 200 or 404": {
                    "fails": 0,
                    "name": "get product: status 200 or 404",
                    "path": "::get product: status 200 or 404",
                    "id": "2cbbbbbba72fe3cd0c1b28772a24e4c9",
                    "passes": 12325
                },
                "search: status 200": {
                    "fails": 0,
                    "name": "search: status 200",
                    "path": "::search: status 200",
                    "id": "cd68838b4cc6f7786becc08340f51f71",
                    "passes": 12325
                },
                "category filter: status 200": {
                    "id": "08bdd22fe49b26bd9062a4063e91365b",
                    "passes": 12325,
                    "fails": 0,
                    "name": "category filter: status 200",
                    "path": "::category filter: status 200"
                },
                "reviews by product: status 200": {
                    "name": "reviews by product: status 200",
                    "path": "::reviews by product: status 200",
                    "id": "ff38d5a6484e85363435e2bde0050fd7",
                    "passes": 12325,
                    "fails": 0
                },
                "average rating: status 200": {
                    "path": "::average rating: status 200",
                    "id": "410881361114124b5478d42656b0fe57",
                    "passes": 12325,
                    "fails": 0,
                    "name": "average rating: status 200"
                },
                "add to cart: status 200 or 201": {
                    "passes": 12325,
                    "fails": 0,
                    "name": "add to cart: status 200 or 201",
                    "path": "::add to cart: status 200 or 201",
                    "id": "1788e10b98590b202bef7a8dbc573220"
                },
                "get cart: status 200": {
                    "fails": 0,
                    "name": "get cart: status 200",
                    "path": "::get cart: status 200",
                    "id": "28c7dad2666418e7df7959192396d5c0",
                    "passes": 12325
                },
                "create order: status 201": {
                    "name": "create order: status 201",
                    "path": "::create order: status 201",
                    "id": "1bcfa49d77d46f40d66acd4c4ffcf2a7",
                    "passes": 12325,
                    "fails": 0
                },
                "home page: status 200": {
                    "name": "home page: status 200",
                    "path": "::home page: status 200",
                    "id": "8d960afda292b63e7c50c7370794be43",
                    "passes": 12325,
                    "fails": 0
                },
                "products page: status 200": {
                    "path": "::products page: status 200",
                    "id": "d3ec3a910ae752d937097964558034ff",
                    "passes": 12325,
                    "fails": 0,
                    "name": "products page: status 200"
                },
                "product detail page: status 200": {
                    "fails": 0,
                    "name": "product detail page: status 200",
                    "path": "::product detail page: status 200",
                    "id": "b24b993fd6b4e43d3aa894d986fa618f",
                    "passes": 12325
                },
                "add to cart (page): status 200": {
                    "passes": 0,
                    "fails": 12325,
                    "name": "add to cart (page): status 200",
                    "path": "::add to cart (page): status 200",
                    "id": "f0cd3e144cbac350e1e6ac88a1b85040"
                },
                "cart page: status 200": {
                    "name": "cart page: status 200",
                    "path": "::cart page: status 200",
                    "id": "71a46f5b7a13213d2d57118ccbab0ff3",
                    "passes": 12325,
                    "fails": 0
                },