{
    "metrics": {
        "http_req_blocked": {
            "p(90)": 0,
            "p(95)": 0,
            "avg": 0.00265241744461474,
            "min": 0,
            "med": 0,
            "max": 14.84
        },
        "http_req_duration{expected_response:true}": {
            "p(90)": 454.8428,
            "p(95)": 540.009225,
            "avg": 189.84843132537722,
            "min": 0,
            "med": 145.17540000000002,
            "max": 923.9056
        },
        "vus_max": {
            "value": 500,
            "min": 500,
            "max": 500
        },
        "http_req_failed": {
            "passes": 0,
            "fails": 129186,
            "thresholds": {
                "rate<0.05": false
            },
            "value": 0
        },
        "iterations": {
            "count": 7177,
            "rate": 59.780379380314315
        },
        "http_req_waiting": {
            "avg": 183.4919258650331,
            "min": 0,
            "med": 130.9787,
            "max": 923.9056,
            "p(90)": 452.66324999999995,
            "p(95)": 537.63995
        },
        "http_req_duration": {
            "max": 923.9056,
            "p(90)": 454.8428,
            "p(95)": 540.009225,
            "avg": 189.84843132537722,
            "min": 0,
            "med": 145.17540000000002,
            "thresholds": {
                "p(95)<2000": false
            }
        },
        "data_received": {
            "count": 6096053809,
            "rate": 50776704.671148136
        },
        "vus": {
            "value": 4,
            "min": 1,
            "max": 500
        },
        "http_req_sending": {
            "p(95)": 0,
            "avg": 0.0072590048457263035,
            "min": 0,
            "med": 0,
            "max": 4.0143,
            "p(90)": 0
        },
        "checks": {
            "passes": 129186,
            "fails": 0,
            "value": 1
        },
        "iteration_duration": {
            "max": 8136.4311,
            "p(90)": 7307.90058,
            "p(95)": 7781.30554,
            "avg": 3420.9819310157413,
            "min": 48.7165,
            "med": 3088.485
        },
        "http_req_tls_handshaking": {
            "max": 0,
            "p(90)": 0,
            "p(95)": 0,
            "avg": 0,
            "min": 0,
            "med": 0
        },
        "http_reqs": {
            "count": 129186,
            "rate": 1076.0468288456577
        },
        "http_req_connecting": {
            "avg": 0.0007971119161519051,
            "min": 0,
            "med": 0,
            "max": 14.5573,
            "p(90)": 0,
            "p(95)": 0
        },
        "data_sent": {
            "rate": 216843.5099589385,
            "count": 26033389
        },
        "http_req_receiving": {
            "min": 0,
            "med": 0,
            "max": 356.7428,
            "p(90)": 19.11535,
            "p(95)": 56.506775000000005,
            "avg": 6.349246455498269
        }
    },
    "root_group": {
        "id": "d41d8cd98f00b204e9800998ecf8427e",
        "groups": {},
        "checks": {
                "list products: status 200": {
                    "name": "list products: status 200",
                    "path": "::list products: status 200",
                    "id": "924a40c79df3d6bc39fdcdfcc923816e",
                    "passes": 7177,
                    "fails": 0
                },
                "list products: has data": {
                    "id": "4290724cf781171eb17f384ed5f458d4",
                    "passes": 7177,
                    "fails": 0,
                    "name": "list products: has data",
                    "path": "::list products: has data"
                },
                "get product: status 200 or 404": {
                    "passes": 7177,
                    "fails": 0,
                    "name": "get product: status 200 or 404",
                    "path": "::get product: status 200 or 404",
                    "id": "2cbbbbbba72fe3cd0c1b28772a24e4c9"
                },
                "search: status 200": {
                    "path": "::search: status 200",
                    "id": "cd68838b4cc6f7786becc08340f51f71",
                    "passes": 7177,
                    "fails": 0,
                    "name": "search: status 200"
                },
                "category filter: status 200": {
                    "name": "category filter: status 200",
                    "path": "::category filter: status 200",
                    "id": "08bdd22fe49b26bd9062a4063e91365b",
                    "passes": 7177,
                    "fails": 0
                },
                "reviews by product: status 200": {
                    "name": "reviews by product: status 200",
                    "path": "::reviews by product: status 200",
                    "id": "ff38d5a6484e85363435e2bde0050fd7",
                    "passes": 7177,
                    "fails": 0
                },
                "average rating: status 200": {
                    "passes": 7177,
                    "fails": 0,
                    "name": "average rating: status 200",
                    "path": "::average rating: status 200",
                    "id": "410881361114124b5478d42656b0fe57"
                },
                "add to cart: status 200 or 201": {
                    "name": "add to cart: status 200 or 201",
                    "path": "::add to cart: status 200 or 201",
                    "id": "1788e10b98590b202bef7a8dbc573220",
                    "passes": 7177,
                    "fails": 0
                },
                "get cart: status 200": {
                    "fails": 0,
                    "name": "get cart: status 200",
                    "path": "::get cart: status 200",
                    "id": "28c7dad2666418e7df7959192396d5c0",
                    "passes": 7177
                },
                "create order: status 201": {
                    "name": "create order: status 201",
                    "path": "::create order: status 201",
                    "id": "1bcfa49d77d46f40d66acd4c4ffcf2a7",
                    "passes": 7177,
                    "fails": 0
                },
                "home page: status 200": {
                    "id": "8d960afda292b63e7c50c7370794be43",
                    "passes": 7177,
                    "fails": 0,
                    "name": "home page: status 200",
                    "path": "::home page: status 200"
                },
                "products page: status 200": {
                    "name": "products page: status 200",
                    "path": "::products page: status 200",
                    "id": "d3ec3a910ae752d937097964558034ff",
                    "passes": 7177,
                    "fails": 0
                },
                "product detail page: status 200": {
                    "name": "product detail page: status 200",
                    "path": "::product detail page: status 200",
                    "id": "b24b993fd6b4e43d3aa894d986fa618f",
                    "passes": 7177,
                    "fails": 0
                },
                "add to cart (page): status 200": {
                    "name": "add to cart (page): status 200",
                    "path": "::add to cart (page): status 200",
                    "id": "f0cd3e144cbac350e1e6ac88a1b85040",
                    "passes": 7177,
                    "fails": 0
                },
                "cart page: status 200": {
                    "name": "cart page: status 200",
                    "path": "::cart page: status 200",
                    "id": "71a46f5b7a13213d2d57118ccbab0ff3",
                    "passes": 7177,
                    "fails": 0
                },
                "checkout page: status 200": {
                    "name": "checkout page: status 200",
                    "path": "::checkout page: status 200",