{
    "metrics": {
        "http_req_waiting": {
            "med": 2.3249,
            "max": 110.233,
            "p(90)": 5.631,
            "p(95)": 7.4552,
            "avg": 3.151454640448593,
            "min": 0
        },
        "http_req_sending": {
            "avg": 0.011608201378424443,
            "min": 0,
            "med": 0,
            "max": 7.1901,
            "p(90)": 0,
            "p(95)": 0
        },
        "vus": {
            "min": 1,
            "max": 199,
            "value": 6
        },
        "http_req_duration": {
            "p(90)": 5.7302,
            "p(95)": 7.5037,
            "avg": 3.358129319927871,
            "min": 0,
            "med": 2.5123,
            "max": 110.4703,
            "thresholds": {
                "p(95)<1500": false
            }
        },
        "http_req_duration{expected_response:true}": {
            "avg": 3.358129319927871,
            "min": 0,
            "med": 2.5123,
            "max": 110.4703,
            "p(90)": 5.7302,
            "p(95)": 7.5037
        },
        "http_req_blocked": {
            "avg": 0.007971900397717432,
            "min": 0,
            "med": 0,
            "max": 32.5418,
            "p(90)": 0,
            "p(95)": 0
        },
        "iteration_duration": {
            "avg": 916.6441382411002,
            "min": 904.4379,
            "med": 914.123,
            "max": 1018.6579,
            "p(90)": 924.5353700000001,
            "p(95)": 931.76141
        },
        "http_req_receiving": {
            "p(90)": 0.6067,
            "p(95)": 1.2121,
            "avg": 0.19506647810083863,
            "min": 0,
            "med": 0,
            "max": 5.9323
        },
        "checks": {
            "passes": 50600,
            "fails": 0,
            "value": 1
        },
        "http_req_failed": {
            "passes": 0,
            "fails": 40481,
            "thresholds": {
                "rate<0.03": false
            },
            "value": 0
        },
        "data_received": {
            "count": 9295228,
            "rate": 77285.06448054047
        },
        "data_sent": {
            "count": 7092607,
            "rate": 58971.397939903436
        },
        "http_req_connecting": {
            "min": 0,
            "med": 0,
            "max": 32.5418,
            "p(90)": 0,
            "p(95)": 0,
            "avg": 0.0034240359674909235
        },
        "http_reqs": {
            "count": 40481,
            "rate": 336.57880099732455
        },
        "iterations": {
            "rate": 84.14262162725535,
            "count": 10120
        },
        "vus_max": {
            "value": 200,
            "min": 200,
            "max": 200
        },
        "http_req_tls_handshaking": {
            "p(90)": 0,
            "p(95)": 0,
            "avg": 0,
            "min": 0,
            "med": 0,
            "max": 0
        }
    },
    "root_group": {
        "checks": {
            "create product: status 201": {
                "name": "create product: status 201",
                "path": "::create product: status 201",
                "id": "d93f8db8db344695f776e44ec6b18c58",
                "passes": 10120,
                "fails": 0
            },
            "get created product: status 200": {
                "path": "::get created product: status 200",
                "id": "afdc866b141a243ae294ef9ad1f445e9",
                "passes": 10120,
                "fails": 0,
                "name": "get created product: status 200"
            },
            "get created product: name matches": {
                "id": "c11a53a8914fcb33931d909ab82d155e",
                "passes": 10120,
                "fails": 0,
                "name": "get created product: name matches",
                "path": "::get created product: name matches"
            },
            "update product: status 200 or 204": {
                "passes": 10120,
                "fails": 0,
                "name": "update product: status 200 or 204",
                "path": "::update product: status 200 or 204",
                "id": "fed812f077cab05d9d142603607e1679"
            },
            "delete product: status 200 or 204": {
                "name": "delete product: status 200 or 204",
                "path": "::delete product: status 200 or 204",
                "id": "bc7117db1fa07e5c01728435a48a565a",
                "passes": 10120,
                "fails": 0
            }
        },
        "name": "",
        "path": "",
        "id": "d41d8cd98f00b204e9800998ecf8427e",
        "groups": {}
    }
}