{
    "metrics": {
        "http_req_duration": {
            "min": 0,
            "med": 13.1353,
            "max": 201.0024,
            "p(90)": 61.01484,
            "p(95)": 90.3084,
            "avg": 23.53612996216896,
            "thresholds": {
                "p(95)<500": false
            }
        },
        "iterations": {
            "count": 305,
            "rate": 8.739735599615738
        },
        "http_req_blocked": {
            "med": 0,
            "max": 12.8619,
            "p(90)": 0,
            "p(95)": 0,
            "avg": 0.04897843631778057,
            "min": 0
        },
        "http_reqs": {
            "rate": 113.6165627950046,
            "count": 3965
        },
        "http_req_failed": {
            "passes": 0,
            "fails": 3965,
            "thresholds": {
                "rate<0.01": false
            },
            "value": 0
        },
        "iteration_duration": {
            "avg": 5027.985345901639,
            "min": 4832.1877,
            "med": 5020.2422,
            "max": 5266.29,
            "p(90)": 5157.04424,
            "p(95)": 5227.01672
        },
        "http_req_tls_handshaking": {
            "min": 0,
            "med": 0,
            "max": 0,
            "p(90)": 0,
            "p(95)": 0,
            "avg": 0
        },
        "http_req_sending": {
            "avg": 0.013679571248423708,
            "min": 0,
            "med": 0,
            "max": 7.143,
            "p(90)": 0,
            "p(95)": 0.050259999999999534
        },
        "vus": {
            "value": 5,
            "min": 5,
            "max": 50
        },
        "http_req_duration{expected_response:true}": {
            "avg": 23.53612996216896,
            "min": 0,
            "med": 13.1353,
            "max": 201.0024,
            "p(90)": 61.01484,
            "p(95)": 90.3084
        },
        "checks": {
            "passes": 3965,
            "fails": 0,
            "value": 1
        },
        "vus_max": {
            "value": 50,
            "min": 50,
            "max": 50
        },
        "http_req_waiting": {
            "avg": 22.186193417402233,
            "min": 0,
            "med": 11.5393,
            "max": 201.0024,
            "p(90)": 58.5891,
            "p(95)": 81.95551999999996
        },
        "data_sent": {
            "count": 431999,
            "rate": 12378.875538683276
        },
        "http_req_connecting": {
            "avg": 0.019096544766708703,
            "min": 0,
            "med": 0,
            "max": 8.6266,
            "p(90)": 0,
            "p(95)": 0
        },
        "http_req_receiving": {
            "min": 0,
            "med": 0,
            "max": 98.8998,
            "p(90)": 2.6370399999999994,
            "p(95)": 4.566159999999987,
            "avg": 1.3362569735182814
        },
        "data_received": {
            "count": 201095876,
            "rate": 5762376.348895449
        }
    },
    "root_group": {
        "name": "",
        "path": "",
        "id": "d41d8cd98f00b204e9800998ecf8427e",
        "groups": {},
        "checks": {
                "list products: status 200": {
                    "name": "list products: status 200",
                    "path": "::list products: status 200",
                    "id": "924a40c79df3d6bc39fdcdfcc923816e",
                    "passes": 305,
                    "fails": 0
                },
                "list products: has data": {
                    "name": "list products: has data",
                    "path": "::list products: has data",
                    "id": "4290724cf781171eb17f384ed5f458d4",
                    "passes": 305,
                    "fails": 0
                },
                "get product: status 200 or 404": {
                    "passes": 305,
                    "fails": 0,
                    "name": "get product: status 200 or 404",
                    "path": "::get product: status 200 or 404",
                    "id": "2cbbbbbba72fe3cd0c1b28772a24e4c9"
                },
                "search: status 200": {
                    "name": "search: status 200",
                    "path": "::search: status 200",
                    "id": "cd68838b4cc6f7786becc08340f51f71",
                    "passes": 305,
                    "fails": 0
                },
                "category filter: status 200": {
                    "passes": 305,
                    "fails": 0,
                    "name": "category filter: status 200",
                    "path": "::category filter: status 200",
                    "id": "08bdd22fe49b26bd9062a4063e91365b"
                },
                "reviews by product: status 200": {
                    "name": "reviews by product: status 200",
                    "path": "::reviews by product: status 200",
                    "id": "ff38d5a6484e85363435e2bde0050fd7",
                    "passes": 305,
                    "fails": 0
                },
                "average rating: status 200": {
                    "path": "::average rating: status 200",
                    "id": "410881361114124b5478d42656b0fe57",
                    "passes": 305,
                    "fails": 0,
                    "name": "average rating: status 200"
                },
                "add to cart: status 200 or 201": {
                    "path": "::add to cart: status 200 or 201",
                    "id": "1788e10b98590b202bef7a8dbc573220",
                    "passes": 305,
                    "fails": 0,
                    "name": "add to cart: status 200 or 201"
                },
                "get cart: status 200": {
                    "name": "get cart: status 200",
                    "path": "::get cart: status 200",
                    "id": "28c7dad2666418e7df7959192396d5c0",
                    "passes": 305,
                    "fails": 0
                },
                "create order: status 201": {
                    "name": "create order: status 201",
                    "path": "::create order: status 201",
                    "id": "1bcfa49d77d46f40d66acd4c4ffcf2a7",
                    "passes": 305,
                    "fails": 0
                },
                "home page: status 200": {
                    "id": "8d960afda292b63e7c50c7370794be43",
                    "passes": 305,
                    "fails": 0,
                    "name": "home page: status 200",
                    "path": "::home page: status 200"
                },
                "products page: status 200": {
                    "name": "products page: status 200",
                    "path": "::products page: status 200",
                    "id": "d3ec3a910ae752d937097964558034ff",
                    "passes": 305,
                    "fails": 0
                },
                "product detail page: status 200": {
                    "name": "product detail page: status 200",
                    "path": "::product detail page: status 200",
                    "id": "b24b993fd6b4e43d3aa894d986fa618f",
                    "passes": 305,
                    "fails": 0
                }
            }
    }
}