{
    "metrics": {
        "http_req_duration{expected_response:true}": {
            "avg": 256.8360668896719,
            "min": 0.5064,
            "med": 192.2493,
            "max": 1424.2484,
            "p(90)": 591.4478200000003,
            "p(95)": 737.9640899999999
        },
        "checks": {
            "passes": 97308,
            "fails": 0,
            "value": 1
        },
        "http_reqs": {
            "count": 97308,
            "rate": 810.5386483615829
        },
        "http_req_waiting": {
            "min": 0.5051,
            "med": 174.64735000000002,
            "max": 1424.2484,
            "p(90)": 590.50616,
            "p(95)": 737.3286449999989,
            "avg": 249.65885692645986
        },
        "http_req_failed": {
            "passes": 0,
            "fails": 97308,
            "thresholds": {
                "rate<0.05": false
            },
            "value": 0
        },
        "vus_max": {
            "value": 500,
            "min": 500,
            "max": 500
        },
        "http_req_blocked": {
            "p(95)": 0,
            "avg": 0.005637918773379371,
            "min": 0,
            "med": 0,
            "max": 15.9309,
            "p(90)": 0
        },
        "http_req_receiving": {
            "avg": 7.167239240350187,
            "min": 0,
            "med": 0,
            "max": 389.3612,
            "p(90)": 8.839720000000007,
            "p(95)": 62.750639999999954
        },
        "iteration_duration": {
            "p(95)": 10443.185075,
            "avg": 4627.605620588224,
            "min": 84.8678,
            "med": 4205.96885,
            "max": 10934.2431,
            "p(90)": 10011.420849999999
        },
        "http_req_tls_handshaking": {
            "avg": 0,
            "min": 0,
            "med": 0,
            "max": 0,
            "p(90)": 0,
            "p(95)": 0
        },
        "iterations": {
            "count": 5406,
            "rate": 45.02992490897683
        },
        "http_req_sending": {
            "min": 0,
            "med": 0,
            "max": 15.6273,
            "p(90)": 0,
            "p(95)": 0,
            "avg": 0.009970722859374366
        },
        "data_sent": {
            "count": 19609495,
            "rate": 163339.63880002897
        },
        "http_req_duration": {
            "p(95)": 737.9640899999999,
            "avg": 256.8360668896719,
            "min": 0.5064,
            "med": 192.2493,
            "max": 1424.2484,
            "p(90)": 591.4478200000003,
            "thresholds": {
                "p(95)<2000": false
            }
        },
        "http_req_connecting": {
            "max": 15.9309,
            "p(90)": 0,
            "p(95)": 0,
            "avg": 0.0029912514901138656,
            "min": 0,
            "med": 0
        },
        "data_received": {
            "count": 3945108442,
            "rate": 32861253.588795885
        },
        "vus": {
            "value": 9,
            "min": 1,
            "max": 500
        }
    },
    "root_group": {
        "name": "",
        "path": "",
        "id": "d41d8cd98f00b204e9800998ecf8427e",
        "groups": {},
        "checks": {
                "list products: status 200": {
                    "name": "list products: status 200",
                    "path": "::list products: status 200",
                    "id": "924a40c79df3d6bc39fdcdfcc923816e",
                    "passes": 5406,
                    "fails": 0
                },
                "list products: has data": {
                    "name": "list products: has data",
                    "path": "::list products: has data",
                    "id": "4290724cf781171eb17f384ed5f458d4",
                    "passes": 5406,
                    "fails": 0
                },
                "get product: status 200 or 404": {
                    "name": "get product: status 200 or 404",
                    "path": "::get product: status 200 or 404",
                    "id": "2cbbbbbba72fe3cd0c1b28772a24e4c9",
                    "passes": 5406,
                    "fails": 0
                },
                "search: status 200": {
                    "name": "search: status 200",
                    "path": "::search: status 200",
                    "id": "cd68838b4cc6f7786becc08340f51f71",
                    "passes": 5406,
                    "fails": 0
                },
                "category filter: status 200": {
                    "name": "category filter: status 200",
                    "path": "::category filter: status 200",
                    "id": "08bdd22fe49b26bd9062a4063e91365b",
                    "passes": 5406,
                    "fails": 0
                },
                "reviews by product: status 200": {
                    "name": "reviews by product: status 200",
                    "path": "::reviews by product: status 200",
                    "id": "ff38d5a6484e85363435e2bde0050fd7",
                    "passes": 5406,
                    "fails": 0
                },
                "average rating: status 200": {
                    "name": "average rating: status 200",
                    "path": "::average rating: status 200",
                    "id": "410881361114124b5478d42656b0fe57",
                    "passes": 5406,
                    "fails": 0
                },
                "add to cart: status 200 or 201": {
                    "passes": 5406,
                    "fails": 0,
                    "name": "add to cart: status 200 or 201",
                    "path": "::add to cart: status 200 or 201",
                    "id": "1788e10b98590b202bef7a8dbc573220"
                },
                "get cart: status 200": {
                    "id": "28c7dad2666418e7df7959192396d5c0",
                    "passes": 5406,
                    "fails": 0,
                    "name": "get cart: status 200",
                    "path": "::get cart: status 200"
                },
                "create order: status 201": {
                    "name": "create order: status 201",
                    "path": "::create order: status 201",
                    "id": "1bcfa49d77d46f40d66acd4c4ffcf2a7",
                    "passes": 5406,
                    "fails": 0
                },
                "home page: status 200": {
                    "name": "home page: status 200",
                    "path": "::home page: status 200",
                    "id": "8d960afda292b63e7c50c7370794be43",
                    "passes": 5406,
                    "fails": 0
                },
                "products page: status 200": {
                    "fails": 0,
                    "name": "products page: status 200",
                    "path": "::products page: status 200",
                    "id": "d3ec3a910ae752d937097964558034ff",
                    "passes": 5406
                },
                "product detail page: status 200": {
                    "name": "product detail page: status 200",
                    "path": "::product detail page: status 200",
                    "id": "b24b993fd6b4e43d3aa894d986fa618f",
                    "passes": 5406,
                    "fails": 0
                },
                "add to cart (page): status 200": {
                    "path": "::add to cart (page): status 200",
                    "id": "f0cd3e144cbac350e1e6ac88a1b85040",
                    "passes": 5406,
                    "fails": 0,
                    "name": "add to cart (page): status 200"
                },
                "cart page: status 200": {
                    "path": "::cart page: status 200",
                    "id": "71a46f5b7a13213d2d57118ccbab0ff3",
                    "passes": 5406,
                    "fails": 0,
                    "name": "cart page: status 200"
                },
                "checkout page: status 200": {
                    "name": "checkout page: status 200",