{
    "metrics": {
        "http_req_sending": {
            "avg": 0.0028530018277177324,
            "min": 0,
            "med": 0,
            "max": 5.5078,
            "p(90)": 0,
            "p(95)": 0
        },
        "http_req_failed": {
            "passes": 13728,
            "fails": 36608,
            "thresholds": {
                "rate<0.05": true
            },
            "value": 0.2727272727272727
        },
        "http_req_receiving": {
            "min": 0,
            "med": 0,
            "max": 11.0871,
            "p(90)": 1.02055,
            "p(95)": 1.9852,
            "avg": 0.3478004211697391
        },
        "vus": {
            "max": 199,
            "value": 4,
            "min": 1
        },
        "iterations": {
            "count": 4576,
            "rate": 37.597721179113734
        },
        "checks": {
            "passes": 36608,
            "fails": 13728,
            "value": 0.7272727272727273
        },
        "iteration_duration": {
            "avg": 2052.8860742351408,
            "min": 2019.9015,
            "med": 2046.4455,
            "max": 2201.0024,
            "p(90)": 2074.9646000000002,
            "p(95)": 2091.159925
        },
        "http_reqs": {
            "count": 50336,
            "rate": 413.5749329702511
        },
        "http_req_blocked": {
            "p(90)": 0,
            "p(95)": 0,
            "avg": 0.0014990225683407495,
            "min": 0,
            "med": 0,
            "max": 2.0067
        },
        "http_req_connecting": {
            "p(90)": 0,
            "p(95)": 0,
            "avg": 0.0005107875079465988,
            "min": 0,
            "med": 0,
            "max": 1.4029
        },
        "http_req_waiting": {
            "med": 1.68635,
            "max": 107.1193,
            "p(90)": 9.6418,
            "p(95)": 12.307324999999999,
            "avg": 4.100250520502236,
            "min": 0
        },
        "data_received": {
            "count": 606804295,
            "rate": 4985677.162084501
        },
        "http_req_tls_handshaking": {
            "avg": 0,
            "min": 0,
            "med": 0,
            "max": 0,
            "p(90)": 0,
            "p(95)": 0
        },
        "http_req_duration": {
            "min": 0,
            "med": 2.256,
            "max": 107.3035,
            "p(90)": 9.8448,
            "p(95)": 12.533999999999999,
            "avg": 4.450903943499697,
            "thresholds": {
                "p(95)<3000": false
            }
        },
        "http_req_duration{expected_response:true}": {
            "avg": 6.057923169798958,
            "min": 0,
            "med": 6.46195,
            "max": 107.3035,
            "p(90)": 10.765570000000002,
            "p(95)": 14.358185
        },
        "vus_max": {
            "max": 200,
            "value": 200,
            "min": 200
        },
        "data_sent": {
            "count": 11773234,
            "rate": 96732.24853768836
        }
    },
    "root_group": {
        "name": "",
        "path": "",
        "id": "d41d8cd98f00b204e9800998ecf8427e",
        "groups": {},
        "checks": {
                "home: status 200": {
                    "name": "home: status 200",
                    "path": "::home: status 200",
                    "id": "797ccedec8c86720a3b12b7d6a1695d9",
                    "passes": 4576,
                    "fails": 0
                },
                "products: status 200": {
                    "passes": 4576,
                    "fails": 0,
                    "name": "products: status 200",
                    "path": "::products: status 200",
                    "id": "00d9ade6020028464fb7795d42f375de"
                },
                "search: status 200": {
                    "name": "search: status 200",
                    "path": "::search: status 200",
                    "id": "cd68838b4cc6f7786becc08340f51f71",
                    "passes": 4576,
                    "fails": 0
                },
                "category filter: status 200": {
                    "name": "category filter: status 200",
                    "path": "::category filter: status 200",
                    "id": "08bdd22fe49b26bd9062a4063e91365b",
                    "passes": 4576,
                    "fails": 0
                },
                "detail: status 200": {
                    "name": "detail: status 200",
                    "path": "::detail: status 200",
                    "id": "2d2bf01d9f31c3b8b35b2cc3644cc1c3",
                    "passes": 4576,
                    "fails": 0
                },
                "add to cart: status 200": {
                    "path": "::add to cart: status 200",
                    "id": "e4cde9d6761bb2afde2298dd9165b80e",
                    "passes": 0,
                    "fails": 4576,
                    "name": "add to cart: status 200"
                },
                "add second item: status 200": {
                    "name": "add second item: status 200",
                    "path": "::add second item: status 200",
                    "id": "fc2779a520bbade54e1c5ee4555006f4",
                    "passes": 0,
                    "fails": 4576
                },
                "cart page: status 200": {
                    "path": "::cart page: status 200",
                    "id": "71a46f5b7a13213d2d57118ccbab0ff3",
                    "passes": 4576,
                    "fails": 0,
                    "name": "cart page: status 200"
                },
                "checkout page: status 200": {
                    "id": "4b6b469e2b3feffe3383d401258f1fac",
                    "passes": 4576,
                    "fails": 0,
                    "name": "checkout page: status 200",
                    "path": "::checkout page: status 200"
                },
                "checkout submit: status 200": {
                    "passes": 0,
                    "fails": 4576,
                    "name": "checkout submit: status 200",
                    "path": "::checkout submit: status 200",
                    "id": "231aef0da674621d55d3389af9895e8b"
                },
                "orders page: status 200": {
                    "passes": 4576,
                    "fails": 0,
                    "name": "orders page: status 200",
                    "path": "::orders page: status 200",
                    "id": "327fb5b5110703aef832d58310868356"
                }
            }
    }
}