{
    "metrics": {
        "http_req_sending": {
            "avg": 0.022301394437046915,
            "min": 0,
            "med": 0,
            "max": 25.1535,
            "p(90)": 0,
            "p(95)": 0
        },
        "iteration_duration": {
            "med": 8254.7091,
            "max": 24123.6446,
            "p(90)": 21032.548500000004,
            "p(95)": 22234.767,
            "avg": 9653.868527230354,
            "min": 172.4009
        },
        "vus_max": {
            "value": 500,
            "min": 500,
            "max": 500
        },
        "http_req_waiting": {
            "p(95)": 1919.523569999999,
            "avg": 524.5121023191296,
            "min": 0,
            "med": 265.623,
            "max": 4732.533,
            "p(90)": 1385.7898300000002
        },
        "http_req_connecting": {
            "avg": 0.008023622207427143,
            "min": 0,
            "med": 0,
            "max": 25.8378,
            "p(90)": 0,
            "p(95)": 0
        },
        "http_reqs": {
            "count": 54072,
            "rate": 406.87272075145756
        },
        "vus": {
            "value": 59,
            "min": 1,
            "max": 500
        },
        "iterations": {
            "count": 3004,
            "rate": 22.60404004174764
        },
        "http_req_blocked": {
            "avg": 0.015579236943334797,
            "min": 0,
            "med": 0,
            "max": 25.8378,
            "p(90)": 0,
            "p(95)": 0
        },
        "data_received": {
            "count": 2008662743,
            "rate": 15114478.386530844
        },
        "http_req_duration": {
            "avg": 535.839311227622,
            "min": 0,
            "med": 280.94615,
            "max": 4732.533,
            "p(90)": 1411.57759,
            "p(95)": 1930.6998349999974,
            "thresholds": {
                "p(95)<2000": false
            }
        },
        "http_req_receiving": {
            "med": 0,
            "max": 720.2604,
            "p(90)": 7.373300000000008,
            "p(95)": 84.06644999999996,
            "avg": 11.304907514055316,
            "min": 0
        },
        "http_req_tls_handshaking": {
            "p(95)": 0,
            "avg": 0,
            "min": 0,
            "med": 0,
            "max": 0,
            "p(90)": 0
        },
        "checks": {
            "fails": 6008,
            "passes": 48064,
            "value": 0.8888888888888888
        },
        "data_sent": {
            "count": 9632731,
            "rate": 72482.90187595999
        },
        "http_req_failed": {
            "passes": 6008,
            "fails": 48064,
            "thresholds": {
                "rate<0.05": true
            },
            "value": 0.1111111111111111
        },
        "http_req_duration{expected_response:true}": {
            "p(90)": 1483.4261200000003,
            "p(95)": 2032.0336099999997,
            "avg": 595.3918565558405,
            "min": 0,
            "med": 367.34895,
            "max": 4732.533
        }
    },
    "root_group": {
        "name": "",
        "path": "",
        "id": "d41d8cd98f00b204e9800998ecf8427e",
        "groups": {},
        "checks": {
                "list products: status 200": {
                    "name": "list products: status 200",
                    "path": "::list products: status 200",
                    "id": "924a40c79df3d6bc39fdcdfcc923816e",
                    "passes": 3004,
                    "fails": 0
                },
                "list products: has data": {
                    "name": "list products: has data",
                    "path": "::list products: has data",
                    "id": "4290724cf781171eb17f384ed5f458d4",
                    "passes": 3004,
                    "fails": 0
                },
                "get product: status 200 or 404": {
                    "fails": 0,
                    "name": "get product: status 200 or 404",
                    "path": "::get product: status 200 or 404",
                    "id": "2cbbbbbba72fe3cd0c1b28772a24e4c9",
                    "passes": 3004
                },
                "search: status 200": {
                    "path": "::search: status 200",
                    "id": "cd68838b4cc6f7786becc08340f51f71",
                    "passes": 3004,
                    "fails": 0,
                    "name": "search: status 200"
                },
                "category filter: status 200": {
                    "name": "category filter: status 200",
                    "path": "::category filter: status 200",
                    "id": "08bdd22fe49b26bd9062a4063e91365b",
                    "passes": 3004,
                    "fails": 0
                },
                "reviews by product: status 200": {
                    "name": "reviews by product: status 200",
                    "path": "::reviews by product: status 200",
                    "id": "ff38d5a6484e85363435e2bde0050fd7",
                    "passes": 3004,
                    "fails": 0
                },
                "average rating: status 200": {
                    "name": "average rating: status 200",
                    "path": "::average rating: status 200",
                    "id": "410881361114124b5478d42656b0fe57",
                    "passes": 3004,
                    "fails": 0
                },
                "add to cart: status 200 or 201": {
                    "name": "add to cart: status 200 or 201",
                    "path": "::add to cart: status 200 or 201",
                    "id": "1788e10b98590b202bef7a8dbc573220",
                    "passes": 3004,
                    "fails": 0
                },
                "get cart: status 200": {
                    "id": "28c7dad2666418e7df7959192396d5c0",
                    "passes": 3004,
                    "fails": 0,
                    "name": "get cart: status 200",
                    "path": "::get cart: status 200"
                },
                "create order: status 201": {
                    "id": "1bcfa49d77d46f40d66acd4c4ffcf2a7",
                    "passes": 3004,
                    "fails": 0,
                    "name": "create order: status 201",
                    "path": "::create order: status 201"
                },
                "home page: status 200": {
                    "id": "8d960afda292b63e7c50c7370794be43",
                    "passes": 3004,
                    "fails": 0,
                    "name": "home page: status 200",
                    "path": "::home page: status 200"
                },
                "products page: status 200": {
                    "path": "::products page: status 200",
                    "id": "d3ec3a910ae752d937097964558034ff",
                    "passes": 3004,
                    "fails": 0,
                    "name": "products page: status 200"
                },
                "product detail page: status 200": {
                    "passes": 3004,
                    "fails": 0,
                    "name": "product detail page: status 200",
                    "path": "::product detail page: status 200",
                    "id": "b24b993fd6b4e43d3aa894d986fa618f"
                },
                "add to cart (page): status 200": {
                    "name": "add to cart (page): status 200",
                    "path": "::add to cart (page): status 200",
                    "id": "f0cd3e144cbac350e1e6ac88a1b85040",
                    "passes": 0,
                    "fails": 3004
                },
                "cart page: status 200": {
                    "id": "71a46f5b7a13213d2d57118ccbab0ff3",
                    "passes": 3004,
                    "fails": 0,
                    "name": "cart page: status 200",
                    "path": "::cart page: status 200"
                },