{
    "metrics": {
        "http_req_failed": {
            "passes": 0,
            "fails": 89190,
            "thresholds": {
                "rate<0.05": false
            },
            "value": 0
        },
        "http_req_blocked": {
            "max": 13.523,
            "p(90)": 0,
            "p(95)": 0,
            "avg": 0.005908213925327957,
            "min": 0,
            "med": 0
        },
        "http_req_tls_handshaking": {
            "min": 0,
            "med": 0,
            "max": 0,
            "p(90)": 0,
            "p(95)": 0,
            "avg": 0
        },
        "http_req_waiting": {
            "avg": 273.7634819688298,
            "min": 0,
            "med": 200.52915000000002,
            "max": 1487.447,
            "p(90)": 635.8975,
            "p(95)": 798.9185400000002
        },
        "checks": {
            "passes": 89190,
            "fails": 0,
            "value": 1
        },
        "data_sent": {
            "count": 17972461,
            "rate": 149532.89495576505
        },
        "http_req_sending": {
            "avg": 0.013572739096311253,
            "min": 0,
            "med": 0,
            "max": 13.8954,
            "p(90)": 0,
            "p(95)": 0
        },
        "vus": {
            "value": 21,
            "min": 1,
            "max": 500
        },
        "http_req_connecting": {
            "avg": 0.002413547482901668,
            "min": 0,
            "med": 0,
            "max": 6.936,
            "p(90)": 0,
            "p(95)": 0
        },
        "iteration_duration": {
            "min": 118.4015,
            "med": 4655.9515,
            "max": 11288.1325,
            "p(90)": 10296.651580000007,
            "p(95)": 10775.329529999999,
            "avg": 5086.333269323918
        },
        "data_received": {
            "count": 4805177725,
            "rate": 39979618.59514994
        },
        "vus_max": {
            "max": 500,
            "value": 500,
            "min": 500
        },
        "http_req_duration": {
            "med": 218.13355,
            "max": 1487.447,
            "p(90)": 641.0814900000005,
            "p(95)": 804.7285650000002,
            "avg": 282.24007747617514,
            "min": 0,
            "thresholds": {
                "p(95)<2000": false
            }
        },
        "http_req_duration{expected_response:true}": {
            "avg": 282.24007747617514,
            "min": 0,
            "med": 218.13355,
            "max": 1487.447,
            "p(90)": 641.0814900000005,
            "p(95)": 804.7285650000002
        },
        "http_reqs": {
            "count": 89190,
            "rate": 742.0708216367633
        },
        "iterations": {
            "count": 4955,
            "rate": 41.22615675759796
        },
        "http_req_receiving": {
            "max": 517.9278,
            "p(90)": 33.026860000000084,
            "p(95)": 59.936375000000005,
            "avg": 8.463022768247534,
            "min": 0,
            "med": 0
        }
    },
    "root_group": {
        "name": "",
        "path": "",
        "id": "d41d8cd98f00b204e9800998ecf8427e",
        "groups": {},
        "checks": {
                "list products: status 200": {
                    "fails": 0,
                    "name": "list products: status 200",
                    "path": "::list products: status 200",
                    "id": "924a40c79df3d6bc39fdcdfcc923816e",
                    "passes": 4955
                },
                "list products: has data": {
                    "passes": 4955,
                    "fails": 0,
                    "name": "list products: has data",
                    "path": "::list products: has data",
                    "id": "4290724cf781171eb17f384ed5f458d4"
                },
                "get product: status 200 or 404": {
                    "id": "2cbbbbbba72fe3cd0c1b28772a24e4c9",
                    "passes": 4955,
                    "fails": 0,
                    "name": "get product: status 200 or 404",
                    "path": "::get product: status 200 or 404"
                },
                "search: status 200": {
                    "name": "search: status 200",
                    "path": "::search: status 200",
                    "id": "cd68838b4cc6f7786becc08340f51f71",
                    "passes": 4955,
                    "fails": 0
                },
                "category filter: status 200": {
                    "passes": 4955,
                    "fails": 0,
                    "name": "category filter: status 200",
                    "path": "::category filter: status 200",
                    "id": "08bdd22fe49b26bd9062a4063e91365b"
                },
                "reviews by product: status 200": {
                    "name": "reviews by product: status 200",
                    "path": "::reviews by product: status 200",
                    "id": "ff38d5a6484e85363435e2bde0050fd7",
                    "passes": 4955,
                    "fails": 0
                },
                "average rating: status 200": {
                    "fails": 0,
                    "name": "average rating: status 200",
                    "path": "::average rating: status 200",
                    "id": "410881361114124b5478d42656b0fe57",
                    "passes": 4955
                },
                "add to cart: status 200 or 201": {
                    "name": "add to cart: status 200 or 201",
                    "path": "::add to cart: status 200 or 201",
                    "id": "1788e10b98590b202bef7a8dbc573220",
                    "passes": 4955,
                    "fails": 0
                },
                "get cart: status 200": {
                    "name": "get cart: status 200",
                    "path": "::get cart: status 200",
                    "id": "28c7dad2666418e7df7959192396d5c0",
                    "passes": 4955,
                    "fails": 0
                },
                "create order: status 201": {
                    "fails": 0,
                    "name": "create order: status 201",
                    "path": "::create order: status 201",
                    "id": "1bcfa49d77d46f40d66acd4c4ffcf2a7",
                    "passes": 4955
                },
                "home page: status 200": {
                    "id": "8d960afda292b63e7c50c7370794be43",
                    "passes": 4955,
                    "fails": 0,
                    "name": "home page: status 200",
                    "path": "::home page: status 200"
                },
                "products page: status 200": {
                    "name": "products page: status 200",
                    "path": "::products page: status 200",
                    "id": "d3ec3a910ae752d937097964558034ff",
                    "passes": 4955,
                    "fails": 0
                },
                "product detail page: status 200": {
                    "name": "product detail page: status 200",
                    "path": "::product detail page: status 200",
                    "id": "b24b993fd6b4e43d3aa894d986fa618f",
                    "passes": 4955,
                    "fails": 0
                },
                "add to cart (page): status 200": {
                    "name": "add to cart (page): status 200",
                    "path": "::add to cart (page): status 200",
                    "id": "f0cd3e144cbac350e1e6ac88a1b85040",
                    "passes": 4955,
                    "fails": 0
                },
                "cart page: status 200": {
                    "name": "cart page: status 200",
                    "path": "::cart page: status 200",
                    "id": "71a46f5b7a13213d2d57118ccbab0ff3",
                    "passes": 4955,
                    "fails": 0
                },
                "checkout page: status 200": {
                    "name": "checkout page: status 200",