{
    "metrics": {
        "http_req_duration": {
            "avg": 495.9364149597333,
            "min": 0,
            "med": 2.8504,
            "max": 25285.9881,
            "p(90)": 10.3863,
            "p(95)": 25.670619999999985,
            "thresholds": {
                "p(95)<1000": false
            }
        },
        "vus": {
            "min": 1,
            "max": 200,
            "value": 115
        },
        "data_sent": {
            "count": 2266812,
            "rate": 18283.391567538773
        },
        "vus_max": {
            "value": 200,
            "min": 200,
            "max": 200
        },
        "http_req_receiving": {
            "med": 0,
            "max": 2.5368,
            "p(90)": 0.5114,
            "p(95)": 0.7280199999999997,
            "avg": 0.10951741391337445,
            "min": 0
        },
        "iterations": {
            "count": 2110,
            "rate": 17.018595369843997
        },
        "http_req_connecting": {
            "p(95)": 0,
            "avg": 0.001086923711078699,
            "min": 0,
            "med": 0,
            "max": 1.1952,
            "p(90)": 0
        },
        "http_req_failed": {
            "fails": 15768,
            "passes": 1,
            "thresholds": {
                "rate<0.02": false
            },
            "value": 0.00006341556217895871
        },
        "iteration_duration": {
            "p(95)": 21359.241854999997,
            "avg": 4909.737293554503,
            "min": 1212.4669,
            "med": 1225.0747,
            "max": 49074.9976,
            "p(90)": 18475.73161
        },
        "checks": {
            "passes": 14768,
            "fails": 2111,
            "value": 0.8749333491320576
        },
        "data_received": {
            "rate": 34546.29677748162,
            "count": 4283120
        },
        "http_req_sending": {
            "p(90)": 0,
            "p(95)": 0,
            "avg": 0.0032076732830236547,
            "min": 0,
            "med": 0,
            "max": 1.0101
        },
        "http_req_blocked": {
            "min": 0,
            "med": 0,
            "max": 1.1952,
            "p(90)": 0,
            "p(95)": 0,
            "avg": 0.002459401357093031
        },
        "http_req_duration{expected_response:true}": {
            "med": 2.8504,
            "max": 25285.9881,
            "p(90)": 10.3863,
            "p(95)": 25.631299999999968,
            "avg": 494.7166063863543,
            "min": 0
        },
        "http_req_waiting": {
            "avg": 495.82368987253494,
            "min": 0,
            "med": 2.7134,
            "max": 25285.467,
            "p(90)": 10.312640000000044,
            "p(95)": 25.639959999999913
        },
        "http_reqs": {
            "count": 15769,
            "rate": 127.18778691330331
        },
        "http_req_tls_handshaking": {
            "med": 0,
            "max": 0,
            "p(90)": 0,
            "p(95)": 0,
            "avg": 0,
            "min": 0
        }
    },
    "root_group": {
        "name": "",
        "path": "",
        "id": "d41d8cd98f00b204e9800998ecf8427e",
        "groups": {},
        "checks": {
                "add item 1: status 200 or 201": {
                    "name": "add item 1: status 200 or 201",
                    "path": "::add item 1: status 200 or 201",
                    "id": "34ffb3452c09ac7174d9f647c20645f8",
                    "passes": 2110,
                    "fails": 0
                },
                "add item 2: status 200 or 201": {
                    "name": "add item 2: status 200 or 201",
                    "path": "::add item 2: status 200 or 201",
                    "id": "859dd62118f40bea70a4a5fe4a82c36c",
                    "passes": 2109,
                    "fails": 1
                },
                "add item 3: status 200 or 201": {
                    "path": "::add item 3: status 200 or 201",
                    "id": "6dfec2b2a8ef0686ff9003fbb64073ff",
                    "passes": 2110,
                    "fails": 0,
                    "name": "add item 3: status 200 or 201"
                },
                "get cart: status 200": {
                    "passes": 2110,
                    "fails": 0,
                    "name": "get cart: status 200",
                    "path": "::get cart: status 200",
                    "id": "28c7dad2666418e7df7959192396d5c0"
                },
                "get cart: has items": {
                    "name": "get cart: has items",
                    "path": "::get cart: has items",
                    "id": "ce5cb3c9d4d19a73e0257c50eea61a4c",
                    "passes": 0,
                    "fails": 2110
                },
                "update quantity: status 200 or 204": {
                    "fails": 0,
                    "name": "update quantity: status 200 or 204",
                    "path": "::update quantity: status 200 or 204",
                    "id": "6cfa842eec59d2c26f64d983e1b9ad16",
                    "passes": 2110
                },
                "delete item: status 200 or 204": {
                    "id": "f05e6698ea497656bf987aa1783be142",
                    "passes": 2109,
                    "fails": 0,
                    "name": "delete item: status 200 or 204",
                    "path": "::delete item: status 200 or 204"
                },
                "clear cart session: status 200 or 204": {
                    "name": "clear cart session: status 200 or 204",
                    "path": "::clear cart session: status 200 or 204",
                    "id": "8f83318937121769e691a83b1b01cd11",
                    "passes": 2110,
                    "fails": 0
                }
            }
    }
}