{
    "metrics": {
        "http_reqs": {
            "count": 158922,
            "rate": 1323.9372449114023
        },
        "iterations": {
            "count": 8829,
            "rate": 73.55206916174457
        },
        "data_received": {
            "count": 5902996551,
            "rate": 49176306.55574716
        },
        "http_req_connecting": {
            "max": 12.9338,
            "p(90)": 0,
            "p(95)": 0,
            "avg": 0.0007246410188645999,
            "min": 0,
            "med": 0
        },
        "iteration_duration": {
            "avg": 2755.8306984596343,
            "min": 42.1434,
            "med": 2375.4985,
            "max": 6580.3302,
            "p(90)": 6022.87872,
            "p(95)": 6330.06018
        },
        "http_req_tls_handshaking": {
            "avg": 0,
            "min": 0,
            "med": 0,
            "max": 0,
            "p(90)": 0,
            "p(95)": 0
        },
        "http_req_sending": {
            "max": 4.0144,
            "p(90)": 0,
            "p(95)": 0,
            "avg": 0.007625084003473385,
            "min": 0,
            "med": 0
        },
        "http_req_waiting": {
            "med": 95.593,
            "max": 831.2311,
            "p(90)": 368.13901,
            "p(95)": 481.18988999999914,
            "avg": 147.26285887857082,
            "min": 0
        },
        "checks": {
            "passes": 141264,
            "fails": 17658,
            "value": 0.8888888888888888
        },
        "vus_max": {
            "value": 500,
            "min": 500,
            "max": 500
        },
        "vus": {
            "value": 2,
            "min": 1,
            "max": 500
        },
        "http_req_failed": {
            "passes": 17658,
            "fails": 141264,
            "thresholds": {
                "rate<0.05": true
            },
            "value": 0.1111111111111111
        },
        "http_req_blocked": {
            "max": 12.9338,
            "p(90)": 0,
            "p(95)": 0,
            "avg": 0.0028412875498672347,
            "min": 0,
            "med": 0
        },
        "data_sent": {
            "count": 28320064,
            "rate": 235926.97995164036
        },
        "http_req_duration": {
            "p(95)": 481.48774499999985,
            "avg": 152.88159833063025,
            "min": 0,
            "med": 101.7716,
            "max": 831.2311,
            "p(90)": 368.39678999999984,
            "thresholds": {
                "p(95)<2000": false
            }
        },
        "http_req_receiving": {
            "p(95)": 55.57235499999999,
            "avg": 5.611114368054872,
            "min": 0,
            "med": 0,
            "max": 167.174,
            "p(90)": 4.35929
        },
        "http_req_duration{expected_response:true}": {
            "avg": 168.606577481172,
            "min": 0.5073,
            "med": 127.1828,
            "max": 831.2311,
            "p(90)": 383.92896999999994,
            "p(95)": 496.91269000000005
        }
    },
    "root_group": {
        "name": "",
        "path": "",
        "id": "d41d8cd98f00b204e9800998ecf8427e",
        "groups": {},
        "checks": {
                "list products: status 200": {
                    "fails": 0,
                    "name": "list products: status 200",
                    "path": "::list products: status 200",
                    "id": "924a40c79df3d6bc39fdcdfcc923816e",
                    "passes": 8829
                },
                "list products: has data": {
                    "fails": 0,
                    "name": "list products: has data",
                    "path": "::list products: has data",
                    "id": "4290724cf781171eb17f384ed5f458d4",
                    "passes": 8829
                },
                "get product: status 200 or 404": {
                    "name": "get product: status 200 or 404",
                    "path": "::get product: status 200 or 404",
                    "id": "2cbbbbbba72fe3cd0c1b28772a24e4c9",
                    "passes": 8829,
                    "fails": 0
                },
                "search: status 200": {
                    "id": "cd68838b4cc6f7786becc08340f51f71",
                    "passes": 8829,
                    "fails": 0,
                    "name": "search: status 200",
                    "path": "::search: status 200"
                },
                "category filter: status 200": {
                    "name": "category filter: status 200",
                    "path": "::category filter: status 200",
                    "id": "08bdd22fe49b26bd9062a4063e91365b",
                    "passes": 8829,
                    "fails": 0
                },
                "reviews by product: status 200": {
                    "name": "reviews by product: status 200",
                    "path": "::reviews by product: status 200",
                    "id": "ff38d5a6484e85363435e2bde0050fd7",
                    "passes": 8829,
                    "fails": 0
                },
                "average rating: status 200": {
                    "id": "410881361114124b5478d42656b0fe57",
                    "passes": 8829,
                    "fails": 0,
                    "name": "average rating: status 200",
                    "path": "::average rating: status 200"
                },
                "add to cart: status 200 or 201": {
                    "name": "add to cart: status 200 or 201",
                    "path": "::add to cart: status 200 or 201",
                    "id": "1788e10b98590b202bef7a8dbc573220",
                    "passes": 8829,
                    "fails": 0
                },
                "get cart: status 200": {
                    "name": "get cart: status 200",
                    "path": "::get cart: status 200",
                    "id": "28c7dad2666418e7df7959192396d5c0",
                    "passes": 8829,
                    "fails": 0
                },
                "create order: status 201": {
                    "name": "create order: status 201",
                    "path": "::create order: status 201",
                    "id": "1bcfa49d77d46f40d66acd4c4ffcf2a7",
                    "passes": 8829,
                    "fails": 0
                },
                "home page: status 200": {
                    "id": "8d960afda292b63e7c50c7370794be43",
                    "passes": 8829,
                    "fails": 0,
                    "name": "home page: status 200",
                    "path": "::home page: status 200"
                },
                "products page: status 200": {
                    "name": "products page: status 200",
                    "path": "::products page: status 200",
                    "id": "d3ec3a910ae752d937097964558034ff",
                    "passes": 8829,
                    "fails": 0
                },
                "product detail page: status 200": {
                    "id": "b24b993fd6b4e43d3aa894d986fa618f",
                    "passes": 8829,
                    "fails": 0,
                    "name": "product detail page: status 200",
                    "path": "::product detail page: status 200"
                },
                "add to cart (page): status 200": {
                    "name": "add to cart (page): status 200",
                    "path": "::add to cart (page): status 200",
                    "id": "f0cd3e144cbac350e1e6ac88a1b85040",
                    "passes": 0,
                    "fails": 8829
                },
                "cart page: status 200": {
                    "fails": 0,
                    "name": "cart page: status 200",
                    "path": "::cart page: status 200",
                    "id": "71a46f5b7a13213d2d57118ccbab0ff3",
                    "passes": 8829
                },
                "checkout page: status 200": {
                    "fails": 0,