{
    "metrics": {
        "http_req_duration{expected_response:true}": {
            "avg": 179.62361370996143,
            "min": 0,
            "med": 129.0747,
            "max": 975.8299,
            "p(90)": 458.62899,
            "p(95)": 542.56755
        },
        "http_req_tls_handshaking": {
            "avg": 0,
            "min": 0,
            "med": 0,
            "max": 0,
            "p(90)": 0,
            "p(95)": 0
        },
        "vus": {
            "value": 2,
            "min": 1,
            "max": 500
        },
        "data_sent": {
            "count": 27482109,
            "rate": 228971.96264018226
        },
        "http_req_blocked": {
            "med": 0,
            "max": 2.5536,
            "p(90)": 0,
            "p(95)": 0,
            "avg": 0.0022491163616097675,
            "min": 0
        },
        "http_req_connecting": {
            "p(90)": 0,
            "p(95)": 0,
            "avg": 0.0006493642203449487,
            "min": 0,
            "med": 0,
            "max": 2.5536
        },
        "http_req_waiting": {
            "med": 120.3691,
            "max": 975.8299,
            "p(90)": 457.9812,
            "p(95)": 541.50555,
            "avg": 175.77314780006915,
            "min": 0
        },
        "iteration_duration": {
            "p(95)": 7522.038875,
            "avg": 3236.1118193505713,
            "min": 34.6994,
            "med": 2893.5879,
            "max": 7775.529,
            "p(90)": 7062.6401000000005
        },
        "vus_max": {
            "value": 500,
            "min": 500,
            "max": 500
        },
        "http_req_receiving": {
            "p(90)": 6.977790000000004,
            "p(95)": 33.64813999999997,
            "avg": 3.843910135808973,
            "min": 0,
            "med": 0,
            "max": 205.2267
        },
        "http_req_failed": {
            "fails": 136368,
            "passes": 0,
            "thresholds": {
                "rate<0.05": false
            },
            "value": 0
        },
        "checks": {
            "passes": 136368,
            "fails": 0,
            "value": 1
        },
        "http_reqs": {
            "count": 136368,
            "rate": 1136.1736685243616
        },
        "data_received": {
            "count": 3744410429,
            "rate": 31197205.602324657
        },
        "iterations": {
            "count": 7576,
            "rate": 63.12075936246454
        },
        "http_req_duration": {
            "p(95)": 542.56755,
            "avg": 179.62361370996143,
            "min": 0,
            "med": 129.0747,
            "max": 975.8299,
            "p(90)": 458.62899,
            "thresholds": {
                "p(95)<2000": false
            }
        },
        "http_req_sending": {
            "med": 0,
            "max": 7.9062,
            "p(90)": 0,
            "p(95)": 0,
            "avg": 0.006555774081896057,
            "min": 0
        }
    },
    "root_group": {
        "checks": {
            "list products: status 200": {
                "name": "list products: status 200",
                "path": "::list products: status 200",
                "id": "924a40c79df3d6bc39fdcdfcc923816e",
                "passes": 7576,
                "fails": 0
            },
            "list products: has data": {
                "passes": 7576,
                "fails": 0,
                "name": "list products: has data",
                "path": "::list products: has data",
                "id": "4290724cf781171eb17f384ed5f458d4"
            },
            "get product: status 200 or 404": {
                "name": "get product: status 200 or 404",
                "path": "::get product: status 200 or 404",
                "id": "2cbbbbbba72fe3cd0c1b28772a24e4c9",
                "passes": 7576,
                "fails": 0
            },
            "search: status 200": {
                "name": "search: status 200",
                "path": "::search: status 200",
                "id": "cd68838b4cc6f7786becc08340f51f71",
                "passes": 7576,
                "fails": 0
            },
            "category filter: status 200": {
                "name": "category filter: status 200",
                "path": "::category filter: status 200",
                "id": "08bdd22fe49b26bd9062a4063e91365b",
                "passes": 7576,
                "fails": 0
            },
            "reviews by product: status 200": {
                "name": "reviews by product: status 200",
                "path": "::reviews by product: status 200",
                "id": "ff38d5a6484e85363435e2bde0050fd7",
                "passes": 7576,
                "fails": 0
            },
            "average rating: status 200": {
                "passes": 7576,
                "fails": 0,
                "name": "average rating: status 200",
                "path": "::average rating: status 200",
                "id": "410881361114124b5478d42656b0fe57"
            },
            "add to cart: status 200 or 201": {
                "id": "1788e10b98590b202bef7a8dbc573220",
                "passes": 7576,
                "fails": 0,
                "name": "add to cart: status 200 or 201",
                "path": "::add to cart: status 200 or 201"
            },
            "get cart: status 200": {
                "id": "28c7dad2666418e7df7959192396d5c0",
                "passes": 7576,
                "fails": 0,
                "name": "get cart: status 200",
                "path": "::get cart: status 200"
            },
            "create order: status 201": {
                "passes": 7576,
                "fails": 0,
                "name": "create order: status 201",
                "path": "::create order: status 201",
                "id": "1bcfa49d77d46f40d66acd4c4ffcf2a7"
            },
            "home page: status 200": {
                "fails": 0,
                "name": "home page: status 200",
                "path": "::home page: status 200",
                "id": "8d960afda292b63e7c50c7370794be43",
                "passes": 7576
            },
            "products page: status 200": {
                "id": "d3ec3a910ae752d937097964558034ff",
                "passes": 7576,
                "fails": 0,
                "name": "products page: status 200",
                "path": "::products page: status 200"
            },
            "product detail page: status 200": {
                "id": "b24b993fd6b4e43d3aa894d986fa618f",
                "passes": 7576,
                "fails": 0,
                "name": "product detail page: status 200",
                "path": "::product detail page: status 200"
            },
            "add to cart (page): status 200": {
                "id": "f0cd3e144cbac350e1e6ac88a1b85040",
                "passes": 7576,
                "fails": 0,
                "name": "add to cart (page): status 200",
                "path": "::add to cart (page): status 200"
            },
            "cart page: status 200": {
                "path": "::cart page: status 200",
                "id": "71a46f5b7a13213d2d57118ccbab0ff3",
                "passes": 7576,
                "fails": 0,
                "name": "cart page: status 200"
            },
            "checkout page: status 200": {
                "id": "4b6b469e2b3feffe3383d401258f1fac",
                "passes": 7576,
                "fails": 0,
                "name": "checkout page: status 200",
                "path": "::checkout page: status 200"
            },
            "checkout submit: status 200": {
                "name": "checkout submit: status 200",
                "path": "::checkout submit: status 200",
                "id": "231aef0da674621d55d3389af9895e8b",
                "passes": 7576,
                "fails": 0
            },
            "orders page: status 200": {
                "passes": 7576,
                "fails": 0,