{
    "metrics": {
        "checks": {
            "passes": 51180,
            "fails": 0,
            "value": 1
        },
        "data_received": {
            "count": 9412546,
            "rate": 78005.63842468975
        },
        "vus": {
            "value": 7,
            "min": 1,
            "max": 199
        },
        "http_req_failed": {
            "passes": 0,
            "fails": 40945,
            "thresholds": {
                "rate<0.03": false
            },
            "value": 0
        },
        "http_reqs": {
            "count": 40945,
            "rate": 339.32804846838695
        },
        "http_req_waiting": {
            "avg": 1.034978138966891,
            "min": 0,
            "med": 1.05,
            "max": 24.3221,
            "p(90)": 1.6305,
            "p(95)": 1.8176199999999982
        },
        "data_sent": {
            "count": 7215428,
            "rate": 59797.218270952646
        },
        "http_req_duration{expected_response:true}": {
            "avg": 1.2166796825009116,
            "min": 0,
            "med": 1.1881,
            "max": 24.3221,
            "p(90)": 1.73386,
            "p(95)": 1.955
        },
        "http_req_blocked": {
            "min": 0,
            "med": 0,
            "max": 1.0903,
            "p(90)": 0,
            "p(95)": 0,
            "avg": 0.0028200537306142413
        },
        "http_req_connecting": {
            "med": 0,
            "max": 0.6037,
            "p(90)": 0,
            "p(95)": 0,
            "avg": 0.0012471461716937362,
            "min": 0
        },
        "http_req_tls_handshaking": {
            "min": 0,
            "med": 0,
            "max": 0,
            "p(90)": 0,
            "p(95)": 0,
            "avg": 0
        },
        "iteration_duration": {
            "avg": 906.379365240327,
            "min": 903.0362,
            "med": 906.2133,
            "max": 929.1585,
            "p(90)": 907.7197,
            "p(95)": 908.2011
        },
        "iterations": {
            "count": 10236,
            "rate": 84.82994026431575
        },
        "http_req_receiving": {
            "med": 0,
            "max": 17.4556,
            "p(90)": 0.6920599999999999,
            "p(95)": 0.8874,
            "avg": 0.17791621443399816,
            "min": 0
        },
        "http_req_duration": {
            "p(95)": 1.955,
            "avg": 1.2166796825009116,
            "min": 0,
            "med": 1.1881,
            "max": 24.3221,
            "p(90)": 1.73386,
            "thresholds": {
                "p(95)<1500": false
            }
        },
        "http_req_sending": {
            "min": 0,
            "med": 0,
            "max": 0.7889,
            "p(90)": 0,
            "p(95)": 0,
            "avg": 0.0037853291000122216
        },
        "vus_max": {
            "value": 200,
            "min": 200,
            "max": 200
        }
    },
    "root_group": {
        "name": "",
        "path": "",
        "id": "d41d8cd98f00b204e9800998ecf8427e",
        "groups": {},
        "checks": {
                "create product: status 201": {
                    "fails": 0,
                    "name": "create product: status 201",
                    "path": "::create product: status 201",
                    "id": "d93f8db8db344695f776e44ec6b18c58",
                    "passes": 10236
                },
                "get created product: status 200": {
                    "name": "get created product: status 200",
                    "path": "::get created product: status 200",
                    "id": "afdc866b141a243ae294ef9ad1f445e9",
                    "passes": 10236,
                    "fails": 0
                },
                "get created product: name matches": {
                    "name": "get created product: name matches",
                    "path": "::get created product: name matches",
                    "id": "c11a53a8914fcb33931d909ab82d155e",
                    "passes": 10236,
                    "fails": 0
                },
                "update product: status 200 or 204": {
                    "fails": 0,
                    "name": "update product: status 200 or 204",
                    "path": "::update product: status 200 or 204",
                    "id": "fed812f077cab05d9d142603607e1679",
                    "passes": 10236
                },
                "delete product: status 200 or 204": {
                    "id": "bc7117db1fa07e5c01728435a48a565a",
                    "passes": 10236,
                    "fails": 0,
                    "name": "delete product: status 200 or 204",
                    "path": "::delete product: status 200 or 204"
                }
            }
    }
}