{
    "metrics": {
        "http_req_failed": {
            "passes": 0,
            "fails": 40977,
            "thresholds": {
                "rate<0.03": false
            },
            "value": 0
        },
        "http_req_tls_handshaking": {
            "p(95)": 0,
            "avg": 0,
            "min": 0,
            "med": 0,
            "max": 0,
            "p(90)": 0
        },
        "http_req_receiving": {
            "med": 0,
            "max": 8.2065,
            "p(90)": 0.6924,
            "p(95)": 0.8222,
            "avg": 0.20093619347438824,
            "min": 0
        },
        "http_req_blocked": {
            "avg": 0.0017829196866534888,
            "min": 0,
            "med": 0,
            "max": 1.0287,
            "p(90)": 0,
            "p(95)": 0
        },
        "checks": {
            "passes": 51220,
            "fails": 0,
            "value": 1
        },
        "data_received": {
            "count": 9420083,
            "rate": 78147.55394130936
        },
        "iteration_duration": {
            "p(90)": 906.5550999999999,
            "p(95)": 906.9778,
            "avg": 905.625439213202,
            "min": 903.1746,
            "med": 905.4866999999999,
            "max": 935.4156
        },
        "http_req_duration{expected_response:true}": {
            "p(90)": 1.45814,
            "p(95)": 1.6098199999999996,
            "avg": 1.055487763867535,
            "min": 0,
            "med": 1.0777,
            "max": 22.0344
        },
        "iterations": {
            "count": 10244,
            "rate": 84.98264214601645
        },
        "http_reqs": {
            "rate": 339.9388644296482,
            "count": 40977
        },
        "http_req_sending": {
            "avg": 0.002968306611025703,
            "min": 0,
            "med": 0,
            "max": 1.0404,
            "p(90)": 0,
            "p(95)": 0
        },
        "http_req_connecting": {
            "avg": 0.000608856187617444,
            "min": 0,
            "med": 0,
            "max": 0.54,
            "p(90)": 0,
            "p(95)": 0
        },
        "http_req_duration": {
            "avg": 1.055487763867535,
            "min": 0,
            "med": 1.0777,
            "max": 22.0344,
            "p(90)": 1.45814,
            "p(95)": 1.6098199999999996,
            "thresholds": {
                "p(95)<1500": false
            }
        },
        "http_req_waiting": {
            "avg": 0.8515832637821258,
            "min": 0,
            "med": 0.6587,
            "max": 21.4861,
            "p(90)": 1.2883,
            "p(95)": 1.4573199999999997
        },
        "data_sent": {
            "count": 7221240,
            "rate": 59906.291953387336
        },
        "vus": {
            "value": 6,
            "min": 1,
            "max": 199
        },
        "vus_max": {
            "value": 200,
            "min": 200,
            "max": 200
        }
    },
    "root_group": {
        "name": "",
        "path": "",
        "id": "d41d8cd98f00b204e9800998ecf8427e",
        "groups": {},
        "checks": {
                "create product: status 201": {
                    "path": "::create product: status 201",
                    "id": "d93f8db8db344695f776e44ec6b18c58",
                    "passes": 10244,
                    "fails": 0,
                    "name": "create product: status 201"
                },
                "get created product: status 200": {
                    "name": "get created product: status 200",
                    "path": "::get created product: status 200",
                    "id": "afdc866b141a243ae294ef9ad1f445e9",
                    "passes": 10244,
                    "fails": 0
                },
                "get created product: name matches": {
                    "passes": 10244,
                    "fails": 0,
                    "name": "get created product: name matches",
                    "path": "::get created product: name matches",
                    "id": "c11a53a8914fcb33931d909ab82d155e"
                },
                "update product: status 200 or 204": {
                    "name": "update product: status 200 or 204",
                    "path": "::update product: status 200 or 204",
                    "id": "fed812f077cab05d9d142603607e1679",
                    "passes": 10244,
                    "fails": 0
                },
                "delete product: status 200 or 204": {
                    "name": "delete product: status 200 or 204",
                    "path": "::delete product: status 200 or 204",
                    "id": "bc7117db1fa07e5c01728435a48a565a",
                    "passes": 10244,
                    "fails": 0
                }
            }
    }
}