{
    "metrics": {
        "vus": {
            "value": 1,
            "min": 1,
            "max": 100
        },
        "http_req_failed": {
            "passes": 0,
            "fails": 39125,
            "thresholds": {
                "rate<0.10": false
            },
            "value": 0
        },
        "http_req_blocked": {
            "avg": 0.002825896485623001,
            "min": 0,
            "med": 0,
            "max": 1.3149,
            "p(90)": 0,
            "p(95)": 0
        },
        "checks": {
            "fails": 0,
            "passes": 39125,
            "value": 1
        },
        "data_received": {
            "count": 4661796543,
            "rate": 98988853.8017802
        },
        "data_sent": {
            "count": 3433945,
            "rate": 72916.58407503222
        },
        "http_req_waiting": {
            "avg": 32.980936286261745,
            "min": 0.234,
            "med": 29.5589,
            "max": 319.1,
            "p(90)": 51.49979999999999,
            "p(95)": 61.40083999999999
        },
        "http_req_receiving": {
            "avg": 6.839275391693319,
            "min": 0,
            "med": 0.3837,
            "max": 149.1011,
            "p(90)": 20.701759999999997,
            "p(95)": 25.620759999999997
        },
        "http_req_duration": {
            "avg": 39.829536562300426,
            "min": 0.5147,
            "med": 36.7359,
            "max": 397.5253,
            "p(90)": 59.50305999999999,
            "p(95)": 73.84999999999988,
            "thresholds": {
                "p(95)<2000": false
            }
        },
        "http_reqs": {
            "count": 39125,
            "rate": 830.7824825195615
        },
        "http_req_duration{expected_response:true}": {
            "avg": 39.829536562300426,
            "min": 0.5147,
            "med": 36.7359,
            "max": 397.5253,
            "p(90)": 59.50305999999999,
            "p(95)": 73.84999999999988
        },
        "vus_max": {
            "value": 100,
            "min": 100,
            "max": 100
        },
        "iteration_duration": {
            "avg": 399.8626886645359,
            "min": 214.5387,
            "med": 382.5229,
            "max": 1159.5557,
            "p(90)": 496.6022200000001,
            "p(95)": 558.0399399999998
        },
        "iterations": {
            "rate": 166.1564965039123,
            "count": 7825
        },
        "http_req_tls_handshaking": {
            "avg": 0,
            "min": 0,
            "med": 0,
            "max": 0,
            "p(90)": 0,
            "p(95)": 0
        },
        "http_req_sending": {
            "p(90)": 0,
            "p(95)": 0,
            "avg": 0.00932488434504792,
            "min": 0,
            "med": 0,
            "max": 3.102
        },
        "http_req_connecting": {
            "max": 0.5625,
            "p(90)": 0,
            "p(95)": 0,
            "avg": 0.0004526926517571886,
            "min": 0,
            "med": 0
        }
    },
    "root_group": {
        "groups": {},
        "checks": {
                "list: status 200": {
                    "name": "list: status 200",
                    "path": "::list: status 200",
                    "id": "ae210d7a519f353e769d3b3d185c78c3",
                    "passes": 7825,
                    "fails": 0
                },
                "search: status 200": {
                    "passes": 7825,
                    "fails": 0,
                    "name": "search: status 200",
                    "path": "::search: status 200",
                    "id": "cd68838b4cc6f7786becc08340f51f71"
                },
                "reviews: status 200": {
                    "name": "reviews: status 200",
                    "path": "::reviews: status 200",
                    "id": "b08007dd4d1dafe552104d04bed0f5a0",
                    "passes": 7825,
                    "fails": 0
                },
                "home page: status 200": {
                    "passes": 7825,
                    "fails": 0,
                    "name": "home page: status 200",
                    "path": "::home page: status 200",
                    "id": "8d960afda292b63e7c50c7370794be43"
                },
                "detail page: status 200": {
                    "passes": 7825,
                    "fails": 0,
                    "name": "detail page: status 200",
                    "path": "::detail page: status 200",
                    "id": "524bbb29a3adff2402c98e609fee384d"
                }
            },
        "name": "",
        "path": "",
        "id": "d41d8cd98f00b204e9800998ecf8427e"
    }
}