{
    "metrics": {
        "checks": {
            "fails": 0,
            "passes": 130842,
            "value": 1
        },
        "http_req_blocked": {
            "avg": 0.002455037373320494,
            "min": 0,
            "med": 0,
            "max": 2.8443,
            "p(90)": 0,
            "p(95)": 0
        },
        "data_received": {
            "count": 5443962047,
            "rate": 45348123.84698947
        },
        "http_req_duration": {
            "avg": 187.39986105684713,
            "min": 0,
            "med": 143.70145,
            "max": 915.0717,
            "p(90)": 442.69541000000004,
            "p(95)": 533.5711949999999,
            "thresholds": {
                "p(95)<2000": false
            }
        },
        "iteration_duration": {
            "avg": 3376.9113587838756,
            "min": 39.8811,
            "med": 3057.9404,
            "max": 7918.071,
            "p(90)": 7317.0686,
            "p(95)": 7676.299959999999
        },
        "http_req_failed": {
            "passes": 0,
            "fails": 130842,
            "thresholds": {
                "rate<0.05": false
            },
            "value": 0
        },
        "http_req_receiving": {
            "p(95)": 55.236029999999985,
            "avg": 5.67862929487471,
            "min": 0,
            "med": 0,
            "max": 218.1251,
            "p(90)": 6.067070000000029
        },
        "http_req_duration{expected_response:true}": {
            "max": 915.0717,
            "p(90)": 442.69541000000004,
            "p(95)": 533.5711949999999,
            "avg": 187.39986105684713,
            "min": 0,
            "med": 143.70145
        },
        "iterations": {
            "count": 7269,
            "rate": 60.55066317470351
        },
        "vus": {
            "min": 1,
            "max": 500,
            "value": 2
        },
        "http_reqs": {
            "rate": 1089.9119371446632,
            "count": 130842
        },
        "http_req_connecting": {
            "max": 2.8443,
            "p(90)": 0,
            "p(95)": 0,
            "avg": 0.0005902355512755845,
            "min": 0,
            "med": 0
        },
        "vus_max": {
            "min": 500,
            "max": 500,
            "value": 500
        },
        "data_sent": {
            "count": 26367189,
            "rate": 219638.2968775275
        },
        "http_req_tls_handshaking": {
            "avg": 0,
            "min": 0,
            "med": 0,
            "max": 0,
            "p(90)": 0,
            "p(95)": 0
        },
        "http_req_sending": {
            "avg": 0.007318792130967127,
            "min": 0,
            "med": 0,
            "max": 9.5118,
            "p(90)": 0,
            "p(95)": 0
        },
        "http_req_waiting": {
            "avg": 181.7139129698419,
            "min": 0,
            "med": 130.51035,
            "max": 915.0717,
            "p(90)": 441.7126,
            "p(95)": 532.399695
        }
    },
    "root_group": {
        "name": "",
        "path": "",
        "id": "d41d8cd98f00b204e9800998ecf8427e",
        "groups": {},
        "checks": {
                "list products: status 200": {
                    "name": "list products: status 200",
                    "path": "::list products: status 200",
                    "id": "924a40c79df3d6bc39fdcdfcc923816e",
                    "passes": 7269,
                    "fails": 0
                },
                "list products: has data": {
                    "fails": 0,
                    "name": "list products: has data",
                    "path": "::list products: has data",
                    "id": "4290724cf781171eb17f384ed5f458d4",
                    "passes": 7269
                },
                "get product: status 200 or 404": {
                    "name": "get product: status 200 or 404",
                    "path": "::get product: status 200 or 404",
                    "id": "2cbbbbbba72fe3cd0c1b28772a24e4c9",
                    "passes": 7269,
                    "fails": 0
                },
                "search: status 200": {
                    "name": "search: status 200",
                    "path": "::search: status 200",
                    "id": "cd68838b4cc6f7786becc08340f51f71",
                    "passes": 7269,
                    "fails": 0
                },
                "category filter: status 200": {
                    "id": "08bdd22fe49b26bd9062a4063e91365b",
                    "passes": 7269,
                    "fails": 0,
                    "name": "category filter: status 200",
                    "path": "::category filter: status 200"
                },
                "reviews by product: status 200": {
                    "name": "reviews by product: status 200",
                    "path": "::reviews by product: status 200",
                    "id": "ff38d5a6484e85363435e2bde0050fd7",
                    "passes": 7269,
                    "fails": 0
                },
                "average rating: status 200": {
                    "name": "average rating: status 200",
                    "path": "::average rating: status 200",
                    "id": "410881361114124b5478d42656b0fe57",
                    "passes": 7269,
                    "fails": 0
                },
                "add to cart: status 200 or 201": {
                    "name": "add to cart: status 200 or 201",
                    "path": "::add to cart: status 200 or 201",
                    "id": "1788e10b98590b202bef7a8dbc573220",
                    "passes": 7269,
                    "fails": 0
                },
                "get cart: status 200": {
                    "name": "get cart: status 200",
                    "path": "::get cart: status 200",
                    "id": "28c7dad2666418e7df7959192396d5c0",
                    "passes": 7269,
                    "fails": 0
                },
                "create order: status 201": {
                    "name": "create order: status 201",
                    "path": "::create order: status 201",
                    "id": "1bcfa49d77d46f40d66acd4c4ffcf2a7",
                    "passes": 7269,
                    "fails": 0
                },
                "home page: status 200": {
                    "passes": 7269,
                    "fails": 0,
                    "name": "home page: status 200",
                    "path": "::home page: status 200",
                    "id": "8d960afda292b63e7c50c7370794be43"
                },
                "products page: status 200": {
                    "name": "products page: status 200",
                    "path": "::products page: status 200",
                    "id": "d3ec3a910ae752d937097964558034ff",
                    "passes": 7269,
                    "fails": 0
                },
                "product detail page: status 200": {
                    "fails": 0,
                    "name": "product detail page: status 200",
                    "path": "::product detail page: status 200",
                    "id": "b24b993fd6b4e43d3aa894d986fa618f",
                    "passes": 7269
                },
                "add to cart (page): status 200": {
                    "path": "::add to cart (page): status 200",
                    "id": "f0cd3e144cbac350e1e6ac88a1b85040",
                    "passes": 7269,
                    "fails": 0,
                    "name": "add to cart (page): status 200"
                },
                "cart page: status 200": {
                    "passes": 7269,
                    "fails": 0,
                    "name": "cart page: status 200",
                    "path": "::cart page: status 200",
                    "id": "71a46f5b7a13213d2d57118ccbab0ff3"
                },
                "checkout page: status 200": {
                    "fails": 0,
                    "name": "checkout page: status 200",