{
    "metrics": {
        "iterations": {
            "count": 11508,
            "rate": 95.88563529307206
        },
        "http_req_tls_handshaking": {
            "p(90)": 0,
            "p(95)": 0,
            "avg": 0,
            "min": 0,
            "med": 0,
            "max": 0
        },
        "data_received": {
            "count": 7694566350,
            "rate": 64111781.61057044
        },
        "http_req_failed": {
            "passes": 23016,
            "fails": 184128,
            "thresholds": {
                "rate<0.05": true
            },
            "value": 0.1111111111111111
        },
        "http_req_sending": {
            "med": 0,
            "max": 15.6271,
            "p(90)": 0,
            "p(95)": 0,
            "avg": 0.008058269126790961,
            "min": 0
        },
        "vus_max": {
            "value": 500,
            "min": 500,
            "max": 500
        },
        "vus": {
            "value": 3,
            "min": 1,
            "max": 499
        },
        "http_req_duration{expected_response:true}": {
            "avg": 127.5213055265913,
            "min": 0,
            "med": 87.73915,
            "max": 652.8246,
            "p(90)": 328.53259000000014,
            "p(95)": 411.12533999999994
        },
        "http_req_blocked": {
            "p(90)": 0,
            "p(95)": 0,
            "avg": 0.0027622977252539337,
            "min": 0,
            "med": 0,
            "max": 15.65
        },
        "iteration_duration": {
            "max": 5005.4953,
            "p(90)": 4493.61442,
            "p(95)": 4708.699575000001,
            "avg": 2094.836866362527,
            "min": 28.2908,
            "med": 1891.5102000000002
        },
        "http_reqs": {
            "count": 207144,
            "rate": 1725.941435275297
        },
        "http_req_connecting": {
            "avg": 0.0006535299115591084,
            "min": 0,
            "med": 0,
            "max": 15.65,
            "p(90)": 0,
            "p(95)": 0
        },
        "http_req_waiting": {
            "max": 651.7755,
            "p(90)": 314.4119700000001,
            "p(95)": 396.6556349999999,
            "avg": 111.11112292897829,
            "min": 0,
            "med": 49.501149999999996
        },
        "http_req_receiving": {
            "avg": 5.038835073668526,
            "min": 0,
            "med": 0,
            "max": 345.9006,
            "p(90)": 3.435270000000001,
            "p(95)": 51.664
        },
        "checks": {
            "passes": 184128,
            "fails": 23016,
            "value": 0.8888888888888888
        },
        "http_req_duration": {
            "med": 71.86349999999999,
            "max": 652.8246,
            "p(90)": 314.75976000000037,
            "p(95)": 397.07734999999997,
            "avg": 116.15801627177339,
            "min": 0,
            "thresholds": {
                "p(95)<2000": false
            }
        },
        "data_sent": {
            "count": 36916123,
            "rate": 307588.2782770411
        }
    },
    "root_group": {
        "path": "",
        "id": "d41d8cd98f00b204e9800998ecf8427e",
        "groups": {},
        "checks": {
                "list products: status 200": {
                    "name": "list products: status 200",
                    "path": "::list products: status 200",
                    "id": "924a40c79df3d6bc39fdcdfcc923816e",
                    "passes": 11508,
                    "fails": 0
                },
                "list products: has data": {
                    "path": "::list products: has data",
                    "id": "4290724cf781171eb17f384ed5f458d4",
                    "passes": 11508,
                    "fails": 0,
                    "name": "list products: has data"
                },
                "get product: status 200 or 404": {
                    "name": "get product: status 200 or 404",
                    "path": "::get product: status 200 or 404",
                    "id": "2cbbbbbba72fe3cd0c1b28772a24e4c9",
                    "passes": 11508,
                    "fails": 0
                },
                "search: status 200": {
                    "id": "cd68838b4cc6f7786becc08340f51f71",
                    "passes": 11508,
                    "fails": 0,
                    "name": "search: status 200",
                    "path": "::search: status 200"
                },
                "category filter: status 200": {
                    "name": "category filter: status 200",
                    "path": "::category filter: status 200",
                    "id": "08bdd22fe49b26bd9062a4063e91365b",
                    "passes": 11508,
                    "fails": 0
                },
                "reviews by product: status 200": {
                    "id": "ff38d5a6484e85363435e2bde0050fd7",
                    "passes": 11508,
                    "fails": 0,
                    "name": "reviews by product: status 200",
                    "path": "::reviews by product: status 200"
                },
                "average rating: status 200": {
                    "fails": 0,
                    "name": "average rating: status 200",
                    "path": "::average rating: status 200",
                    "id": "410881361114124b5478d42656b0fe57",
                    "passes": 11508
                },
                "add to cart: status 200 or 201": {
                    "name": "add to cart: status 200 or 201",
                    "path": "::add to cart: status 200 or 201",
                    "id": "1788e10b98590b202bef7a8dbc573220",
                    "passes": 11508,
                    "fails": 0
                },
                "get cart: status 200": {
                    "name": "get cart: status 200",
                    "path": "::get cart: status 200",
                    "id": "28c7dad2666418e7df7959192396d5c0",
                    "passes": 11508,
                    "fails": 0
                },
                "create order: status 201": {
                    "passes": 11508,
                    "fails": 0,
                    "name": "create order: status 201",
                    "path": "::create order: status 201",
                    "id": "1bcfa49d77d46f40d66acd4c4ffcf2a7"
                },
                "home page: status 200": {
                    "name": "home page: status 200",
                    "path": "::home page: status 200",
                    "id": "8d960afda292b63e7c50c7370794be43",
                    "passes": 11508,
                    "fails": 0
                },
                "products page: status 200": {
                    "name": "products page: status 200",
                    "path": "::products page: status 200",
                    "id": "d3ec3a910ae752d937097964558034ff",
                    "passes": 11508,
                    "fails": 0
                },
                "product detail page: status 200": {
                    "fails": 0,
                    "name": "product detail page: status 200",
                    "path": "::product detail page: status 200",
                    "id": "b24b993fd6b4e43d3aa894d986fa618f",
                    "passes": 11508
                },
                "add to cart (page): status 200": {
                    "name": "add to cart (page): status 200",
                    "path": "::add to cart (page): status 200",
                    "id": "f0cd3e144cbac350e1e6ac88a1b85040",
                    "passes": 0,
                    "fails": 11508
                },
                "cart page: status 200": {
                    "name": "cart page: status 200",
                    "path": "::cart page: status 200",
                    "id": "71a46f5b7a13213d2d57118ccbab0ff3",
                    "passes": 11508,
                    "fails": 0
                },