{
    "metrics": {
        "checks": {
            "passes": 189744,
            "fails": 23718,
            "value": 0.8888888888888888
        },
        "data_received": {
            "count": 7929144587,
            "rate": 66066554.43994869
        },
        "iteration_duration": {
            "min": 26.3793,
            "med": 1773.6234,
            "max": 5012.3053,
            "p(90)": 4386.47954,
            "p(95)": 4698.36092,
            "avg": 2033.452653486801
        },
        "vus_max": {
            "value": 500,
            "min": 500,
            "max": 500
        },
        "http_req_failed": {
            "passes": 23718,
            "fails": 189744,
            "thresholds": {
                "rate<0.05": true
            },
            "value": 0.1111111111111111
        },
        "http_req_connecting": {
            "max": 3.4168,
            "p(90)": 0,
            "p(95)": 0,
            "avg": 0.00042686895091397983,
            "min": 0,
            "med": 0
        },
        "http_req_tls_handshaking": {
            "med": 0,
            "max": 0,
            "p(90)": 0,
            "p(95)": 0,
            "avg": 0,
            "min": 0
        },
        "http_reqs": {
            "count": 213462,
            "rate": 1778.5901983654078
        },
        "http_req_receiving": {
            "p(95)": 51.15776499999999,
            "avg": 4.928638118259934,
            "min": 0,
            "med": 0,
            "max": 174.5645,
            "p(90)": 3.0957699999999924
        },
        "data_sent": {
            "count": 38045857,
            "rate": 317002.50324934616
        },
        "vus": {
            "value": 2,
            "min": 1,
            "max": 499
        },
        "iterations": {
            "count": 11859,
            "rate": 98.81056657585599
        },
        "http_req_sending": {
            "avg": 0.007895710711976815,
            "min": 0,
            "med": 0,
            "max": 5.557,
            "p(90)": 0,
            "p(95)": 0
        },
        "http_req_blocked": {
            "min": 0,
            "med": 0,
            "max": 3.4168,
            "p(90)": 0,
            "p(95)": 0,
            "avg": 0.002416869981542381
        },
        "http_req_waiting": {
            "avg": 107.82175109434115,
            "min": 0,
            "med": 48.617999999999995,
            "max": 637.2374,
            "p(90)": 304.33734999999996,
            "p(95)": 382.7372949999998
        },
        "http_req_duration{expected_response:true}": {
            "max": 640.317,
            "p(90)": 323.03452000000004,
            "p(95)": 398.65062500000005,
            "avg": 123.75936232239364,
            "min": 0,
            "med": 85.04984999999999
        },
        "http_req_duration": {
            "avg": 112.75828492331226,
            "min": 0,
            "med": 68.09700000000001,
            "max": 640.317,
            "p(90)": 304.62822,
            "p(95)": 382.94669499999975,
            "thresholds": {
                "p(95)<2000": false
            }
        }
    },
    "root_group": {
        "checks": {
            "list products: status 200": {
                "fails": 0,
                "name": "list products: status 200",
                "path": "::list products: status 200",
                "id": "924a40c79df3d6bc39fdcdfcc923816e",
                "passes": 11859
            },
            "list products: has data": {
                "id": "4290724cf781171eb17f384ed5f458d4",
                "passes": 11859,
                "fails": 0,
                "name": "list products: has data",
                "path": "::list products: has data"
            },
            "get product: status 200 or 404": {
                "name": "get product: status 200 or 404",
                "path": "::get product: status 200 or 404",
                "id": "2cbbbbbba72fe3cd0c1b28772a24e4c9",
                "passes": 11859,
                "fails": 0
            },
            "search: status 200": {
                "passes": 11859,
                "fails": 0,
                "name": "search: status 200",
                "path": "::search: status 200",
                "id": "cd68838b4cc6f7786becc08340f51f71"
            },
            "category filter: status 200": {
                "passes": 11859,
                "fails": 0,
                "name": "category filter: status 200",
                "path": "::category filter: status 200",
                "id": "08bdd22fe49b26bd9062a4063e91365b"
            },
            "reviews by product: status 200": {
                "name": "reviews by product: status 200",
                "path": "::reviews by product: status 200",
                "id": "ff38d5a6484e85363435e2bde0050fd7",
                "passes": 11859,
                "fails": 0
            },
            "average rating: status 200": {
                "passes": 11859,
                "fails": 0,
                "name": "average rating: status 200",
                "path": "::average rating: status 200",
                "id": "410881361114124b5478d42656b0fe57"
            },
            "add to cart: status 200 or 201": {
                "fails": 0,
                "name": "add to cart: status 200 or 201",
                "path": "::add to cart: status 200 or 201",
                "id": "1788e10b98590b202bef7a8dbc573220",
                "passes": 11859
            },
            "get cart: status 200": {
                "name": "get cart: status 200",
                "path": "::get cart: status 200",
                "id": "28c7dad2666418e7df7959192396d5c0",
                "passes": 11859,
                "fails": 0
            },
            "create order: status 201": {
                "fails": 0,
                "name": "create order: status 201",
                "path": "::create order: status 201",
                "id": "1bcfa49d77d46f40d66acd4c4ffcf2a7",
                "passes": 11859
            },
            "home page: status 200": {
                "passes": 11859,
                "fails": 0,
                "name": "home page: status 200",
                "path": "::home page: status 200",
                "id": "8d960afda292b63e7c50c7370794be43"
            },
            "products page: status 200": {
                "name": "products page: status 200",
                "path": "::products page: status 200",
                "id": "d3ec3a910ae752d937097964558034ff",
                "passes": 11859,
                "fails": 0
            },
            "product detail page: status 200": {
                "name": "product detail page: status 200",
                "path": "::product detail page: status 200",
                "id": "b24b993fd6b4e43d3aa894d986fa618f",
                "passes": 11859,
                "fails": 0
            },
            "add to cart (page): status 200": {
                "name": "add to cart (page): status 200",
                "path": "::add to cart (page): status 200",
                "id": "f0cd3e144cbac350e1e6ac88a1b85040",
                "passes": 0,
                "fails": 11859
            },
            "cart page: status 200": {
                "name": "cart page: status 200",
                "path": "::cart page: status 200",
                "id": "71a46f5b7a13213d2d57118ccbab0ff3",
                "passes": 11859,
                "fails": 0
            },
            "checkout page: status 200": {
                "name": "checkout page: status 200",
                "path": "::checkout page: status 200",
                "id": "4b6b469e2b3feffe3383d401258f1fac",
                "passes": 11859,
                "fails": 0
            },
            "checkout submit: status 200": {
                "path": "::checkout submit: status 200",
                "id": "231aef0da674621d55d3389af9895e8b",
                "passes": 0,
                "fails": 11859,
                "name": "checkout submit: status 200"
            },