{
    "metrics": {
        "http_req_failed": {
            "passes": 0,
            "fails": 40309,
            "thresholds": {
                "rate<0.03": false
            },
            "value": 0
        },
        "http_req_duration{expected_response:true}": {
            "avg": 13.9079585700464,
            "min": 0,
            "med": 1.1501,
            "max": 482.2259,
            "p(90)": 21.511940000000024,
            "p(95)": 51.0714
        },
        "vus": {
            "value": 1,
            "min": 1,
            "max": 199
        },
        "vus_max": {
            "value": 200,
            "min": 200,
            "max": 200
        },
        "iterations": {
            "count": 6718,
            "rate": 55.48825642799341
        },
        "http_req_receiving": {
            "p(90)": 2.1013200000000007,
            "p(95)": 2.8653199999999983,
            "avg": 0.9145787541243897,
            "min": 0,
            "med": 0,
            "max": 445.1565
        },
        "http_req_waiting": {
            "p(90)": 19.781000000000034,
            "p(95)": 46.0853,
            "avg": 12.98654327817617,
            "min": 0,
            "med": 1.0683,
            "max": 466.567
        },
        "iteration_duration": {
            "avg": 1387.3748993301601,
            "min": 1313.9974,
            "med": 1333.299,
            "max": 1818.5773,
            "p(90)": 1551.67684,
            "p(95)": 1649.337715
        },
        "http_req_connecting": {
            "p(90)": 0,
            "p(95)": 0,
            "avg": 0.0008266019995534494,
            "min": 0,
            "med": 0,
            "max": 1.1795
        },
        "http_req_sending": {
            "min": 0,
            "med": 0,
            "max": 31.4562,
            "p(90)": 0,
            "p(95)": 0,
            "avg": 0.0068365377459128265
        },
        "data_sent": {
            "count": 4752457,
            "rate": 39253.58033328554
        },
        "http_req_duration": {
            "p(95)": 51.0714,
            "avg": 13.9079585700464,
            "min": 0,
            "med": 1.1501,
            "max": 482.2259,
            "p(90)": 21.511940000000024,
            "thresholds": {
                "p(95)<1500": false
            }
        },
        "http_req_tls_handshaking": {
            "avg": 0,
            "min": 0,
            "med": 0,
            "max": 0,
            "p(90)": 0,
            "p(95)": 0
        },
        "data_received": {
            "count": 2807669082,
            "rate": 23190333.72833654
        },
        "http_req_blocked": {
            "min": 0,
            "med": 0,
            "max": 3.7257,
            "p(90)": 0,
            "p(95)": 0,
            "avg": 0.0024830583740603836
        },
        "checks": {
            "passes": 47026,
            "fails": 0,
            "value": 1
        },
        "http_reqs": {
            "count": 40309,
            "rate": 332.9377982072025
        }
    },
    "root_group": {
        "name": "",
        "path": "",
        "id": "d41d8cd98f00b204e9800998ecf8427e",
        "groups": {},
        "checks": {
                "create review: status 201": {
                    "passes": 6718,
                    "fails": 0,
                    "name": "create review: status 201",
                    "path": "::create review: status 201",
                    "id": "c932329e2b3295bcd8e6c629e7ac0d13"
                },
                "list all reviews: status 200": {
                    "name": "list all reviews: status 200",
                    "path": "::list all reviews: status 200",
                    "id": "f4e88e6d43443e544640686b0ffab8b2",
                    "passes": 6718,
                    "fails": 0
                },
                "get review by id: status 200": {
                    "fails": 0,
                    "name": "get review by id: status 200",
                    "path": "::get review by id: status 200",
                    "id": "1f3a78c739c7c8c3e5a40d8e733fd292",
                    "passes": 6718
                },
                "get review by id: rating matches": {
                    "name": "get review by id: rating matches",
                    "path": "::get review by id: rating matches",
                    "id": "a1950b9cde3cedc5615a7e443c239f01",
                    "passes": 6718,
                    "fails": 0
                },
                "reviews by product: status 200": {
                    "fails": 0,
                    "name": "reviews by product: status 200",
                    "path": "::reviews by product: status 200",
                    "id": "ff38d5a6484e85363435e2bde0050fd7",
                    "passes": 6718
                },
                "average rating: status 200": {
                    "name": "average rating: status 200",
                    "path": "::average rating: status 200",
                    "id": "410881361114124b5478d42656b0fe57",
                    "passes": 6718,
                    "fails": 0
                },
                "delete review: status 200 or 204": {
                    "id": "57b5378af40d81f36ee360a25b812e46",
                    "passes": 6718,
                    "fails": 0,
                    "name": "delete review: status 200 or 204",
                    "path": "::delete review: status 200 or 204"
                }
            }
    }
}