{
    "metrics": {
        "http_req_blocked": {
            "p(95)": 0,
            "avg": 0.0018562868101695616,
            "min": 0,
            "med": 0,
            "max": 1.0807,
            "p(90)": 0
        },
        "data_received": {
            "count": 13388124,
            "rate": 110115.06952732528
        },
        "vus": {
            "max": 199,
            "value": 0,
            "min": 0
        },
        "http_req_duration{expected_response:true}": {
            "p(90)": 75.8111,
            "p(95)": 215.5856,
            "avg": 27.0985857978242,
            "min": 0,
            "med": 3.3393,
            "max": 383.8079
        },
        "http_req_connecting": {
            "p(95)": 0,
            "avg": 0.00038383182075412374,
            "min": 0,
            "med": 0,
            "max": 1.0807,
            "p(90)": 0
        },
        "http_req_sending": {
            "min": 0,
            "med": 0,
            "max": 2.4003,
            "p(90)": 0,
            "p(95)": 0,
            "avg": 0.004091010458804053
        },
        "http_req_waiting": {
            "med": 3.2383,
            "max": 383.7376,
            "p(90)": 75.6864,
            "p(95)": 215.4232,
            "avg": 26.887555800549123,
            "min": 0
        },
        "http_req_duration": {
            "p(90)": 75.8111,
            "p(95)": 215.5856,
            "avg": 27.0985857978242,
            "min": 0,
            "med": 3.3393,
            "max": 383.8079,
            "thresholds": {
                "p(95)<1000": false
            }
        },
        "iteration_duration": {
            "avg": 1396.8250682601522,
            "min": 1209.8663,
            "med": 1336.5975,
            "max": 2008.3836,
            "p(90)": 1691.72928,
            "p(95)": 1805.84872
        },
        "http_req_receiving": {
            "max": 13.8445,
            "p(90)": 0.7222,
            "p(95)": 1.325,
            "avg": 0.2069389868164573,
            "min": 0,
            "med": 0
        },
        "data_sent": {
            "rate": 57099.4479839908,
            "count": 6942324
        },
        "http_reqs": {
            "count": 47711,
            "rate": 392.4149553901813
        },
        "checks": {
            "passes": 46711,
            "fails": 6673,
            "value": 0.875
        },
        "vus_max": {
            "value": 200,
            "min": 200,
            "max": 200
        },
        "iterations": {
            "count": 6673,
            "rate": 54.88430335391587
        },
        "http_req_failed": {
            "fails": 47711,
            "passes": 0,
            "thresholds": {
                "rate<0.02": false
            },
            "value": 0
        },
        "http_req_tls_handshaking": {
            "p(90)": 0,
            "p(95)": 0,
            "avg": 0,
            "min": 0,
            "med": 0,
            "max": 0
        }
    },
    "root_group": {
        "name": "",
        "path": "",
        "id": "d41d8cd98f00b204e9800998ecf8427e",
        "groups": {},
        "checks": {
                "add item 1: status 200 or 201": {
                    "passes": 6673,
                    "fails": 0,
                    "name": "add item 1: status 200 or 201",
                    "path": "::add item 1: status 200 or 201",
                    "id": "34ffb3452c09ac7174d9f647c20645f8"
                },
                "add item 2: status 200 or 201": {
                    "fails": 0,
                    "name": "add item 2: status 200 or 201",
                    "path": "::add item 2: status 200 or 201",
                    "id": "859dd62118f40bea70a4a5fe4a82c36c",
                    "passes": 6673
                },
                "add item 3: status 200 or 201": {
                    "name": "add item 3: status 200 or 201",
                    "path": "::add item 3: status 200 or 201",
                    "id": "6dfec2b2a8ef0686ff9003fbb64073ff",
                    "passes": 6673,
                    "fails": 0
                },
                "get cart: status 200": {
                    "name": "get cart: status 200",
                    "path": "::get cart: status 200",
                    "id": "28c7dad2666418e7df7959192396d5c0",
                    "passes": 6673,
                    "fails": 0
                },
                "get cart: has items": {
                    "passes": 0,
                    "fails": 6673,
                    "name": "get cart: has items",
                    "path": "::get cart: has items",
                    "id": "ce5cb3c9d4d19a73e0257c50eea61a4c"
                },
                "update quantity: status 200 or 204": {
                    "name": "update quantity: status 200 or 204",
                    "path": "::update quantity: status 200 or 204",
                    "id": "6cfa842eec59d2c26f64d983e1b9ad16",
                    "passes": 6673,
                    "fails": 0
                },
                "delete item: status 200 or 204": {
                    "name": "delete item: status 200 or 204",
                    "path": "::delete item: status 200 or 204",
                    "id": "f05e6698ea497656bf987aa1783be142",
                    "passes": 6673,
                    "fails": 0
                },
                "clear cart session: status 200 or 204": {
                    "name": "clear cart session: status 200 or 204",
                    "path": "::clear cart session: status 200 or 204",
                    "id": "8f83318937121769e691a83b1b01cd11",
                    "passes": 6673,
                    "fails": 0
                }
            }
    }
}