{
    "metrics": {
        "http_req_waiting": {
            "p(90)": 320.61466,
            "p(95)": 399.36967999999973,
            "avg": 138.57188324350483,
            "min": 0.4435,
            "med": 103.4516,
            "max": 638.7728
        },
        "vus_max": {
            "value": 500,
            "min": 500,
            "max": 500
        },
        "http_req_duration": {
            "p(90)": 320.9117000000001,
            "p(95)": 399.6603,
            "avg": 144.8696234336244,
            "min": 0.5061,
            "med": 118.1671,
            "max": 638.7728,
            "thresholds": {
                "p(95)<2000": false
            }
        },
        "http_req_receiving": {
            "max": 133.7122,
            "p(90)": 36.00350000000001,
            "p(95)": 52.7322,
            "avg": 6.290092470652141,
            "min": 0,
            "med": 0
        },
        "http_req_duration{expected_response:true}": {
            "min": 0.5061,
            "med": 118.1671,
            "max": 638.7728,
            "p(90)": 320.9117000000001,
            "p(95)": 399.6603,
            "avg": 144.8696234336244
        },
        "http_req_blocked": {
            "p(90)": 0,
            "p(95)": 0,
            "avg": 0.0026301910251380666,
            "min": 0,
            "med": 0,
            "max": 15.6693
        },
        "http_req_connecting": {
            "p(90)": 0,
            "p(95)": 0,
            "avg": 0.0004634444880345233,
            "min": 0,
            "med": 0,
            "max": 15.6693
        },
        "data_received": {
            "count": 8403380725,
            "rate": 70027381.16550155
        },
        "data_sent": {
            "count": 18272411,
            "rate": 152268.37052651847
        },
        "http_req_tls_handshaking": {
            "max": 0,
            "p(90)": 0,
            "p(95)": 0,
            "avg": 0,
            "min": 0,
            "med": 0
        },
        "http_req_failed": {
            "fails": 165685,
            "passes": 0,
            "thresholds": {
                "rate<0.05": false
            },
            "value": 0
        },
        "http_req_sending": {
            "p(90)": 0,
            "p(95)": 0,
            "avg": 0.0076477194676645025,
            "min": 0,
            "med": 0,
            "max": 5.5106
        },
        "vus": {
            "value": 2,
            "min": 1,
            "max": 499
        },
        "checks": {
            "passes": 165685,
            "fails": 0,
            "value": 1
        },
        "iterations": {
            "rate": 106.20713283870847,
            "count": 12745
        },
        "iteration_duration": {
            "med": 1658.0906,
            "max": 4650.2919,
            "p(90)": 4092.1605000000004,
            "p(95)": 4378.2179,
            "avg": 1886.7434360141185,
            "min": 28.0111
        },
        "http_reqs": {
            "count": 165685,
            "rate": 1380.69272690321
        }
    },
    "root_group": {
        "path": "",
        "id": "d41d8cd98f00b204e9800998ecf8427e",
        "groups": {},
        "checks": {
                "list products: status 200": {
                    "name": "list products: status 200",
                    "path": "::list products: status 200",
                    "id": "924a40c79df3d6bc39fdcdfcc923816e",
                    "passes": 12745,
                    "fails": 0
                },
                "list products: has data": {
                    "fails": 0,
                    "name": "list products: has data",
                    "path": "::list products: has data",
                    "id": "4290724cf781171eb17f384ed5f458d4",
                    "passes": 12745
                },
                "get product: status 200 or 404": {
                    "passes": 12745,
                    "fails": 0,
                    "name": "get product: status 200 or 404",
                    "path": "::get product: status 200 or 404",
                    "id": "2cbbbbbba72fe3cd0c1b28772a24e4c9"
                },
                "search: status 200": {
                    "id": "cd68838b4cc6f7786becc08340f51f71",
                    "passes": 12745,
                    "fails": 0,
                    "name": "search: status 200",
                    "path": "::search: status 200"
                },
                "category filter: status 200": {
                    "name": "category filter: status 200",
                    "path": "::category filter: status 200",
                    "id": "08bdd22fe49b26bd9062a4063e91365b",
                    "passes": 12745,
                    "fails": 0
                },
                "reviews by product: status 200": {
                    "name": "reviews by product: status 200",
                    "path": "::reviews by product: status 200",
                    "id": "ff38d5a6484e85363435e2bde0050fd7",
                    "passes": 12745,
                    "fails": 0
                },
                "average rating: status 200": {
                    "name": "average rating: status 200",
                    "path": "::average rating: status 200",
                    "id": "410881361114124b5478d42656b0fe57",
                    "passes": 12745,
                    "fails": 0
                },
                "add to cart: status 200 or 201": {
                    "path": "::add to cart: status 200 or 201",
                    "id": "1788e10b98590b202bef7a8dbc573220",
                    "passes": 12745,
                    "fails": 0,
                    "name": "add to cart: status 200 or 201"
                },
                "get cart: status 200": {
                    "path": "::get cart: status 200",
                    "id": "28c7dad2666418e7df7959192396d5c0",
                    "passes": 12745,
                    "fails": 0,
                    "name": "get cart: status 200"
                },
                "create order: status 201": {
                    "name": "create order: status 201",
                    "path": "::create order: status 201",
                    "id": "1bcfa49d77d46f40d66acd4c4ffcf2a7",
                    "passes": 12745,
                    "fails": 0
                },
                "home page: status 200": {
                    "id": "8d960afda292b63e7c50c7370794be43",
                    "passes": 12745,
                    "fails": 0,
                    "name": "home page: status 200",
                    "path": "::home page: status 200"
                },
                "products page: status 200": {
                    "fails": 0,
                    "name": "products page: status 200",
                    "path": "::products page: status 200",
                    "id": "d3ec3a910ae752d937097964558034ff",
                    "passes": 12745
                },
                "product detail page: status 200": {
                    "name": "product detail page: status 200",
                    "path": "::product detail page: status 200",
                    "id": "b24b993fd6b4e43d3aa894d986fa618f",
                    "passes": 12745,
                    "fails": 0
                }
            },
        "name": ""
    }
}