{
    "root_group": {
        "checks": {
            "list: status 200": {
                "fails": 0,
                "name": "list: status 200",
                "path": "::list: status 200",
                "id": "ae210d7a519f353e769d3b3d185c78c3",
                "passes": 8752
            },
            "search: status 200": {
                "name": "search: status 200",
                "path": "::search: status 200",
                "id": "cd68838b4cc6f7786becc08340f51f71",
                "passes": 8752,
                "fails": 0
            },
            "reviews: status 200": {
                "id": "b08007dd4d1dafe552104d04bed0f5a0",
                "passes": 8752,
                "fails": 0,
                "name": "reviews: status 200",
                "path": "::reviews: status 200"
            },
            "home page: status 200": {
                "name": "home page: status 200",
                "path": "::home page: status 200",
                "id": "8d960afda292b63e7c50c7370794be43",
                "passes": 8752,
                "fails": 0
            },
            "detail page: status 200": {
                "name": "detail page: status 200",
                "path": "::detail page: status 200",
                "id": "524bbb29a3adff2402c98e609fee384d",
                "passes": 8752,
                "fails": 0
            }
        },
        "name": "",
        "path": "",
        "id": "d41d8cd98f00b204e9800998ecf8427e",
        "groups": {}
    },
    "metrics": {
        "http_req_sending": {
            "max": 3.5126,
            "p(90)": 0,
            "p(95)": 0,
            "avg": 0.007304885740402196,
            "min": 0,
            "med": 0
        },
        "http_req_duration{expected_response:true}": {
            "p(90)": 45.696569999999994,
            "p(95)": 49.955705,
            "avg": 31.361841380255992,
            "min": 0,
            "med": 32.1229,
            "max": 92.3116
        },
        "http_req_blocked": {
            "p(95)": 0,
            "avg": 0.0022302833638025606,
            "min": 0,
            "med": 0,
            "max": 2.1255,
            "p(90)": 0
        },
        "http_req_connecting": {
            "avg": 0.0004781032906764169,
            "min": 0,
            "med": 0,
            "max": 1.1731,
            "p(90)": 0,
            "p(95)": 0
        },
        "http_req_duration": {
            "min": 0,
            "med": 32.1229,
            "max": 92.3116,
            "p(90)": 45.696569999999994,
            "p(95)": 49.955705,
            "avg": 31.361841380255992,
            "thresholds": {
                "p(95)<2000": false
            }
        },
        "http_req_tls_handshaking": {
            "avg": 0,
            "min": 0,
            "med": 0,
            "max": 0,
            "p(90)": 0,
            "p(95)": 0
        },
        "iteration_duration": {
            "max": 476.733,
            "p(90)": 390.39917,
            "p(95)": 402.7436,
            "avg": 357.41980675274004,
            "min": 211.0595,
            "med": 361.67975
        },
        "http_req_failed": {
            "fails": 43760,
            "passes": 0,
            "thresholds": {
                "rate<0.10": false
            },
            "value": 0
        },
        "http_req_receiving": {
            "p(95)": 14.5064,
            "avg": 4.073104730347347,
            "min": 0,
            "med": 0.40695,
            "max": 51.569,
            "p(90)": 12.360129999999998
        },
        "iterations": {
            "count": 8752,
            "rate": 186.15753301740054
        },
        "data_received": {
            "count": 3086711889,
            "rate": 65655241.13250918
        },
        "data_sent": {
            "rate": 81693.71892040483,
            "count": 3840744
        },
        "vus_max": {
            "value": 100,
            "min": 100,
            "max": 100
        },
        "http_req_waiting": {
            "avg": 27.281431764168243,
            "min": 0,
            "med": 24.81485,
            "max": 91.92,
            "p(90)": 44.34119999999999,
            "p(95)": 48.95661999999998
        },
        "http_reqs": {
            "count": 43760,
            "rate": 930.7876650870028
        },
        "checks": {
            "passes": 43760,
            "fails": 0,
            "value": 1
        },
        "vus": {
            "value": 1,
            "min": 1,
            "max": 100
        }
    }
}