{
    "metrics": {
        "iterations": {
            "rate": 62.2599905171361,
            "count": 7473
        },
        "http_req_waiting": {
            "avg": 177.7129473073425,
            "min": 0.5045,
            "med": 125.78715,
            "max": 945.2373,
            "p(90)": 453.37135,
            "p(95)": 540.5573949999999
        },
        "data_received": {
            "count": 4491728296,
            "rate": 37422047.51967241
        },
        "data_sent": {
            "count": 27109358,
            "rate": 225856.86765765393
        },
        "http_req_duration{expected_response:true}": {
            "max": 945.2373,
            "p(90)": 455.73494,
            "p(95)": 543.0028999999997,
            "avg": 182.2613919041886,
            "min": 0.5071,
            "med": 134.64780000000002
        },
        "http_req_failed": {
            "passes": 0,
            "fails": 134514,
            "thresholds": {
                "rate<0.05": false
            },
            "value": 0
        },
        "http_req_sending": {
            "med": 0,
            "max": 7.5966,
            "p(90)": 0,
            "p(95)": 0,
            "avg": 0.007358634788943901,
            "min": 0
        },
        "iteration_duration": {
            "avg": 3283.6993966278574,
            "min": 44.5678,
            "med": 2980.5089,
            "max": 7935.1795,
            "p(90)": 7030.077800000001,
            "p(95)": 7471.87642
        },
        "vus": {
            "value": 2,
            "min": 1,
            "max": 500
        },
        "http_req_duration": {
            "p(90)": 455.73494,
            "p(95)": 543.0028999999997,
            "avg": 182.2613919041886,
            "min": 0.5071,
            "med": 134.64780000000002,
            "max": 945.2373,
            "thresholds": {
                "p(95)<2000": false
            }
        },
        "vus_max": {
            "value": 500,
            "min": 500,
            "max": 500
        },
        "checks": {
            "passes": 134514,
            "fails": 0,
            "value": 1
        },
        "http_req_tls_handshaking": {
            "min": 0,
            "med": 0,
            "max": 0,
            "p(90)": 0,
            "p(95)": 0,
            "avg": 0
        },
        "http_req_blocked": {
            "avg": 0.002621443121162109,
            "min": 0,
            "med": 0,
            "max": 12.3658,
            "p(90)": 0,
            "p(95)": 0
        },
        "http_reqs": {
            "count": 134514,
            "rate": 1120.6798293084498
        },
        "http_req_receiving": {
            "avg": 4.5410859620560435,
            "min": 0,
            "med": 0,
            "max": 390.2286,
            "p(90)": 16.197679999999988,
            "p(95)": 34.641309999999926
        },
        "http_req_connecting": {
            "med": 0,
            "max": 2.2053,
            "p(90)": 0,
            "p(95)": 0,
            "avg": 0.0006585098948808307,
            "min": 0
        }
    },
    "root_group": {
        "name": "",
        "path": "",
        "id": "d41d8cd98f00b204e9800998ecf8427e",
        "groups": {},
        "checks": {
                "list products: status 200": {
                    "fails": 0,
                    "name": "list products: status 200",
                    "path": "::list products: status 200",
                    "id": "924a40c79df3d6bc39fdcdfcc923816e",
                    "passes": 7473
                },
                "list products: has data": {
                    "path": "::list products: has data",
                    "id": "4290724cf781171eb17f384ed5f458d4",
                    "passes": 7473,
                    "fails": 0,
                    "name": "list products: has data"
                },
                "get product: status 200 or 404": {
                    "passes": 7473,
                    "fails": 0,
                    "name": "get product: status 200 or 404",
                    "path": "::get product: status 200 or 404",
                    "id": "2cbbbbbba72fe3cd0c1b28772a24e4c9"
                },
                "search: status 200": {
                    "id": "cd68838b4cc6f7786becc08340f51f71",
                    "passes": 7473,
                    "fails": 0,
                    "name": "search: status 200",
                    "path": "::search: status 200"
                },
                "category filter: status 200": {
                    "name": "category filter: status 200",
                    "path": "::category filter: status 200",
                    "id": "08bdd22fe49b26bd9062a4063e91365b",
                    "passes": 7473,
                    "fails": 0
                },
                "reviews by product: status 200": {
                    "path": "::reviews by product: status 200",
                    "id": "ff38d5a6484e85363435e2bde0050fd7",
                    "passes": 7473,
                    "fails": 0,
                    "name": "reviews by product: status 200"
                },
                "average rating: status 200": {
                    "name": "average rating: status 200",
                    "path": "::average rating: status 200",
                    "id": "410881361114124b5478d42656b0fe57",
                    "passes": 7473,
                    "fails": 0
                },
                "add to cart: status 200 or 201": {
                    "id": "1788e10b98590b202bef7a8dbc573220",
                    "passes": 7473,
                    "fails": 0,
                    "name": "add to cart: status 200 or 201",
                    "path": "::add to cart: status 200 or 201"
                },
                "get cart: status 200": {
                    "name": "get cart: status 200",
                    "path": "::get cart: status 200",
                    "id": "28c7dad2666418e7df7959192396d5c0",
                    "passes": 7473,
                    "fails": 0
                },
                "create order: status 201": {
                    "name": "create order: status 201",
                    "path": "::create order: status 201",
                    "id": "1bcfa49d77d46f40d66acd4c4ffcf2a7",
                    "passes": 7473,
                    "fails": 0
                },
                "home page: status 200": {
                    "fails": 0,
                    "name": "home page: status 200",
                    "path": "::home page: status 200",
                    "id": "8d960afda292b63e7c50c7370794be43",
                    "passes": 7473
                },
                "products page: status 200": {
                    "passes": 7473,
                    "fails": 0,
                    "name": "products page: status 200",
                    "path": "::products page: status 200",
                    "id": "d3ec3a910ae752d937097964558034ff"
                },
                "product detail page: status 200": {
                    "name": "product detail page: status 200",
                    "path": "::product detail page: status 200",
                    "id": "b24b993fd6b4e43d3aa894d986fa618f",
                    "passes": 7473,
                    "fails": 0
                },
                "add to cart (page): status 200": {
                    "name": "add to cart (page): status 200",
                    "path": "::add to cart (page): status 200",
                    "id": "f0cd3e144cbac350e1e6ac88a1b85040",
                    "passes": 7473,
                    "fails": 0
                },
                "cart page: status 200": {
                    "name": "cart page: status 200",
                    "path": "::cart page: status 200",
                    "id": "71a46f5b7a13213d2d57118ccbab0ff3",
                    "passes": 7473,
                    "fails": 0
                },
                "checkout page: status 200": {
                    "passes": 7473,
                    "fails": 0,