{
    "metrics": {
        "http_req_tls_handshaking": {
            "p(95)": 0,
            "avg": 0,
            "min": 0,
            "med": 0,
            "max": 0,
            "p(90)": 0
        },
        "http_req_waiting": {
            "med": 95.5897,
            "max": 845.1923,
            "p(90)": 368.0391,
            "p(95)": 481.881375,
            "avg": 147.27362381770527,
            "min": 0
        },
        "http_req_failed": {
            "passes": 17654,
            "fails": 141232,
            "thresholds": {
                "rate<0.05": true
            },
            "value": 0.1111111111111111
        },
        "http_req_duration{expected_response:true}": {
            "min": 0,
            "med": 127.88794999999999,
            "max": 847.4771,
            "p(90)": 383.5681300000001,
            "p(95)": 501.71429999999947,
            "avg": 168.68498064744648
        },
        "http_req_duration": {
            "p(90)": 368.3997,
            "p(95)": 482.256275,
            "avg": 152.94247417456629,
            "min": 0,
            "med": 102.30555000000001,
            "max": 847.4771,
            "thresholds": {
                "p(95)<2000": false
            }
        },
        "checks": {
            "passes": 141232,
            "fails": 17654,
            "value": 0.8888888888888888
        },
        "iteration_duration": {
            "p(95)": 6332.075429999999,
            "avg": 2756.9322621049005,
            "min": 41.8847,
            "med": 2430.3223,
            "max": 6574.4197,
            "p(90)": 5931.74874
        },
        "vus": {
            "value": 2,
            "min": 1,
            "max": 500
        },
        "data_sent": {
            "count": 28314525,
            "rate": 235906.74365915466
        },
        "http_req_receiving": {
            "p(90)": 4.3157499999999995,
            "p(95)": 56.17145,
            "avg": 5.660618567400478,
            "min": 0,
            "med": 0,
            "max": 182.8137
        },
        "http_req_sending": {
            "avg": 0.008231789459109056,
            "min": 0,
            "med": 0,
            "max": 15.6504,
            "p(90)": 0,
            "p(95)": 0
        },
        "http_req_blocked": {
            "p(95)": 0,
            "avg": 0.0028277230215374496,
            "min": 0,
            "med": 0,
            "max": 6.0633,
            "p(90)": 0
        },
        "data_received": {
            "rate": 49170554.49626805,
            "count": 5901657888
        },
        "http_reqs": {
            "count": 158886,
            "rate": 1323.7827183407967
        },
        "vus_max": {
            "max": 500,
            "value": 500,
            "min": 500
        },
        "http_req_connecting": {
            "max": 5.5336,
            "p(90)": 0,
            "p(95)": 0,
            "avg": 0.0007553698878441146,
            "min": 0,
            "med": 0
        },
        "iterations": {
            "count": 8827,
            "rate": 73.54348435226647
        }
    },
    "root_group": {
        "id": "d41d8cd98f00b204e9800998ecf8427e",
        "groups": {},
        "checks": {
                "list products: status 200": {
                    "name": "list products: status 200",
                    "path": "::list products: status 200",
                    "id": "924a40c79df3d6bc39fdcdfcc923816e",
                    "passes": 8827,
                    "fails": 0
                },
                "list products: has data": {
                    "fails": 0,
                    "name": "list products: has data",
                    "path": "::list products: has data",
                    "id": "4290724cf781171eb17f384ed5f458d4",
                    "passes": 8827
                },
                "get product: status 200 or 404": {
                    "name": "get product: status 200 or 404",
                    "path": "::get product: status 200 or 404",
                    "id": "2cbbbbbba72fe3cd0c1b28772a24e4c9",
                    "passes": 8827,
                    "fails": 0
                },
                "search: status 200": {
                    "name": "search: status 200",
                    "path": "::search: status 200",
                    "id": "cd68838b4cc6f7786becc08340f51f71",
                    "passes": 8827,
                    "fails": 0
                },
                "category filter: status 200": {
                    "passes": 8827,
                    "fails": 0,
                    "name": "category filter: status 200",
                    "path": "::category filter: status 200",
                    "id": "08bdd22fe49b26bd9062a4063e91365b"
                },
                "reviews by product: status 200": {
                    "name": "reviews by product: status 200",
                    "path": "::reviews by product: status 200",
                    "id": "ff38d5a6484e85363435e2bde0050fd7",
                    "passes": 8827,
                    "fails": 0
                },
                "average rating: status 200": {
                    "name": "average rating: status 200",
                    "path": "::average rating: status 200",
                    "id": "410881361114124b5478d42656b0fe57",
                    "passes": 8827,
                    "fails": 0
                },
                "add to cart: status 200 or 201": {
                    "name": "add to cart: status 200 or 201",
                    "path": "::add to cart: status 200 or 201",
                    "id": "1788e10b98590b202bef7a8dbc573220",
                    "passes": 8827,
                    "fails": 0
                },
                "get cart: status 200": {
                    "id": "28c7dad2666418e7df7959192396d5c0",
                    "passes": 8827,
                    "fails": 0,
                    "name": "get cart: status 200",
                    "path": "::get cart: status 200"
                },
                "create order: status 201": {
                    "name": "create order: status 201",
                    "path": "::create order: status 201",
                    "id": "1bcfa49d77d46f40d66acd4c4ffcf2a7",
                    "passes": 8827,
                    "fails": 0
                },
                "home page: status 200": {
                    "name": "home page: status 200",
                    "path": "::home page: status 200",
                    "id": "8d960afda292b63e7c50c7370794be43",
                    "passes": 8827,
                    "fails": 0
                },
                "products page: status 200": {
                    "passes": 8827,
                    "fails": 0,
                    "name": "products page: status 200",
                    "path": "::products page: status 200",
                    "id": "d3ec3a910ae752d937097964558034ff"
                },
                "product detail page: status 200": {
                    "path": "::product detail page: status 200",
                    "id": "b24b993fd6b4e43d3aa894d986fa618f",
                    "passes": 8827,
                    "fails": 0,
                    "name": "product detail page: status 200"
                },
                "add to cart (page): status 200": {
                    "name": "add to cart (page): status 200",
                    "path": "::add to cart (page): status 200",
                    "id": "f0cd3e144cbac350e1e6ac88a1b85040",
                    "passes": 0,
                    "fails": 8827
                },
                "cart page: status 200": {
                    "fails": 0,
                    "name": "cart page: status 200",
                    "path": "::cart page: status 200",
                    "id": "71a46f5b7a13213d2d57118ccbab0ff3",
                    "passes": 8827
                },
                "checkout page: status 200": {
                    "name": "checkout page: status 200",