{
    "metrics": {
        "vus_max": {
            "value": 200,
            "min": 200,
            "max": 200
        },
        "http_req_connecting": {
            "p(90)": 0,
            "p(95)": 0,
            "avg": 0.00107556261453879,
            "min": 0,
            "med": 0,
            "max": 0.6333
        },
        "http_req_waiting": {
            "min": 0,
            "med": 1.0566,
            "max": 1807.3907,
            "p(90)": 1.6845,
            "p(95)": 1.9989799999999975,
            "avg": 1.1477603567501495
        },
        "http_req_duration{expected_response:true}": {
            "p(95)": 2.1364,
            "avg": 1.359693681124,
            "min": 0,
            "med": 1.2294,
            "max": 1809.3674,
            "p(90)": 1.8443
        },
        "http_req_blocked": {
            "min": 0,
            "med": 0,
            "max": 1.0645,
            "p(90)": 0,
            "p(95)": 0,
            "avg": 0.0024661478313989025
        },
        "http_req_receiving": {
            "p(90)": 0.7520799999999995,
            "p(95)": 0.9499,
            "avg": 0.20810830299327943,
            "min": 0,
            "med": 0,
            "max": 13.6277
        },
        "http_reqs": {
            "count": 40925,
            "rate": 339.09706116164807
        },
        "http_req_sending": {
            "max": 1.1553,
            "p(90)": 0,
            "p(95)": 0,
            "avg": 0.0038250213805742328,
            "min": 0,
            "med": 0
        },
        "http_req_tls_handshaking": {
            "max": 0,
            "p(90)": 0,
            "p(95)": 0,
            "avg": 0,
            "min": 0,
            "med": 0
        },
        "checks": {
            "passes": 51155,
            "fails": 0,
            "value": 1
        },
        "data_received": {
            "rate": 77954.78103030371,
            "count": 9408219
        },
        "http_req_duration": {
            "med": 1.2294,
            "max": 1809.3674,
            "p(90)": 1.8443,
            "p(95)": 2.1364,
            "avg": 1.359693681124,
            "min": 0,
            "thresholds": {
                "p(95)<1500": false
            }
        },
        "data_sent": {
            "count": 7212055,
            "rate": 59757.7680008838
        },
        "iteration_duration": {
            "avg": 906.9726976346344,
            "min": 903.0783,
            "med": 906.4289,
            "max": 2727.7302,
            "p(90)": 908.1853,
            "p(95)": 908.9942
        },
        "iterations": {
            "count": 10231,
            "rate": 84.77219383615935
        },
        "vus": {
            "value": 7,
            "min": 1,
            "max": 199
        },
        "http_req_failed": {
            "fails": 40925,
            "passes": 0,
            "thresholds": {
                "rate<0.03": false
            },
            "value": 0
        }
    },
    "root_group": {
        "name": "",
        "path": "",
        "id": "d41d8cd98f00b204e9800998ecf8427e",
        "groups": {},
        "checks": {
                "create product: status 201": {
                    "name": "create product: status 201",
                    "path": "::create product: status 201",
                    "id": "d93f8db8db344695f776e44ec6b18c58",
                    "passes": 10231,
                    "fails": 0
                },
                "get created product: status 200": {
                    "id": "afdc866b141a243ae294ef9ad1f445e9",
                    "passes": 10231,
                    "fails": 0,
                    "name": "get created product: status 200",
                    "path": "::get created product: status 200"
                },
                "get created product: name matches": {
                    "name": "get created product: name matches",
                    "path": "::get created product: name matches",
                    "id": "c11a53a8914fcb33931d909ab82d155e",
                    "passes": 10231,
                    "fails": 0
                },
                "update product: status 200 or 204": {
                    "id": "fed812f077cab05d9d142603607e1679",
                    "passes": 10231,
                    "fails": 0,
                    "name": "update product: status 200 or 204",
                    "path": "::update product: status 200 or 204"
                },
                "delete product: status 200 or 204": {
                    "fails": 0,
                    "name": "delete product: status 200 or 204",
                    "path": "::delete product: status 200 or 204",
                    "id": "bc7117db1fa07e5c01728435a48a565a",
                    "passes": 10231
                }
            }
    }
}