{
    "metrics": {
        "iterations": {
            "count": 8715,
            "rate": 72.62147513515063
        },
        "data_sent": {
            "count": 27954127,
            "rate": 232939.75202011966
        },
        "iteration_duration": {
            "p(95)": 6317.69667,
            "avg": 2792.9617252208836,
            "min": 42.4397,
            "med": 2467.0718,
            "max": 6620.6109,
            "p(90)": 6032.84662
        },
        "http_req_failed": {
            "passes": 17430,
            "fails": 139440,
            "thresholds": {
                "rate<0.05": true
            },
            "value": 0.1111111111111111
        },
        "http_req_blocked": {
            "avg": 0.0030986829859118996,
            "min": 0,
            "med": 0,
            "max": 16.4948,
            "p(90)": 0,
            "p(95)": 0
        },
        "http_req_waiting": {
            "avg": 149.2366696423807,
            "min": 0,
            "med": 97.1634,
            "max": 840.4506,
            "p(90)": 370.63256,
            "p(95)": 489.3114299999996
        },
        "data_received": {
            "count": 5826920131,
            "rate": 48555311.00492543
        },
        "vus": {
            "value": 3,
            "min": 1,
            "max": 500
        },
        "http_req_duration": {
            "avg": 154.94230690253164,
            "min": 0,
            "med": 103.86605,
            "max": 840.8875,
            "p(90)": 370.99154000000004,
            "p(95)": 489.70974499999977,
            "thresholds": {
                "p(95)<2000": false
            }
        },
        "http_req_tls_handshaking": {
            "avg": 0,
            "min": 0,
            "med": 0,
            "max": 0,
            "p(90)": 0,
            "p(95)": 0
        },
        "http_req_connecting": {
            "p(95)": 0,
            "avg": 0.0010014770191878626,
            "min": 0,
            "med": 0,
            "max": 13.258,
            "p(90)": 0
        },
        "http_reqs": {
            "count": 156870,
            "rate": 1307.1865524327113
        },
        "http_req_duration{expected_response:true}": {
            "med": 129.82935,
            "max": 840.8875,
            "p(90)": 385.0326300000001,
            "p(95)": 504.6351799999999,
            "avg": 170.90324411790004,
            "min": 0
        },
        "http_req_sending": {
            "p(95)": 0,
            "avg": 0.008055997960094352,
            "min": 0,
            "med": 0,
            "max": 12.2475,
            "p(90)": 0
        },
        "vus_max": {
            "max": 500,
            "value": 500,
            "min": 500
        },
        "checks": {
            "passes": 139440,
            "fails": 17430,
            "value": 0.8888888888888888
        },
        "http_req_receiving": {
            "p(95)": 56.16492999999997,
            "avg": 5.697581262191628,
            "min": 0,
            "med": 0,
            "max": 156.2448,
            "p(90)": 4.270530000000008
        }
    },
    "root_group": {
        "name": "",
        "path": "",
        "id": "d41d8cd98f00b204e9800998ecf8427e",
        "groups": {},
        "checks": {
                "list products: status 200": {
                    "name": "list products: status 200",
                    "path": "::list products: status 200",
                    "id": "924a40c79df3d6bc39fdcdfcc923816e",
                    "passes": 8715,
                    "fails": 0
                },
                "list products: has data": {
                    "id": "4290724cf781171eb17f384ed5f458d4",
                    "passes": 8715,
                    "fails": 0,
                    "name": "list products: has data",
                    "path": "::list products: has data"
                },
                "get product: status 200 or 404": {
                    "passes": 8715,
                    "fails": 0,
                    "name": "get product: status 200 or 404",
                    "path": "::get product: status 200 or 404",
                    "id": "2cbbbbbba72fe3cd0c1b28772a24e4c9"
                },
                "search: status 200": {
                    "path": "::search: status 200",
                    "id": "cd68838b4cc6f7786becc08340f51f71",
                    "passes": 8715,
                    "fails": 0,
                    "name": "search: status 200"
                },
                "category filter: status 200": {
                    "name": "category filter: status 200",
                    "path": "::category filter: status 200",
                    "id": "08bdd22fe49b26bd9062a4063e91365b",
                    "passes": 8715,
                    "fails": 0
                },
                "reviews by product: status 200": {
                    "name": "reviews by product: status 200",
                    "path": "::reviews by product: status 200",
                    "id": "ff38d5a6484e85363435e2bde0050fd7",
                    "passes": 8715,
                    "fails": 0
                },
                "average rating: status 200": {
                    "name": "average rating: status 200",
                    "path": "::average rating: status 200",
                    "id": "410881361114124b5478d42656b0fe57",
                    "passes": 8715,
                    "fails": 0
                },
                "add to cart: status 200 or 201": {
                    "name": "add to cart: status 200 or 201",
                    "path": "::add to cart: status 200 or 201",
                    "id": "1788e10b98590b202bef7a8dbc573220",
                    "passes": 8715,
                    "fails": 0
                },
                "get cart: status 200": {
                    "fails": 0,
                    "name": "get cart: status 200",
                    "path": "::get cart: status 200",
                    "id": "28c7dad2666418e7df7959192396d5c0",
                    "passes": 8715
                },
                "create order: status 201": {
                    "id": "1bcfa49d77d46f40d66acd4c4ffcf2a7",
                    "passes": 8715,
                    "fails": 0,
                    "name": "create order: status 201",
                    "path": "::create order: status 201"
                },
                "home page: status 200": {
                    "name": "home page: status 200",
                    "path": "::home page: status 200",
                    "id": "8d960afda292b63e7c50c7370794be43",
                    "passes": 8715,
                    "fails": 0
                },
                "products page: status 200": {
                    "name": "products page: status 200",
                    "path": "::products page: status 200",
                    "id": "d3ec3a910ae752d937097964558034ff",
                    "passes": 8715,
                    "fails": 0
                },
                "product detail page: status 200": {
                    "passes": 8715,
                    "fails": 0,
                    "name": "product detail page: status 200",
                    "path": "::product detail page: status 200",
                    "id": "b24b993fd6b4e43d3aa894d986fa618f"
                },
                "add to cart (page): status 200": {
                    "name": "add to cart (page): status 200",
                    "path": "::add to cart (page): status 200",
                    "id": "f0cd3e144cbac350e1e6ac88a1b85040",
                    "passes": 0,
                    "fails": 8715
                },
                "cart page: status 200": {
                    "name": "cart page: status 200",
                    "path": "::cart page: status 200",
                    "id": "71a46f5b7a13213d2d57118ccbab0ff3",
                    "passes": 8715,
                    "fails": 0
                },
                "checkout page: status 200": {
                    "fails": 0,