{
    "metrics": {
        "http_req_blocked": {
            "p(90)": 0,
            "p(95)": 0,
            "avg": 0.004367416921705182,
            "min": 0,
            "med": 0,
            "max": 23.2425
        },
        "http_req_tls_handshaking": {
            "avg": 0,
            "min": 0,
            "med": 0,
            "max": 0,
            "p(90)": 0,
            "p(95)": 0
        },
        "vus": {
            "value": 2,
            "min": 1,
            "max": 199
        },
        "data_sent": {
            "count": 4892803,
            "rate": 40400.640740822055
        },
        "iteration_duration": {
            "min": 1309.504,
            "med": 1328.06545,
            "max": 1632.3191,
            "p(90)": 1402.8975500000001,
            "p(95)": 1452.33795,
            "avg": 1347.6033775303686
        },
        "http_req_duration{expected_response:true}": {
            "p(90)": 16.689260000000004,
            "p(95)": 28.259399999999996,
            "avg": 7.228268503747271,
            "min": 0,
            "med": 1.6018,
            "max": 322.7631
        },
        "http_req_sending": {
            "max": 17.05,
            "p(90)": 0,
            "p(95)": 0,
            "avg": 0.0059927440537870125,
            "min": 0,
            "med": 0
        },
        "http_req_duration": {
            "min": 0,
            "med": 1.6018,
            "max": 322.7631,
            "p(90)": 16.689260000000004,
            "p(95)": 28.259399999999996,
            "avg": 7.228268503747271,
            "thresholds": {
                "p(95)<1500": false
            }
        },
        "checks": {
            "fails": 0,
            "passes": 48412,
            "value": 1
        },
        "vus_max": {
            "min": 200,
            "max": 200,
            "value": 200
        },
        "http_reqs": {
            "count": 41497,
            "rate": 342.64722876067003
        },
        "iterations": {
            "count": 6916,
            "rate": 57.10649526733967
        },
        "http_req_connecting": {
            "avg": 0.0016762175578957513,
            "min": 0,
            "med": 0,
            "max": 23.2425,
            "p(90)": 0,
            "p(95)": 0
        },
        "http_req_failed": {
            "passes": 0,
            "fails": 41497,
            "thresholds": {
                "rate<0.03": false
            },
            "value": 0
        },
        "http_req_receiving": {
            "max": 119.3324,
            "p(90)": 2.1377,
            "p(95)": 2.76462,
            "avg": 0.6810859363327475,
            "min": 0,
            "med": 0
        },
        "data_received": {
            "count": 2889259900,
            "rate": 23857071.54503532
        },
        "http_req_waiting": {
            "max": 320.106,
            "p(90)": 14.293720000000002,
            "p(95)": 25.906899999999915,
            "avg": 6.541189823360703,
            "min": 0,
            "med": 1.3314
        }
    },
    "root_group": {
        "name": "",
        "path": "",
        "id": "d41d8cd98f00b204e9800998ecf8427e",
        "groups": {},
        "checks": {
                "create review: status 201": {
                    "id": "c932329e2b3295bcd8e6c629e7ac0d13",
                    "passes": 6916,
                    "fails": 0,
                    "name": "create review: status 201",
                    "path": "::create review: status 201"
                },
                "list all reviews: status 200": {
                    "path": "::list all reviews: status 200",
                    "id": "f4e88e6d43443e544640686b0ffab8b2",
                    "passes": 6916,
                    "fails": 0,
                    "name": "list all reviews: status 200"
                },
                "get review by id: status 200": {
                    "name": "get review by id: status 200",
                    "path": "::get review by id: status 200",
                    "id": "1f3a78c739c7c8c3e5a40d8e733fd292",
                    "passes": 6916,
                    "fails": 0
                },
                "get review by id: rating matches": {
                    "name": "get review by id: rating matches",
                    "path": "::get review by id: rating matches",
                    "id": "a1950b9cde3cedc5615a7e443c239f01",
                    "passes": 6916,
                    "fails": 0
                },
                "reviews by product: status 200": {
                    "fails": 0,
                    "name": "reviews by product: status 200",
                    "path": "::reviews by product: status 200",
                    "id": "ff38d5a6484e85363435e2bde0050fd7",
                    "passes": 6916
                },
                "average rating: status 200": {
                    "id": "410881361114124b5478d42656b0fe57",
                    "passes": 6916,
                    "fails": 0,
                    "name": "average rating: status 200",
                    "path": "::average rating: status 200"
                },
                "delete review: status 200 or 204": {
                    "name": "delete review: status 200 or 204",
                    "path": "::delete review: status 200 or 204",
                    "id": "57b5378af40d81f36ee360a25b812e46",
                    "passes": 6916,
                    "fails": 0
                }
            }
    }
}