{
    "metrics": {
        "vus": {
            "value": 7,
            "min": 1,
            "max": 199
        },
        "http_req_failed": {
            "passes": 0,
            "fails": 41496,
            "thresholds": {
                "rate<0.05": false
            },
            "value": 0
        },
        "http_req_duration": {
            "min": 0,
            "med": 1.3105,
            "max": 83.5805,
            "p(90)": 11.49345,
            "p(95)": 12.935825,
            "avg": 3.97284560198578,
            "thresholds": {
                "p(95)<2000": false
            }
        },
        "http_req_tls_handshaking": {
            "p(95)": 0,
            "avg": 0,
            "min": 0,
            "med": 0,
            "max": 0,
            "p(90)": 0
        },
        "http_req_waiting": {
            "avg": 3.568262895218837,
            "min": 0,
            "med": 1.10155,
            "max": 80.3232,
            "p(90)": 11.15375,
            "p(95)": 12.68585
        },
        "http_req_receiving": {
            "max": 11.2818,
            "p(90)": 0.87835,
            "p(95)": 1.6416499999999998,
            "avg": 0.40213721322536833,
            "min": 0,
            "med": 0
        },
        "http_req_duration{expected_response:true}": {
            "med": 1.3105,
            "max": 83.5805,
            "p(90)": 11.49345,
            "p(95)": 12.935825,
            "avg": 3.97284560198578,
            "min": 0
        },
        "data_sent": {
            "count": 6478848,
            "rate": 53590.72515033513
        },
        "http_req_sending": {
            "med": 0,
            "max": 14.3929,
            "p(90)": 0,
            "p(95)": 0,
            "avg": 0.0024454935415461707,
            "min": 0
        },
        "http_req_connecting": {
            "p(90)": 0,
            "p(95)": 0,
            "avg": 0.00041341334104492,
            "min": 0,
            "med": 0,
            "max": 1.5759
        },
        "iterations": {
            "count": 8299,
            "rate": 68.64637479110966
        },
        "iteration_duration": {
            "p(95)": 1134.82285,
            "avg": 1121.7233946017648,
            "min": 1106.6876,
            "med": 1119.1794,
            "max": 1237.5007,
            "p(90)": 1130.9922000000001
        },
        "http_req_blocked": {
            "avg": 0.000979231733179102,
            "min": 0,
            "med": 0,
            "max": 1.5759,
            "p(90)": 0,
            "p(95)": 0
        },
        "vus_max": {
            "min": 200,
            "max": 200,
            "value": 200
        },
        "http_reqs": {
            "count": 41496,
            "rate": 343.24014559969714
        },
        "checks": {
            "passes": 49794,
            "fails": 0,
            "value": 1
        },
        "data_received": {
            "count": 45844340,
            "rate": 379208.0667178046
        }
    },
    "setup_data": {
        "productCount": 1000
    },
    "root_group": {
        "groups": {},
        "checks": {
                "create order: status 201": {
                    "name": "create order: status 201",
                    "path": "::create order: status 201",
                    "id": "1bcfa49d77d46f40d66acd4c4ffcf2a7",
                    "passes": 8299,
                    "fails": 0
                },
                "get order by id: status 200": {
                    "id": "05229a3c72e644b755b6ef58616276b1",
                    "passes": 8299,
                    "fails": 0,
                    "name": "get order by id: status 200",
                    "path": "::get order by id: status 200"
                },
                "orders by customer: status 200": {
                    "name": "orders by customer: status 200",
                    "path": "::orders by customer: status 200",
                    "id": "a40d104ad4af89a1b8cd3ee45a9c83f6",
                    "passes": 8299,
                    "fails": 0
                },
                "orders by customer: has results": {
                    "name": "orders by customer: has results",
                    "path": "::orders by customer: has results",
                    "id": "cd29285d74105a7d0fdc6b8d68cd484b",
                    "passes": 8299,
                    "fails": 0
                },
                "update to Shipped: status 200 or 204": {
                    "name": "update to Shipped: status 200 or 204",
                    "path": "::update to Shipped: status 200 or 204",
                    "id": "0612ab64fd42e505efc3b1aa01182531",
                    "passes": 8299,
                    "fails": 0
                },
                "update to Delivered: status 200 or 204": {
                    "passes": 8299,
                    "fails": 0,
                    "name": "update to Delivered: status 200 or 204",
                    "path": "::update to Delivered: status 200 or 204",
                    "id": "9a46f2a8c6f6049e49f5299369175bd4"
                }
            },
        "name": "",
        "path": "",
        "id": "d41d8cd98f00b204e9800998ecf8427e"
    }
}