{
    "metrics": {
        "data_received": {
            "count": 6855035085,
            "rate": 57074815.26569199
        },
        "http_req_blocked": {
            "med": 0,
            "max": 7.9992,
            "p(90)": 0,
            "p(95)": 0,
            "avg": 0.0031595950675432586,
            "min": 0
        },
        "vus": {
            "value": 3,
            "min": 1,
            "max": 500
        },
        "http_req_duration{expected_response:true}": {
            "med": 160.79235,
            "max": 1044.6582,
            "p(90)": 467.2333500000001,
            "p(95)": 552.93116,
            "avg": 201.1977336080857,
            "min": 0.5076
        },
        "http_req_waiting": {
            "avg": 193.94522012478095,
            "min": 0.3669,
            "med": 144.66755,
            "max": 932.3,
            "p(90)": 461.3651200000001,
            "p(95)": 546.0661699999998
        },
        "vus_max": {
            "value": 500,
            "min": 500,
            "max": 500
        },
        "http_req_tls_handshaking": {
            "avg": 0,
            "min": 0,
            "med": 0,
            "max": 0,
            "p(90)": 0,
            "p(95)": 0
        },
        "checks": {
            "passes": 122292,
            "fails": 0,
            "value": 1
        },
        "http_req_duration": {
            "p(90)": 467.2333500000001,
            "p(95)": 552.93116,
            "avg": 201.1977336080857,
            "min": 0.5076,
            "med": 160.79235,
            "max": 1044.6582,
            "thresholds": {
                "p(95)<2000": false
            }
        },
        "http_req_connecting": {
            "avg": 0.0010545170575344256,
            "min": 0,
            "med": 0,
            "max": 2.8425,
            "p(90)": 0,
            "p(95)": 0
        },
        "http_reqs": {
            "count": 122292,
            "rate": 1018.199501815096
        },
        "data_sent": {
            "count": 24646883,
            "rate": 205209.204133508
        },
        "iteration_duration": {
            "p(90)": 7658.641629999999,
            "p(95)": 8034.752939999999,
            "avg": 3625.644998645862,
            "min": 73.3693,
            "med": 3267.88895,
            "max": 8616.2273
        },
        "iterations": {
            "count": 6794,
            "rate": 56.56663898972756
        },
        "http_req_sending": {
            "p(90)": 0,
            "p(95)": 0,
            "avg": 0.008505037124259965,
            "min": 0,
            "med": 0,
            "max": 15.6269
        },
        "http_req_receiving": {
            "avg": 7.2440084461779,
            "min": 0,
            "med": 0,
            "max": 523.4676,
            "p(90)": 30.959910000000008,
            "p(95)": 56.571259999999995
        },
        "http_req_failed": {
            "passes": 0,
            "fails": 122292,
            "thresholds": {
                "rate<0.05": false
            },
            "value": 0
        }
    },
    "root_group": {
        "checks": {
            "list products: status 200": {
                "name": "list products: status 200",
                "path": "::list products: status 200",
                "id": "924a40c79df3d6bc39fdcdfcc923816e",
                "passes": 6794,
                "fails": 0
            },
            "list products: has data": {
                "passes": 6794,
                "fails": 0,
                "name": "list products: has data",
                "path": "::list products: has data",
                "id": "4290724cf781171eb17f384ed5f458d4"
            },
            "get product: status 200 or 404": {
                "fails": 0,
                "name": "get product: status 200 or 404",
                "path": "::get product: status 200 or 404",
                "id": "2cbbbbbba72fe3cd0c1b28772a24e4c9",
                "passes": 6794
            },
            "search: status 200": {
                "fails": 0,
                "name": "search: status 200",
                "path": "::search: status 200",
                "id": "cd68838b4cc6f7786becc08340f51f71",
                "passes": 6794
            },
            "category filter: status 200": {
                "name": "category filter: status 200",
                "path": "::category filter: status 200",
                "id": "08bdd22fe49b26bd9062a4063e91365b",
                "passes": 6794,
                "fails": 0
            },
            "reviews by product: status 200": {
                "path": "::reviews by product: status 200",
                "id": "ff38d5a6484e85363435e2bde0050fd7",
                "passes": 6794,
                "fails": 0,
                "name": "reviews by product: status 200"
            },
            "average rating: status 200": {
                "name": "average rating: status 200",
                "path": "::average rating: status 200",
                "id": "410881361114124b5478d42656b0fe57",
                "passes": 6794,
                "fails": 0
            },
            "add to cart: status 200 or 201": {
                "name": "add to cart: status 200 or 201",
                "path": "::add to cart: status 200 or 201",
                "id": "1788e10b98590b202bef7a8dbc573220",
                "passes": 6794,
                "fails": 0
            },
            "get cart: status 200": {
                "path": "::get cart: status 200",
                "id": "28c7dad2666418e7df7959192396d5c0",
                "passes": 6794,
                "fails": 0,
                "name": "get cart: status 200"
            },
            "create order: status 201": {
                "path": "::create order: status 201",
                "id": "1bcfa49d77d46f40d66acd4c4ffcf2a7",
                "passes": 6794,
                "fails": 0,
                "name": "create order: status 201"
            },
            "home page: status 200": {
                "name": "home page: status 200",
                "path": "::home page: status 200",
                "id": "8d960afda292b63e7c50c7370794be43",
                "passes": 6794,
                "fails": 0
            },
            "products page: status 200": {
                "path": "::products page: status 200",
                "id": "d3ec3a910ae752d937097964558034ff",
                "passes": 6794,
                "fails": 0,
                "name": "products page: status 200"
            },
            "product detail page: status 200": {
                "passes": 6794,
                "fails": 0,
                "name": "product detail page: status 200",
                "path": "::product detail page: status 200",
                "id": "b24b993fd6b4e43d3aa894d986fa618f"
            },
            "add to cart (page): status 200": {
                "path": "::add to cart (page): status 200",
                "id": "f0cd3e144cbac350e1e6ac88a1b85040",
                "passes": 6794,
                "fails": 0,
                "name": "add to cart (page): status 200"
            },
            "cart page: status 200": {
                "fails": 0,
                "name": "cart page: status 200",
                "path": "::cart page: status 200",
                "id": "71a46f5b7a13213d2d57118ccbab0ff3",
                "passes": 6794
            },
            "checkout page: status 200": {
                "name": "checkout page: status 200",
                "path": "::checkout page: status 200",
                "id": "4b6b469e2b3feffe3383d401258f1fac",
                "passes": 6794,
                "fails": 0
            },
            "checkout submit: status 200": {
                "name": "checkout submit: status 200",
                "path": "::checkout submit: status 200",
                "id": "231aef0da674621d55d3389af9895e8b",
                "passes": 6794,
                "fails": 0
            },
            "orders page: status 200": {
                "fails": 0,