{
    "metrics": {
        "http_req_failed": {
            "passes": 0,
            "fails": 37000,
            "thresholds": {
                "rate<0.10": false
            },
            "value": 0
        },
        "vus": {
            "value": 1,
            "min": 1,
            "max": 100
        },
        "http_req_tls_handshaking": {
            "p(95)": 0,
            "avg": 0,
            "min": 0,
            "med": 0,
            "max": 0,
            "p(90)": 0
        },
        "http_req_sending": {
            "med": 0,
            "max": 2.515,
            "p(90)": 0,
            "p(95)": 0,
            "avg": 0.007667478378378376,
            "min": 0
        },
        "http_req_connecting": {
            "med": 0,
            "max": 0.5715,
            "p(90)": 0,
            "p(95)": 0,
            "avg": 0.0006410270270270271,
            "min": 0
        },
        "data_received": {
            "count": 4408256123,
            "rate": 93708779.01991524
        },
        "iterations": {
            "count": 7400,
            "rate": 157.30596076968752
        },
        "http_req_blocked": {
            "max": 3.0082,
            "p(90)": 0,
            "p(95)": 0,
            "avg": 0.0029956540540540546,
            "min": 0,
            "med": 0
        },
        "data_sent": {
            "count": 3247440,
            "rate": 69032.65800566407
        },
        "iteration_duration": {
            "avg": 422.9528437297295,
            "min": 216.3381,
            "med": 429.913,
            "max": 611.0176,
            "p(90)": 460.26436,
            "p(95)": 474.42970999999994
        },
        "checks": {
            "passes": 37000,
            "fails": 0,
            "value": 1
        },
        "vus_max": {
            "value": 100,
            "min": 100,
            "max": 100
        },
        "http_req_duration": {
            "med": 45.65415,
            "max": 164.7251,
            "p(90)": 60.26341,
            "p(95)": 64.84062499999999,
            "avg": 44.46157925675646,
            "min": 0.5177,
            "thresholds": {
                "p(95)<2000": false
            }
        },
        "http_reqs": {
            "count": 37000,
            "rate": 786.5298038484376
        },
        "http_req_receiving": {
            "med": 0.4555,
            "max": 119.241,
            "p(90)": 24.590529999999998,
            "p(95)": 27.54957499999999,
            "avg": 8.266283745945923,
            "min": 0
        },
        "http_req_waiting": {
            "p(95)": 58.894314999999985,
            "avg": 36.18762803243231,
            "min": 0.5054,
            "med": 34.73455,
            "max": 161.9126,
            "p(90)": 53.728519999999996
        },
        "http_req_duration{expected_response:true}": {
            "avg": 44.46157925675646,
            "min": 0.5177,
            "med": 45.65415,
            "max": 164.7251,
            "p(90)": 60.26341,
            "p(95)": 64.84062499999999
        }
    },
    "root_group": {
        "checks": {
            "list: status 200": {
                "passes": 7400,
                "fails": 0,
                "name": "list: status 200",
                "path": "::list: status 200",
                "id": "ae210d7a519f353e769d3b3d185c78c3"
            },
            "search: status 200": {
                "name": "search: status 200",
                "path": "::search: status 200",
                "id": "cd68838b4cc6f7786becc08340f51f71",
                "passes": 7400,
                "fails": 0
            },
            "reviews: status 200": {
                "path": "::reviews: status 200",
                "id": "b08007dd4d1dafe552104d04bed0f5a0",
                "passes": 7400,
                "fails": 0,
                "name": "reviews: status 200"
            },
            "home page: status 200": {
                "name": "home page: status 200",
                "path": "::home page: status 200",
                "id": "8d960afda292b63e7c50c7370794be43",
                "passes": 7400,
                "fails": 0
            },
            "detail page: status 200": {
                "passes": 7400,
                "fails": 0,
                "name": "detail page: status 200",
                "path": "::detail page: status 200",
                "id": "524bbb29a3adff2402c98e609fee384d"
            }
        },
        "name": "",
        "path": "",
        "id": "d41d8cd98f00b204e9800998ecf8427e",
        "groups": {}
    }
}