{
    "metrics": {
        "http_req_connecting": {
            "min": 0,
            "med": 0,
            "max": 0.5885,
            "p(90)": 0,
            "p(95)": 0,
            "avg": 0.0005236915357286747
        },
        "http_req_failed": {
            "fails": 54606,
            "passes": 0,
            "thresholds": {
                "rate<0.02": false
            },
            "value": 0
        },
        "http_reqs": {
            "count": 54606,
            "rate": 449.95188874226875
        },
        "vus": {
            "max": 199,
            "value": 0,
            "min": 0
        },
        "iteration_duration": {
            "avg": 1215.3208292896265,
            "min": 1208.0143,
            "med": 1213.8829,
            "max": 1284.6338,
            "p(90)": 1219.1475,
            "p(95)": 1221.86212
        },
        "http_req_sending": {
            "min": 0,
            "med": 0,
            "max": 6.4177,
            "p(90)": 0,
            "p(95)": 0,
            "avg": 0.0027818316668497944
        },
        "http_req_tls_handshaking": {
            "max": 0,
            "p(90)": 0,
            "p(95)": 0,
            "avg": 0,
            "min": 0,
            "med": 0
        },
        "checks": {
            "passes": 53606,
            "fails": 7658,
            "value": 0.875
        },
        "http_req_duration{expected_response:true}": {
            "p(95)": 2.9376,
            "avg": 1.7691010145405472,
            "min": 0,
            "med": 1.6043,
            "max": 66.8889,
            "p(90)": 2.5907
        },
        "data_received": {
            "rate": 126527.54890261019,
            "count": 15355338
        },
        "iterations": {
            "count": 7658,
            "rate": 63.10170245006582
        },
        "data_sent": {
            "count": 7952888,
            "rate": 65531.5711928309
        },
        "http_req_receiving": {
            "max": 6.7244,
            "p(90)": 0.8809,
            "p(95)": 1.1879,
            "avg": 0.22383062300846165,
            "min": 0,
            "med": 0
        },
        "http_req_waiting": {
            "p(95)": 2.829325,
            "avg": 1.5424885598652207,
            "min": 0,
            "med": 1.32775,
            "max": 66.8889,
            "p(90)": 2.3926
        },
        "vus_max": {
            "value": 200,
            "min": 200,
            "max": 200
        },
        "http_req_duration": {
            "avg": 1.7691010145405472,
            "min": 0,
            "med": 1.6043,
            "max": 66.8889,
            "p(90)": 2.5907,
            "p(95)": 2.9376,
            "thresholds": {
                "p(95)<1000": false
            }
        },
        "http_req_blocked": {
            "p(95)": 0,
            "avg": 0.001562198293227849,
            "min": 0,
            "med": 0,
            "max": 1.0645,
            "p(90)": 0
        }
    },
    "root_group": {
        "checks": {
            "add item 1: status 200 or 201": {
                "fails": 0,
                "name": "add item 1: status 200 or 201",
                "path": "::add item 1: status 200 or 201",
                "id": "34ffb3452c09ac7174d9f647c20645f8",
                "passes": 7658
            },
            "add item 2: status 200 or 201": {
                "id": "859dd62118f40bea70a4a5fe4a82c36c",
                "passes": 7658,
                "fails": 0,
                "name": "add item 2: status 200 or 201",
                "path": "::add item 2: status 200 or 201"
            },
            "add item 3: status 200 or 201": {
                "name": "add item 3: status 200 or 201",
                "path": "::add item 3: status 200 or 201",
                "id": "6dfec2b2a8ef0686ff9003fbb64073ff",
                "passes": 7658,
                "fails": 0
            },
            "get cart: status 200": {
                "name": "get cart: status 200",
                "path": "::get cart: status 200",
                "id": "28c7dad2666418e7df7959192396d5c0",
                "passes": 7658,
                "fails": 0
            },
            "get cart: has items": {
                "name": "get cart: has items",
                "path": "::get cart: has items",
                "id": "ce5cb3c9d4d19a73e0257c50eea61a4c",
                "passes": 0,
                "fails": 7658
            },
            "update quantity: status 200 or 204": {
                "fails": 0,
                "name": "update quantity: status 200 or 204",
                "path": "::update quantity: status 200 or 204",
                "id": "6cfa842eec59d2c26f64d983e1b9ad16",
                "passes": 7658
            },
            "delete item: status 200 or 204": {
                "path": "::delete item: status 200 or 204",
                "id": "f05e6698ea497656bf987aa1783be142",
                "passes": 7658,
                "fails": 0,
                "name": "delete item: status 200 or 204"
            },
            "clear cart session: status 200 or 204": {
                "name": "clear cart session: status 200 or 204",
                "path": "::clear cart session: status 200 or 204",
                "id": "8f83318937121769e691a83b1b01cd11",
                "passes": 7658,
                "fails": 0
            }
        },
        "name": "",
        "path": "",
        "id": "d41d8cd98f00b204e9800998ecf8427e",
        "groups": {}
    }
}