{
    "metrics": {
        "http_req_receiving": {
            "med": 0,
            "max": 15.2279,
            "p(90)": 0.862,
            "p(95)": 1.2294,
            "avg": 0.22514491682070228,
            "min": 0
        },
        "data_sent": {
            "count": 7958012,
            "rate": 65532.54406368102
        },
        "http_req_sending": {
            "avg": 0.002612016617558248,
            "min": 0,
            "med": 0,
            "max": 0.5822,
            "p(90)": 0,
            "p(95)": 0
        },
        "http_req_connecting": {
            "p(95)": 0,
            "avg": 0.0007216943320949466,
            "min": 0,
            "med": 0,
            "max": 0.5521,
            "p(90)": 0
        },
        "iteration_duration": {
            "med": 1214.3956,
            "max": 1247.5318,
            "p(90)": 1218.77286,
            "p(95)": 1220.5931,
            "avg": 1215.0353353777848,
            "min": 1208.3691
        },
        "http_req_duration": {
            "p(95)": 2.9932,
            "avg": 1.7407739920572192,
            "min": 0,
            "med": 1.6399,
            "max": 23.5653,
            "p(90)": 2.6601,
            "thresholds": {
                "p(95)<1000": false
            }
        },
        "http_req_tls_handshaking": {
            "avg": 0,
            "min": 0,
            "med": 0,
            "max": 0,
            "p(90)": 0,
            "p(95)": 0
        },
        "http_req_waiting": {
            "p(90)": 2.5197,
            "p(95)": 2.8507,
            "avg": 1.5130170586189475,
            "min": 0,
            "med": 1.4999,
            "max": 23.0419
        },
        "http_reqs": {
            "count": 54641,
            "rate": 449.9570671900966
        },
        "http_req_failed": {
            "passes": 0,
            "fails": 54641,
            "thresholds": {
                "rate<0.02": false
            },
            "value": 0
        },
        "http_req_duration{expected_response:true}": {
            "med": 1.6399,
            "max": 23.5653,
            "p(90)": 2.6601,
            "p(95)": 2.9932,
            "avg": 1.7407739920572192,
            "min": 0
        },
        "vus_max": {
            "value": 200,
            "min": 200,
            "max": 200
        },
        "checks": {
            "passes": 53641,
            "fails": 7663,
            "value": 0.875
        },
        "iterations": {
            "count": 7663,
            "rate": 63.10318269939624
        },
        "http_req_blocked": {
            "p(95)": 0,
            "avg": 0.001700265368496182,
            "min": 0,
            "med": 0,
            "max": 1.0495,
            "p(90)": 0
        },
        "vus": {
            "value": 0,
            "min": 0,
            "max": 199
        },
        "data_received": {
            "count": 15365038,
            "rate": 126527.83506422627
        }
    },
    "root_group": {
        "path": "",
        "id": "d41d8cd98f00b204e9800998ecf8427e",
        "groups": {},
        "checks": {
                "add item 1: status 200 or 201": {
                    "name": "add item 1: status 200 or 201",
                    "path": "::add item 1: status 200 or 201",
                    "id": "34ffb3452c09ac7174d9f647c20645f8",
                    "passes": 7663,
                    "fails": 0
                },
                "add item 2: status 200 or 201": {
                    "name": "add item 2: status 200 or 201",
                    "path": "::add item 2: status 200 or 201",
                    "id": "859dd62118f40bea70a4a5fe4a82c36c",
                    "passes": 7663,
                    "fails": 0
                },
                "add item 3: status 200 or 201": {
                    "name": "add item 3: status 200 or 201",
                    "path": "::add item 3: status 200 or 201",
                    "id": "6dfec2b2a8ef0686ff9003fbb64073ff",
                    "passes": 7663,
                    "fails": 0
                },
                "get cart: status 200": {
                    "passes": 7663,
                    "fails": 0,
                    "name": "get cart: status 200",
                    "path": "::get cart: status 200",
                    "id": "28c7dad2666418e7df7959192396d5c0"
                },
                "get cart: has items": {
                    "passes": 0,
                    "fails": 7663,
                    "name": "get cart: has items",
                    "path": "::get cart: has items",
                    "id": "ce5cb3c9d4d19a73e0257c50eea61a4c"
                },
                "update quantity: status 200 or 204": {
                    "fails": 0,
                    "name": "update quantity: status 200 or 204",
                    "path": "::update quantity: status 200 or 204",
                    "id": "6cfa842eec59d2c26f64d983e1b9ad16",
                    "passes": 7663
                },
                "delete item: status 200 or 204": {
                    "name": "delete item: status 200 or 204",
                    "path": "::delete item: status 200 or 204",
                    "id": "f05e6698ea497656bf987aa1783be142",
                    "passes": 7663,
                    "fails": 0
                },
                "clear cart session: status 200 or 204": {
                    "name": "clear cart session: status 200 or 204",
                    "path": "::clear cart session: status 200 or 204",
                    "id": "8f83318937121769e691a83b1b01cd11",
                    "passes": 7663,
                    "fails": 0
                }
            },
        "name": ""
    }
}