{
    "metrics": {
        "http_req_receiving": {
            "avg": 0.5017874013686835,
            "min": 0,
            "med": 0,
            "max": 750.5311,
            "p(90)": 1.4172,
            "p(95)": 2.9131
        },
        "vus_max": {
            "value": 200,
            "min": 200,
            "max": 200
        },
        "http_req_blocked": {
            "p(95)": 0,
            "avg": 0.0027395086197225253,
            "min": 0,
            "med": 0,
            "max": 1.7811,
            "p(90)": 0
        },
        "http_req_sending": {
            "min": 0,
            "med": 0,
            "max": 1.8156,
            "p(90)": 0,
            "p(95)": 0,
            "avg": 0.0036993268763322244
        },
        "iteration_duration": {
            "max": 9049.5286,
            "p(90)": 6228.0697,
            "p(95)": 6943.1551,
            "avg": 3957.9821141094226,
            "min": 2024.0201,
            "med": 3994.0283
        },
        "checks": {
            "passes": 19448,
            "fails": 7293,
            "value": 0.7272727272727273
        },
        "data_sent": {
            "count": 6254097,
            "rate": 51563.54838217997
        },
        "http_req_duration": {
            "avg": 177.6018773007745,
            "min": 0,
            "med": 5.6217,
            "max": 861.87,
            "p(90)": 653.8642,
            "p(95)": 784.8087,
            "thresholds": {
                "p(95)<3000": false
            }
        },
        "http_req_duration{expected_response:true}": {
            "min": 0,
            "med": 8.222850000000001,
            "max": 861.87,
            "p(90)": 761.1279599999998,
            "p(95)": 794.238175,
            "avg": 192.461587772521
        },
        "http_req_connecting": {
            "max": 0.8643,
            "p(90)": 0,
            "p(95)": 0,
            "avg": 0.0013780599080064325,
            "min": 0,
            "med": 0
        },
        "http_req_failed": {
            "passes": 7293,
            "fails": 19448,
            "thresholds": {
                "rate<0.05": true
            },
            "value": 0.2727272727272727
        },
        "http_reqs": {
            "count": 26741,
            "rate": 220.473210966807
        },
        "data_received": {
            "count": 322325380,
            "rate": 2657496.4101827242
        },
        "http_req_waiting": {
            "max": 861.87,
            "p(90)": 653.1699,
            "p(95)": 784.7625,
            "avg": 177.09639057253,
            "min": 0,
            "med": 5.127
        },
        "iterations": {
            "count": 2431,
            "rate": 20.043019178800634
        },
        "http_req_tls_handshaking": {
            "p(90)": 0,
            "p(95)": 0,
            "avg": 0,
            "min": 0,
            "med": 0,
            "max": 0
        },
        "vus": {
            "value": 4,
            "min": 1,
            "max": 200
        }
    },
    "root_group": {
        "checks": {
            "home: status 200": {
                "name": "home: status 200",
                "path": "::home: status 200",
                "id": "797ccedec8c86720a3b12b7d6a1695d9",
                "passes": 2431,
                "fails": 0
            },
            "products: status 200": {
                "path": "::products: status 200",
                "id": "00d9ade6020028464fb7795d42f375de",
                "passes": 2431,
                "fails": 0,
                "name": "products: status 200"
            },
            "search: status 200": {
                "name": "search: status 200",
                "path": "::search: status 200",
                "id": "cd68838b4cc6f7786becc08340f51f71",
                "passes": 2431,
                "fails": 0
            },
            "category filter: status 200": {
                "name": "category filter: status 200",
                "path": "::category filter: status 200",
                "id": "08bdd22fe49b26bd9062a4063e91365b",
                "passes": 2431,
                "fails": 0
            },
            "detail: status 200": {
                "path": "::detail: status 200",
                "id": "2d2bf01d9f31c3b8b35b2cc3644cc1c3",
                "passes": 2431,
                "fails": 0,
                "name": "detail: status 200"
            },
            "add to cart: status 200": {
                "fails": 2431,
                "name": "add to cart: status 200",
                "path": "::add to cart: status 200",
                "id": "e4cde9d6761bb2afde2298dd9165b80e",
                "passes": 0
            },
            "add second item: status 200": {
                "path": "::add second item: status 200",
                "id": "fc2779a520bbade54e1c5ee4555006f4",
                "passes": 0,
                "fails": 2431,
                "name": "add second item: status 200"
            },
            "cart page: status 200": {
                "name": "cart page: status 200",
                "path": "::cart page: status 200",
                "id": "71a46f5b7a13213d2d57118ccbab0ff3",
                "passes": 2431,
                "fails": 0
            },
            "checkout page: status 200": {
                "name": "checkout page: status 200",
                "path": "::checkout page: status 200",
                "id": "4b6b469e2b3feffe3383d401258f1fac",
                "passes": 2431,
                "fails": 0
            },
            "checkout submit: status 200": {
                "name": "checkout submit: status 200",
                "path": "::checkout submit: status 200",
                "id": "231aef0da674621d55d3389af9895e8b",
                "passes": 0,
                "fails": 2431
            },
            "orders page: status 200": {
                "name": "orders page: status 200",
                "path": "::orders page: status 200",
                "id": "327fb5b5110703aef832d58310868356",
                "passes": 2431,
                "fails": 0
            }
        },
        "name": "",
        "path": "",
        "id": "d41d8cd98f00b204e9800998ecf8427e",
        "groups": {}
    }
}