{
    "metrics": {
        "http_req_duration": {
            "avg": 3.8080402058539837,
            "min": 0,
            "med": 2.5762,
            "max": 101.435,
            "p(90)": 5.8744,
            "p(95)": 8.3194,
            "thresholds": {
                "p(95)<1500": false
            }
        },
        "http_req_waiting": {
            "max": 100.3763,
            "p(90)": 5.772980000000001,
            "p(95)": 8.1944,
            "avg": 3.601531021599837,
            "min": 0,
            "med": 2.3912
        },
        "checks": {
            "passes": 50520,
            "fails": 0,
            "value": 1
        },
        "vus": {
            "min": 1,
            "max": 199,
            "value": 8
        },
        "http_req_tls_handshaking": {
            "min": 0,
            "med": 0,
            "max": 0,
            "p(90)": 0,
            "p(95)": 0,
            "avg": 0
        },
        "data_sent": {
            "count": 7081297,
            "rate": 58749.250647651796
        },
        "http_req_duration{expected_response:true}": {
            "avg": 3.8080402058539837,
            "min": 0,
            "med": 2.5762,
            "max": 101.435,
            "p(90)": 5.8744,
            "p(95)": 8.3194
        },
        "vus_max": {
            "value": 200,
            "min": 200,
            "max": 200
        },
        "http_req_failed": {
            "passes": 0,
            "fails": 40417,
            "thresholds": {
                "rate<0.03": false
            },
            "value": 0
        },
        "http_req_receiving": {
            "avg": 0.19440851127001124,
            "min": 0,
            "med": 0,
            "max": 6.0606,
            "p(90)": 0.6338,
            "p(95)": 1.2216199999999997
        },
        "data_received": {
            "count": 9280166,
            "rate": 76991.94065519581
        },
        "http_reqs": {
            "count": 40417,
            "rate": 335.3154744711516
        },
        "iteration_duration": {
            "avg": 918.6009668547111,
            "min": 905.3525,
            "med": 914.3262500000001,
            "max": 1048.8285,
            "p(90)": 927.0335,
            "p(95)": 942.60623
        },
        "http_req_blocked": {
            "p(95)": 0,
            "avg": 0.006844372417547075,
            "min": 0,
            "med": 0,
            "max": 6.261,
            "p(90)": 0
        },
        "http_req_connecting": {
            "min": 0,
            "med": 0,
            "max": 1.3274,
            "p(90)": 0,
            "p(95)": 0,
            "avg": 0.0023815399460622995
        },
        "http_req_sending": {
            "p(95)": 0,
            "avg": 0.012100672984140314,
            "min": 0,
            "med": 0,
            "max": 16.4728,
            "p(90)": 0
        },
        "iterations": {
            "count": 10104,
            "rate": 83.82679451855694
        }
    },
    "root_group": {
        "checks": {
            "create product: status 201": {
                "path": "::create product: status 201",
                "id": "d93f8db8db344695f776e44ec6b18c58",
                "passes": 10104,
                "fails": 0,
                "name": "create product: status 201"
            },
            "get created product: status 200": {
                "name": "get created product: status 200",
                "path": "::get created product: status 200",
                "id": "afdc866b141a243ae294ef9ad1f445e9",
                "passes": 10104,
                "fails": 0
            },
            "get created product: name matches": {
                "name": "get created product: name matches",
                "path": "::get created product: name matches",
                "id": "c11a53a8914fcb33931d909ab82d155e",
                "passes": 10104,
                "fails": 0
            },
            "update product: status 200 or 204": {
                "passes": 10104,
                "fails": 0,
                "name": "update product: status 200 or 204",
                "path": "::update product: status 200 or 204",
                "id": "fed812f077cab05d9d142603607e1679"
            },
            "delete product: status 200 or 204": {
                "fails": 0,
                "name": "delete product: status 200 or 204",
                "path": "::delete product: status 200 or 204",
                "id": "bc7117db1fa07e5c01728435a48a565a",
                "passes": 10104
            }
        },
        "name": "",
        "path": "",
        "id": "d41d8cd98f00b204e9800998ecf8427e",
        "groups": {}
    }
}