{
    "metrics": {
        "data_received": {
            "count": 1011264163,
            "rate": 8309737.246271254
        },
        "http_req_sending": {
            "avg": 0.0035196187923460646,
            "min": 0,
            "med": 0,
            "max": 3.3251,
            "p(90)": 0,
            "p(95)": 0
        },
        "http_req_receiving": {
            "min": 0,
            "med": 0,
            "max": 26.9119,
            "p(90)": 1.1771700000000005,
            "p(95)": 1.8394699999999997,
            "avg": 0.3576478538455822
        },
        "http_req_duration{expected_response:true}": {
            "p(95)": 41.016209999999994,
            "avg": 8.053813990023086,
            "min": 0,
            "med": 2.7059,
            "max": 95.6284,
            "p(90)": 29.691410000000012
        },
        "vus": {
            "value": 5,
            "min": 1,
            "max": 199
        },
        "vus_max": {
            "value": 200,
            "min": 200,
            "max": 200
        },
        "http_req_failed": {
            "passes": 0,
            "fails": 53724,
            "thresholds": {
                "rate<0.05": false
            },
            "value": 0
        },
        "http_req_waiting": {
            "p(90)": 29.381940000000036,
            "p(95)": 40.583569999999995,
            "avg": 7.692646517385126,
            "min": 0,
            "med": 2.28395,
            "max": 95.6284
        },
        "checks": {
            "passes": 49247,
            "fails": 0,
            "value": 1
        },
        "iteration_duration": {
            "max": 2610.352,
            "p(90)": 2382.34454,
            "p(95)": 2478.7150999999994,
            "avg": 2100.5239914228287,
            "min": 2023.9683,
            "med": 2034.3282
        },
        "iterations": {
            "count": 4477,
            "rate": 36.7883041965924
        },
        "http_req_tls_handshaking": {
            "min": 0,
            "med": 0,
            "max": 0,
            "p(90)": 0,
            "p(95)": 0,
            "avg": 0
        },
        "data_sent": {
            "count": 15986086,
            "rate": 131360.50808150257
        },
        "http_req_duration": {
            "med": 2.7059,
            "max": 95.6284,
            "p(90)": 29.691410000000012,
            "p(95)": 41.016209999999994,
            "avg": 8.053813990023086,
            "min": 0,
            "thresholds": {
                "p(95)<3000": false
            }
        },
        "http_reqs": {
            "count": 53724,
            "rate": 441.45965035910876
        },
        "http_req_blocked": {
            "avg": 0.00148862891817437,
            "min": 0,
            "med": 0,
            "max": 2.0089,
            "p(90)": 0,
            "p(95)": 0
        },
        "http_req_connecting": {
            "p(95)": 0,
            "avg": 0.0005050889732707915,
            "min": 0,
            "med": 0,
            "max": 0.6073,
            "p(90)": 0
        }
    },
    "root_group": {
        "groups": {},
        "checks": {
                "home: status 200": {
                    "passes": 4477,
                    "fails": 0,
                    "name": "home: status 200",
                    "path": "::home: status 200",
                    "id": "797ccedec8c86720a3b12b7d6a1695d9"
                },
                "products: status 200": {
                    "id": "00d9ade6020028464fb7795d42f375de",
                    "passes": 4477,
                    "fails": 0,
                    "name": "products: status 200",
                    "path": "::products: status 200"
                },
                "search: status 200": {
                    "id": "cd68838b4cc6f7786becc08340f51f71",
                    "passes": 4477,
                    "fails": 0,
                    "name": "search: status 200",
                    "path": "::search: status 200"
                },
                "category filter: status 200": {
                    "name": "category filter: status 200",
                    "path": "::category filter: status 200",
                    "id": "08bdd22fe49b26bd9062a4063e91365b",
                    "passes": 4477,
                    "fails": 0
                },
                "detail: status 200": {
                    "name": "detail: status 200",
                    "path": "::detail: status 200",
                    "id": "2d2bf01d9f31c3b8b35b2cc3644cc1c3",
                    "passes": 4477,
                    "fails": 0
                },
                "add to cart: status 200": {
                    "name": "add to cart: status 200",
                    "path": "::add to cart: status 200",
                    "id": "e4cde9d6761bb2afde2298dd9165b80e",
                    "passes": 4477,
                    "fails": 0
                },
                "add second item: status 200": {
                    "fails": 0,
                    "name": "add second item: status 200",
                    "path": "::add second item: status 200",
                    "id": "fc2779a520bbade54e1c5ee4555006f4",
                    "passes": 4477
                },
                "cart page: status 200": {
                    "name": "cart page: status 200",
                    "path": "::cart page: status 200",
                    "id": "71a46f5b7a13213d2d57118ccbab0ff3",
                    "passes": 4477,
                    "fails": 0
                },
                "checkout page: status 200": {
                    "id": "4b6b469e2b3feffe3383d401258f1fac",
                    "passes": 4477,
                    "fails": 0,
                    "name": "checkout page: status 200",
                    "path": "::checkout page: status 200"
                },
                "checkout submit: status 200": {
                    "passes": 4477,
                    "fails": 0,
                    "name": "checkout submit: status 200",
                    "path": "::checkout submit: status 200",
                    "id": "231aef0da674621d55d3389af9895e8b"
                },
                "orders page: status 200": {
                    "name": "orders page: status 200",
                    "path": "::orders page: status 200",
                    "id": "327fb5b5110703aef832d58310868356",
                    "passes": 4477,
                    "fails": 0
                }
            },
        "name": "",
        "path": "",
        "id": "d41d8cd98f00b204e9800998ecf8427e"
    }
}