{
    "metrics": {
        "http_req_tls_handshaking": {
            "min": 0,
            "med": 0,
            "max": 0,
            "p(90)": 0,
            "p(95)": 0,
            "avg": 0
        },
        "http_reqs": {
            "count": 27231,
            "rate": 226.43641079723943
        },
        "http_req_waiting": {
            "p(90)": 106.3736,
            "p(95)": 153.7458,
            "avg": 35.405490360251115,
            "min": 0,
            "med": 11.128,
            "max": 506.5444
        },
        "checks": {
            "passes": 27231,
            "fails": 0,
            "value": 1
        },
        "data_sent": {
            "count": 2369966,
            "rate": 19707.193814090206
        },
        "http_req_duration": {
            "p(95)": 160.405,
            "avg": 37.045073901068726,
            "min": 0,
            "med": 11.5709,
            "max": 531.8732,
            "p(90)": 111.5639,
            "thresholds": {
                "p(95)<1000": false
            }
        },
        "http_req_failed": {
            "passes": 0,
            "fails": 27231,
            "thresholds": {
                "rate<0.05": false
            },
            "value": 0
        },
        "http_req_sending": {
            "p(90)": 0,
            "p(95)": 0,
            "avg": 0.00881265469501671,
            "min": 0,
            "med": 0,
            "max": 25.0001
        },
        "data_received": {
            "count": 5467280531,
            "rate": 45462575.01602091
        },
        "iterations": {
            "count": 27231,
            "rate": 226.43641079723943
        },
        "http_req_receiving": {
            "med": 0,
            "max": 237.8237,
            "p(90)": 1.9061,
            "p(95)": 12.00045,
            "avg": 1.6307708861224393,
            "min": 0
        },
        "iteration_duration": {
            "avg": 338.6246917630645,
            "min": 300.003,
            "med": 313.2587,
            "max": 832.2809,
            "p(90)": 413.5872,
            "p(95)": 463.1214
        },
        "http_req_blocked": {
            "avg": 0.004848110609232123,
            "min": 0,
            "med": 0,
            "max": 8.1806,
            "p(90)": 0,
            "p(95)": 0
        },
        "http_req_connecting": {
            "med": 0,
            "max": 8.1806,
            "p(90)": 0,
            "p(95)": 0,
            "avg": 0.0027295251735154785,
            "min": 0
        },
        "vus_max": {
            "max": 200,
            "value": 200,
            "min": 200
        },
        "vus": {
            "value": 3,
            "min": 1,
            "max": 199
        },
        "http_req_duration{expected_response:true}": {
            "avg": 37.045073901068726,
            "min": 0,
            "med": 11.5709,
            "max": 531.8732,
            "p(90)": 111.5639,
            "p(95)": 160.405
        }
    },
    "root_group": {
        "name": "",
        "path": "",
        "id": "d41d8cd98f00b204e9800998ecf8427e",
        "groups": {},
        "checks": {
                "status is 200 or 404": {
                    "fails": 0,
                    "name": "status is 200 or 404",
                    "path": "::status is 200 or 404",
                    "id": "ef1456c8a1788ec4ce69f9b568c28265",
                    "passes": 27231
                }
            }
    }
}