{
    "metrics": {
        "vus": {
            "min": 1,
            "max": 500,
            "value": 28
        },
        "http_reqs": {
            "count": 15688,
            "rate": 105.86434607071466
        },
        "iteration_duration": {
            "avg": 31999.15240468988,
            "min": 126.227,
            "med": 24702.9695,
            "max": 80734.3222,
            "p(90)": 71686.0983,
            "p(95)": 73751.9745
        },
        "http_req_failed": {
            "passes": 0,
            "fails": 15688,
            "thresholds": {
                "rate<0.05": false
            },
            "value": 0
        },
        "http_req_connecting": {
            "p(90)": 0,
            "p(95)": 0,
            "avg": 0.003779092299847016,
            "min": 0,
            "med": 0,
            "max": 9.7339
        },
        "data_sent": {
            "rate": 20129.597947491693,
            "count": 2982998
        },
        "http_req_blocked": {
            "avg": 0.007354296277409488,
            "min": 0,
            "med": 0,
            "max": 9.7339,
            "p(90)": 0,
            "p(95)": 0
        },
        "iterations": {
            "rate": 4.460500557925956,
            "count": 661
        },
        "http_req_receiving": {
            "min": 0,
            "med": 0,
            "max": 7573.1203,
            "p(90)": 10.149730000000009,
            "p(95)": 65.32397,
            "avg": 35.00749917771537
        },
        "http_req_duration": {
            "avg": 2287.50141167134,
            "min": 0,
            "med": 376.094,
            "max": 22282.9356,
            "p(90)": 6858.507230000001,
            "p(95)": 8013.154395,
            "thresholds": {
                "p(95)<2000": true
            }
        },
        "checks": {
            "fails": 0,
            "passes": 15701,
            "value": 1
        },
        "http_req_duration{expected_response:true}": {
            "avg": 2287.50141167134,
            "min": 0,
            "med": 376.094,
            "max": 22282.9356,
            "p(90)": 6858.507230000001,
            "p(95)": 8013.154395
        },
        "http_req_sending": {
            "avg": 0.01094700407955126,
            "min": 0,
            "med": 0,
            "max": 1.2388,
            "p(90)": 0,
            "p(95)": 0
        },
        "http_req_tls_handshaking": {
            "avg": 0,
            "min": 0,
            "med": 0,
            "max": 0,
            "p(90)": 0,
            "p(95)": 0
        },
        "data_received": {
            "rate": 4533313.114466892,
            "count": 671790067
        },
        "http_req_waiting": {
            "p(95)": 8012.249195,
            "avg": 2252.4829654895493,
            "min": 0,
            "med": 354.8274,
            "max": 22266.2714,
            "p(90)": 6855.574790000001
        },
        "vus_max": {
            "value": 500,
            "min": 500,
            "max": 500
        }
    },
    "root_group": {
        "name": "",
        "path": "",
        "id": "d41d8cd98f00b204e9800998ecf8427e",
        "groups": {},
        "checks": {
                "list products: status 200": {
                    "id": "924a40c79df3d6bc39fdcdfcc923816e",
                    "passes": 976,
                    "fails": 0,
                    "name": "list products: status 200",
                    "path": "::list products: status 200"
                },
                "list products: has data": {
                    "name": "list products: has data",
                    "path": "::list products: has data",
                    "id": "4290724cf781171eb17f384ed5f458d4",
                    "passes": 976,
                    "fails": 0
                },
                "get product: status 200 or 404": {
                    "name": "get product: status 200 or 404",
                    "path": "::get product: status 200 or 404",
                    "id": "2cbbbbbba72fe3cd0c1b28772a24e4c9",
                    "passes": 976,
                    "fails": 0
                },
                "search: status 200": {
                    "path": "::search: status 200",
                    "id": "cd68838b4cc6f7786becc08340f51f71",
                    "passes": 976,
                    "fails": 0,
                    "name": "search: status 200"
                },
                "category filter: status 200": {
                    "id": "08bdd22fe49b26bd9062a4063e91365b",
                    "passes": 976,
                    "fails": 0,
                    "name": "category filter: status 200",
                    "path": "::category filter: status 200"
                },
                "reviews by product: status 200": {
                    "id": "ff38d5a6484e85363435e2bde0050fd7",
                    "passes": 976,
                    "fails": 0,
                    "name": "reviews by product: status 200",
                    "path": "::reviews by product: status 200"
                },
                "average rating: status 200": {
                    "name": "average rating: status 200",
                    "path": "::average rating: status 200",
                    "id": "410881361114124b5478d42656b0fe57",
                    "passes": 976,
                    "fails": 0
                },
                "add to cart: status 200 or 201": {
                    "name": "add to cart: status 200 or 201",
                    "path": "::add to cart: status 200 or 201",
                    "id": "1788e10b98590b202bef7a8dbc573220",
                    "passes": 976,
                    "fails": 0
                },
                "get cart: status 200": {
                    "id": "28c7dad2666418e7df7959192396d5c0",
                    "passes": 976,
                    "fails": 0,
                    "name": "get cart: status 200",
                    "path": "::get cart: status 200"
                },
                "create order: status 201": {
                    "name": "create order: status 201",
                    "path": "::create order: status 201",
                    "id": "1bcfa49d77d46f40d66acd4c4ffcf2a7",
                    "passes": 903,
                    "fails": 0
                },
                "home page: status 200": {
                    "name": "home page: status 200",
                    "path": "::home page: status 200",
                    "id": "8d960afda292b63e7c50c7370794be43",
                    "passes": 880,
                    "fails": 0
                },
                "products page: status 200": {
                    "passes": 812,
                    "fails": 0,
                    "name": "products page: status 200",
                    "path": "::products page: status 200",
                    "id": "d3ec3a910ae752d937097964558034ff"
                },
                "product detail page: status 200": {
                    "name": "product detail page: status 200",
                    "path": "::product detail page: status 200",
                    "id": "b24b993fd6b4e43d3aa894d986fa618f",
                    "passes": 794,
                    "fails": 0
                },
                "add to cart (page): status 200": {
                    "path": "::add to cart (page): status 200",
                    "id": "f0cd3e144cbac350e1e6ac88a1b85040",
                    "passes": 745,
                    "fails": 0,
                    "name": "add to cart (page): status 200"
                },
                "cart page: status 200": {
                    "name": "cart page: status 200",
                    "path": "::cart page: status 200",
                    "id": "71a46f5b7a13213d2d57118ccbab0ff3",
                    "passes": 732,
                    "fails": 0
                },
                "checkout page: status 200": {
                    "name": "checkout page: status 200",
                    "path": "::checkout page: status 200",