{
    "metrics": {
        "http_req_tls_handshaking": {
            "max": 0,
            "p(90)": 0,
            "p(95)": 0,
            "avg": 0,
            "min": 0,
            "med": 0
        },
        "http_req_waiting": {
            "p(90)": 11.941859999999998,
            "p(95)": 18.335319999999978,
            "avg": 4.584956270134755,
            "min": 0,
            "med": 1.031,
            "max": 192.5343
        },
        "http_req_duration{expected_response:true}": {
            "p(90)": 14.001379999999997,
            "p(95)": 20.815379999999987,
            "avg": 5.223700983176177,
            "min": 0,
            "med": 1.0821,
            "max": 196.8353
        },
        "iteration_duration": {
            "avg": 1334.624960796104,
            "min": 1306.2515,
            "med": 1323.04385,
            "max": 1505.4603,
            "p(90)": 1376.26629,
            "p(95)": 1392.01794
        },
        "iterations": {
            "count": 6984,
            "rate": 57.82798629943721
        },
        "http_req_receiving": {
            "p(95)": 2.7528,
            "avg": 0.634288910631194,
            "min": 0,
            "med": 0,
            "max": 122.4103,
            "p(90)": 2.0607
        },
        "data_received": {
            "count": 2917053414,
            "rate": 24153397.030286156
        },
        "http_reqs": {
            "count": 41905,
            "rate": 346.97619786339004
        },
        "http_req_duration": {
            "p(95)": 20.815379999999987,
            "avg": 5.223700983176177,
            "min": 0,
            "med": 1.0821,
            "max": 196.8353,
            "p(90)": 14.001379999999997,
            "thresholds": {
                "p(95)<1500": false
            }
        },
        "http_req_failed": {
            "fails": 41905,
            "passes": 0,
            "thresholds": {
                "rate<0.03": false
            },
            "value": 0
        },
        "data_sent": {
            "count": 4940846,
            "rate": 40910.5347645517
        },
        "http_req_connecting": {
            "min": 0,
            "med": 0,
            "max": 2.2277,
            "p(90)": 0,
            "p(95)": 0,
            "avg": 0.0010274096169908121
        },
        "vus": {
            "value": 7,
            "min": 1,
            "max": 199
        },
        "vus_max": {
            "max": 200,
            "value": 200,
            "min": 200
        },
        "checks": {
            "fails": 0,
            "passes": 48888,
            "value": 1
        },
        "http_req_blocked": {
            "min": 0,
            "med": 0,
            "max": 9.808,
            "p(90)": 0,
            "p(95)": 0,
            "avg": 0.002935062641689533
        },
        "http_req_sending": {
            "avg": 0.004455802410213577,
            "min": 0,
            "med": 0,
            "max": 7.1876,
            "p(90)": 0,
            "p(95)": 0
        }
    },
    "root_group": {
        "name": "",
        "path": "",
        "id": "d41d8cd98f00b204e9800998ecf8427e",
        "groups": {},
        "checks": {
                "create review: status 201": {
                    "name": "create review: status 201",
                    "path": "::create review: status 201",
                    "id": "c932329e2b3295bcd8e6c629e7ac0d13",
                    "passes": 6984,
                    "fails": 0
                },
                "list all reviews: status 200": {
                    "name": "list all reviews: status 200",
                    "path": "::list all reviews: status 200",
                    "id": "f4e88e6d43443e544640686b0ffab8b2",
                    "passes": 6984,
                    "fails": 0
                },
                "get review by id: status 200": {
                    "name": "get review by id: status 200",
                    "path": "::get review by id: status 200",
                    "id": "1f3a78c739c7c8c3e5a40d8e733fd292",
                    "passes": 6984,
                    "fails": 0
                },
                "get review by id: rating matches": {
                    "fails": 0,
                    "name": "get review by id: rating matches",
                    "path": "::get review by id: rating matches",
                    "id": "a1950b9cde3cedc5615a7e443c239f01",
                    "passes": 6984
                },
                "reviews by product: status 200": {
                    "path": "::reviews by product: status 200",
                    "id": "ff38d5a6484e85363435e2bde0050fd7",
                    "passes": 6984,
                    "fails": 0,
                    "name": "reviews by product: status 200"
                },
                "average rating: status 200": {
                    "path": "::average rating: status 200",
                    "id": "410881361114124b5478d42656b0fe57",
                    "passes": 6984,
                    "fails": 0,
                    "name": "average rating: status 200"
                },
                "delete review: status 200 or 204": {
                    "name": "delete review: status 200 or 204",
                    "path": "::delete review: status 200 or 204",
                    "id": "57b5378af40d81f36ee360a25b812e46",
                    "passes": 6984,
                    "fails": 0
                }
            }
    }
}