{
    "metrics": {
        "http_reqs": {
            "count": 144000,
            "rate": 1199.6381461480883
        },
        "http_req_waiting": {
            "p(95)": 509.81499999999977,
            "avg": 166.07405500902678,
            "min": 0,
            "med": 114.23265,
            "max": 902.4828,
            "p(90)": 425.0330800000001
        },
        "http_req_receiving": {
            "avg": 3.6540113437500064,
            "min": 0,
            "med": 0,
            "max": 227.6376,
            "p(90)": 6.172890000000051,
            "p(95)": 31.468494999999976
        },
        "http_req_failed": {
            "passes": 0,
            "fails": 144000,
            "thresholds": {
                "rate<0.05": false
            },
            "value": 0
        },
        "http_req_duration{expected_response:true}": {
            "med": 122.6624,
            "max": 903.782,
            "p(90)": 425.9847600000001,
            "p(95)": 511.26906499999984,
            "avg": 169.73441748958163,
            "min": 0
        },
        "iterations": {
            "rate": 66.64656367489378,
            "count": 8000
        },
        "vus": {
            "max": 500,
            "value": 2,
            "min": 1
        },
        "http_req_blocked": {
            "avg": 0.001879901388888892,
            "min": 0,
            "med": 0,
            "max": 8.9383,
            "p(90)": 0,
            "p(95)": 0
        },
        "http_req_duration": {
            "min": 0,
            "med": 122.6624,
            "max": 903.782,
            "p(90)": 425.9847600000001,
            "p(95)": 511.26906499999984,
            "avg": 169.73441748958163,
            "thresholds": {
                "p(95)<2000": false
            }
        },
        "checks": {
            "passes": 144000,
            "fails": 0,
            "value": 1
        },
        "http_req_tls_handshaking": {
            "avg": 0,
            "min": 0,
            "med": 0,
            "max": 0,
            "p(90)": 0,
            "p(95)": 0
        },
        "data_received": {
            "count": 3982685087,
            "rate": 33179034.405974425
        },
        "vus_max": {
            "value": 500,
            "min": 500,
            "max": 500
        },
        "http_req_sending": {
            "avg": 0.006351136805555556,
            "min": 0,
            "med": 0,
            "max": 7.0115,
            "p(90)": 0,
            "p(95)": 0
        },
        "data_sent": {
            "count": 29020471,
            "rate": 241764.33354711358
        },
        "http_req_connecting": {
            "avg": 0.0004219395833333336,
            "min": 0,
            "med": 0,
            "max": 8.9383,
            "p(90)": 0,
            "p(95)": 0
        },
        "iteration_duration": {
            "med": 2675.1396000000004,
            "max": 7447.2076,
            "p(90)": 6705.78847,
            "p(95)": 7125.16747,
            "avg": 3057.9500205000045,
            "min": 33.1862
        }
    },
    "root_group": {
        "path": "",
        "id": "d41d8cd98f00b204e9800998ecf8427e",
        "groups": {},
        "checks": {
                "list products: status 200": {
                    "path": "::list products: status 200",
                    "id": "924a40c79df3d6bc39fdcdfcc923816e",
                    "passes": 8000,
                    "fails": 0,
                    "name": "list products: status 200"
                },
                "list products: has data": {
                    "fails": 0,
                    "name": "list products: has data",
                    "path": "::list products: has data",
                    "id": "4290724cf781171eb17f384ed5f458d4",
                    "passes": 8000
                },
                "get product: status 200 or 404": {
                    "id": "2cbbbbbba72fe3cd0c1b28772a24e4c9",
                    "passes": 8000,
                    "fails": 0,
                    "name": "get product: status 200 or 404",
                    "path": "::get product: status 200 or 404"
                },
                "search: status 200": {
                    "name": "search: status 200",
                    "path": "::search: status 200",
                    "id": "cd68838b4cc6f7786becc08340f51f71",
                    "passes": 8000,
                    "fails": 0
                },
                "category filter: status 200": {
                    "id": "08bdd22fe49b26bd9062a4063e91365b",
                    "passes": 8000,
                    "fails": 0,
                    "name": "category filter: status 200",
                    "path": "::category filter: status 200"
                },
                "reviews by product: status 200": {
                    "name": "reviews by product: status 200",
                    "path": "::reviews by product: status 200",
                    "id": "ff38d5a6484e85363435e2bde0050fd7",
                    "passes": 8000,
                    "fails": 0
                },
                "average rating: status 200": {
                    "path": "::average rating: status 200",
                    "id": "410881361114124b5478d42656b0fe57",
                    "passes": 8000,
                    "fails": 0,
                    "name": "average rating: status 200"
                },
                "add to cart: status 200 or 201": {
                    "path": "::add to cart: status 200 or 201",
                    "id": "1788e10b98590b202bef7a8dbc573220",
                    "passes": 8000,
                    "fails": 0,
                    "name": "add to cart: status 200 or 201"
                },
                "get cart: status 200": {
                    "name": "get cart: status 200",
                    "path": "::get cart: status 200",
                    "id": "28c7dad2666418e7df7959192396d5c0",
                    "passes": 8000,
                    "fails": 0
                },
                "create order: status 201": {
                    "name": "create order: status 201",
                    "path": "::create order: status 201",
                    "id": "1bcfa49d77d46f40d66acd4c4ffcf2a7",
                    "passes": 8000,
                    "fails": 0
                },
                "home page: status 200": {
                    "name": "home page: status 200",
                    "path": "::home page: status 200",
                    "id": "8d960afda292b63e7c50c7370794be43",
                    "passes": 8000,
                    "fails": 0
                },
                "products page: status 200": {
                    "name": "products page: status 200",
                    "path": "::products page: status 200",
                    "id": "d3ec3a910ae752d937097964558034ff",
                    "passes": 8000,
                    "fails": 0
                },
                "product detail page: status 200": {
                    "fails": 0,
                    "name": "product detail page: status 200",
                    "path": "::product detail page: status 200",
                    "id": "b24b993fd6b4e43d3aa894d986fa618f",
                    "passes": 8000
                },
                "add to cart (page): status 200": {
                    "name": "add to cart (page): status 200",
                    "path": "::add to cart (page): status 200",
                    "id": "f0cd3e144cbac350e1e6ac88a1b85040",
                    "passes": 8000,
                    "fails": 0
                },
                "cart page: status 200": {
                    "passes": 8000,
                    "fails": 0,
                    "name": "cart page: status 200",
                    "path": "::cart page: status 200",
                    "id": "71a46f5b7a13213d2d57118ccbab0ff3"
                },
                "checkout page: status 200": {
                    "path": "::checkout page: status 200",