{
    "metrics": {
        "iterations": {
            "count": 4446,
            "rate": 36.82563036440504
        },
        "http_req_duration{expected_response:true}": {
            "avg": 202.5698988034724,
            "min": 0,
            "med": 98.6542,
            "max": 1437.8105,
            "p(90)": 581.832,
            "p(95)": 753.9371
        },
        "http_req_failed": {
            "passes": 0,
            "fails": 22231,
            "thresholds": {
                "rate<0.05": false
            },
            "value": 0
        },
        "http_reqs": {
            "count": 22231,
            "rate": 184.13643468985347
        },
        "http_req_connecting": {
            "avg": 0.013110192973775364,
            "min": 0,
            "med": 0,
            "max": 30.1378,
            "p(90)": 0,
            "p(95)": 0
        },
        "vus_max": {
            "value": 200,
            "min": 200,
            "max": 200
        },
        "http_req_sending": {
            "p(95)": 0,
            "avg": 0.018347271827628093,
            "min": 0,
            "med": 0,
            "max": 14.3115,
            "p(90)": 0
        },
        "http_req_receiving": {
            "p(90)": 1.6677,
            "p(95)": 3.6151,
            "avg": 0.5606711798839471,
            "min": 0,
            "med": 0,
            "max": 23.132
        },
        "http_req_tls_handshaking": {
            "med": 0,
            "max": 0,
            "p(90)": 0,
            "p(95)": 0,
            "avg": 0,
            "min": 0
        },
        "data_sent": {
            "rate": 28462.542961237184,
            "count": 3436315
        },
        "http_req_duration": {
            "p(90)": 581.832,
            "p(95)": 753.9371,
            "avg": 202.5698988034724,
            "min": 0,
            "med": 98.6542,
            "max": 1437.8105,
            "thresholds": {
                "p(95)<2000": false
            }
        },
        "http_req_blocked": {
            "p(90)": 0,
            "p(95)": 0,
            "avg": 0.020571278844856274,
            "min": 0,
            "med": 0,
            "max": 30.1378
        },
        "iteration_duration": {
            "avg": 2128.2989257534923,
            "min": 1134.436,
            "med": 1744.4389500000002,
            "max": 5461.1527,
            "p(90)": 3813.8671,
            "p(95)": 4156.538375
        },
        "data_received": {
            "count": 18310437,
            "rate": 151662.9295485213
        },
        "vus": {
            "min": 1,
            "max": 199,
            "value": 10
        },
        "checks": {
            "passes": 26676,
            "fails": 0,
            "value": 1
        },
        "http_req_waiting": {
            "avg": 201.99088035176092,
            "min": 0,
            "med": 98.6262,
            "max": 1437.8105,
            "p(90)": 581.5712,
            "p(95)": 753.9371
        }
    },
    "setup_data": {
        "productCount": 1000
    },
    "root_group": {
        "groups": {},
        "checks": {
                "create order: status 201": {
                    "id": "1bcfa49d77d46f40d66acd4c4ffcf2a7",
                    "passes": 4446,
                    "fails": 0,
                    "name": "create order: status 201",
                    "path": "::create order: status 201"
                },
                "get order by id: status 200": {
                    "passes": 4446,
                    "fails": 0,
                    "name": "get order by id: status 200",
                    "path": "::get order by id: status 200",
                    "id": "05229a3c72e644b755b6ef58616276b1"
                },
                "orders by customer: status 200": {
                    "name": "orders by customer: status 200",
                    "path": "::orders by customer: status 200",
                    "id": "a40d104ad4af89a1b8cd3ee45a9c83f6",
                    "passes": 4446,
                    "fails": 0
                },
                "orders by customer: has results": {
                    "path": "::orders by customer: has results",
                    "id": "cd29285d74105a7d0fdc6b8d68cd484b",
                    "passes": 4446,
                    "fails": 0,
                    "name": "orders by customer: has results"
                },
                "update to Shipped: status 200 or 204": {
                    "name": "update to Shipped: status 200 or 204",
                    "path": "::update to Shipped: status 200 or 204",
                    "id": "0612ab64fd42e505efc3b1aa01182531",
                    "passes": 4446,
                    "fails": 0
                },
                "update to Delivered: status 200 or 204": {
                    "path": "::update to Delivered: status 200 or 204",
                    "id": "9a46f2a8c6f6049e49f5299369175bd4",
                    "passes": 4446,
                    "fails": 0,
                    "name": "update to Delivered: status 200 or 204"
                }
            },
        "name": "",
        "path": "",
        "id": "d41d8cd98f00b204e9800998ecf8427e"
    }
}