{
    "root_group": {
        "id": "d41d8cd98f00b204e9800998ecf8427e",
        "groups": {},
        "checks": {
                "status is 200 or 404": {
                    "name": "status is 200 or 404",
                    "path": "::status is 200 or 404",
                    "id": "ef1456c8a1788ec4ce69f9b568c28265",
                    "passes": 20152,
                    "fails": 0
                }
            },
        "name": "",
        "path": ""
    },
    "metrics": {
        "iterations": {
            "count": 20152,
            "rate": 167.50275062299622
        },
        "vus": {
            "value": 3,
            "min": 1,
            "max": 199
        },
        "checks": {
            "fails": 0,
            "passes": 20152,
            "value": 1
        },
        "data_sent": {
            "rate": 14412.567708105737,
            "count": 1733954
        },
        "http_req_blocked": {
            "avg": 0.016110371179039292,
            "min": 0,
            "med": 0,
            "max": 20.2327,
            "p(90)": 0,
            "p(95)": 0
        },
        "http_req_receiving": {
            "max": 706.9194,
            "p(90)": 4.260190000000008,
            "p(95)": 42.040510000000204,
            "avg": 10.940161765581593,
            "min": 0,
            "med": 0
        },
        "vus_max": {
            "value": 200,
            "min": 200,
            "max": 200
        },
        "data_received": {
            "count": 1239816194,
            "rate": 10305310.776197614
        },
        "http_req_waiting": {
            "p(95)": 649.0035200000001,
            "avg": 146.32097800218386,
            "min": 0,
            "med": 35.151399999999995,
            "max": 3278.0962,
            "p(90)": 344.10885000000013
        },
        "http_req_duration": {
            "avg": 157.27932006748813,
            "min": 0,
            "med": 36.232299999999995,
            "max": 3278.0962,
            "p(90)": 372.19123,
            "p(95)": 699.0229600000001,
            "thresholds": {
                "p(95)<1000": false
            }
        },
        "http_req_failed": {
            "fails": 20152,
            "passes": 0,
            "thresholds": {
                "rate<0.05": false
            },
            "value": 0
        },
        "http_req_connecting": {
            "max": 6.4674,
            "p(90)": 0,
            "p(95)": 0,
            "avg": 0.008832641921397382,
            "min": 0,
            "med": 0
        },
        "http_reqs": {
            "count": 20152,
            "rate": 167.50275062299622
        },
        "http_req_sending": {
            "avg": 0.018180299722111947,
            "min": 0,
            "med": 0,
            "max": 17.4183,
            "p(90)": 0,
            "p(95)": 0
        },
        "iteration_duration": {
            "p(90)": 674.2980400000001,
            "p(95)": 1002.1639450000002,
            "avg": 459.2756255557767,
            "min": 300.0427,
            "med": 338.1186,
            "max": 3578.8568
        },
        "http_req_tls_handshaking": {
            "min": 0,
            "med": 0,
            "max": 0,
            "p(90)": 0,
            "p(95)": 0,
            "avg": 0
        },
        "http_req_duration{expected_response:true}": {
            "avg": 157.27932006748813,
            "min": 0,
            "med": 36.232299999999995,
            "max": 3278.0962,
            "p(90)": 372.19123,
            "p(95)": 699.0229600000001
        }
    }
}