{
    "metrics": {
        "http_req_duration": {
            "max": 326.7289,
            "p(90)": 81.7029,
            "p(95)": 119.13288,
            "avg": 29.601097641025667,
            "min": 0.1276,
            "med": 11.007200000000001,
            "thresholds": {
                "p(95)<500": false
            }
        },
        "http_req_tls_handshaking": {
            "avg": 0,
            "min": 0,
            "med": 0,
            "max": 0,
            "p(90)": 0,
            "p(95)": 0
        },
        "http_req_sending": {
            "avg": 0.03695358974358974,
            "min": 0,
            "med": 0,
            "max": 12.4505,
            "p(90)": 0,
            "p(95)": 0.030224999999999863
        },
        "http_req_waiting": {
            "p(90)": 77.87738,
            "p(95)": 115.81520499999992,
            "avg": 28.391795512820497,
            "min": 0.1021,
            "med": 9.62785,
            "max": 326.7289
        },
        "vus_max": {
            "value": 50,
            "min": 50,
            "max": 50
        },
        "data_received": {
            "count": 197792596,
            "rate": 6401250.508118278
        },
        "iterations": {
            "count": 300,
            "rate": 9.709034570917323
        },
        "http_req_failed": {
            "passes": 0,
            "fails": 3900,
            "thresholds": {
                "rate<0.01": false
            },
            "value": 0
        },
        "data_sent": {
            "rate": 13751.973656593007,
            "count": 424923
        },
        "http_reqs": {
            "count": 3900,
            "rate": 126.21744942192521
        },
        "http_req_blocked": {
            "p(95)": 0,
            "avg": 0.08550341025641028,
            "min": 0,
            "med": 0,
            "max": 16.5503,
            "p(90)": 0
        },
        "checks": {
            "passes": 3900,
            "fails": 0,
            "value": 1
        },
        "vus": {
            "value": 50,
            "min": 50,
            "max": 50
        },
        "http_req_receiving": {
            "max": 80.3996,
            "p(90)": 2.1432,
            "p(95)": 3.8884099999999893,
            "avg": 1.1723485384615366,
            "min": 0,
            "med": 0
        },
        "http_req_connecting": {
            "min": 0,
            "med": 0,
            "max": 14.4947,
            "p(90)": 0,
            "p(95)": 0,
            "avg": 0.04464423076923076
        },
        "iteration_duration": {
            "avg": 5108.177122666668,
            "min": 4898.2104,
            "med": 5082.9233,
            "max": 5455.2036,
            "p(90)": 5313.275500000001,
            "p(95)": 5413.07034
        },
        "http_req_duration{expected_response:true}": {
            "avg": 29.601097641025667,
            "min": 0.1276,
            "med": 11.007200000000001,
            "max": 326.7289,
            "p(90)": 81.7029,
            "p(95)": 119.13288
        }
    },
    "root_group": {
        "name": "",
        "path": "",
        "id": "d41d8cd98f00b204e9800998ecf8427e",
        "groups": {},
        "checks": {
                "list products: status 200": {
                    "passes": 300,
                    "fails": 0,
                    "name": "list products: status 200",
                    "path": "::list products: status 200",
                    "id": "924a40c79df3d6bc39fdcdfcc923816e"
                },
                "list products: has data": {
                    "name": "list products: has data",
                    "path": "::list products: has data",
                    "id": "4290724cf781171eb17f384ed5f458d4",
                    "passes": 300,
                    "fails": 0
                },
                "get product: status 200 or 404": {
                    "name": "get product: status 200 or 404",
                    "path": "::get product: status 200 or 404",
                    "id": "2cbbbbbba72fe3cd0c1b28772a24e4c9",
                    "passes": 300,
                    "fails": 0
                },
                "search: status 200": {
                    "fails": 0,
                    "name": "search: status 200",
                    "path": "::search: status 200",
                    "id": "cd68838b4cc6f7786becc08340f51f71",
                    "passes": 300
                },
                "category filter: status 200": {
                    "name": "category filter: status 200",
                    "path": "::category filter: status 200",
                    "id": "08bdd22fe49b26bd9062a4063e91365b",
                    "passes": 300,
                    "fails": 0
                },
                "reviews by product: status 200": {
                    "name": "reviews by product: status 200",
                    "path": "::reviews by product: status 200",
                    "id": "ff38d5a6484e85363435e2bde0050fd7",
                    "passes": 300,
                    "fails": 0
                },
                "average rating: status 200": {
                    "passes": 300,
                    "fails": 0,
                    "name": "average rating: status 200",
                    "path": "::average rating: status 200",
                    "id": "410881361114124b5478d42656b0fe57"
                },
                "add to cart: status 200 or 201": {
                    "fails": 0,
                    "name": "add to cart: status 200 or 201",
                    "path": "::add to cart: status 200 or 201",
                    "id": "1788e10b98590b202bef7a8dbc573220",
                    "passes": 300
                },
                "get cart: status 200": {
                    "path": "::get cart: status 200",
                    "id": "28c7dad2666418e7df7959192396d5c0",
                    "passes": 300,
                    "fails": 0,
                    "name": "get cart: status 200"
                },
                "create order: status 201": {
                    "path": "::create order: status 201",
                    "id": "1bcfa49d77d46f40d66acd4c4ffcf2a7",
                    "passes": 300,
                    "fails": 0,
                    "name": "create order: status 201"
                },
                "home page: status 200": {
                    "path": "::home page: status 200",
                    "id": "8d960afda292b63e7c50c7370794be43",
                    "passes": 300,
                    "fails": 0,
                    "name": "home page: status 200"
                },
                "products page: status 200": {
                    "name": "products page: status 200",
                    "path": "::products page: status 200",
                    "id": "d3ec3a910ae752d937097964558034ff",
                    "passes": 300,
                    "fails": 0
                },
                "product detail page: status 200": {
                    "passes": 300,
                    "fails": 0,
                    "name": "product detail page: status 200",
                    "path": "::product detail page: status 200",
                    "id": "b24b993fd6b4e43d3aa894d986fa618f"
                }
            }
    }
}