{
    "metrics": {
        "http_req_receiving": {
            "min": 0,
            "med": 0.0251,
            "max": 117.107,
            "p(90)": 3.668079999999999,
            "p(95)": 6.141484999999999,
            "avg": 1.6684220256410283
        },
        "checks": {
            "passes": 3900,
            "fails": 0,
            "value": 1
        },
        "http_req_failed": {
            "fails": 3900,
            "passes": 0,
            "thresholds": {
                "rate<0.01": false
            },
            "value": 0
        },
        "vus_max": {
            "value": 50,
            "min": 50,
            "max": 50
        },
        "http_req_sending": {
            "p(95)": 0.058739999999999785,
            "avg": 0.022505641025641013,
            "min": 0,
            "med": 0,
            "max": 9.9291,
            "p(90)": 0
        },
        "iterations": {
            "count": 300,
            "rate": 9.554757717715411
        },
        "http_reqs": {
            "count": 3900,
            "rate": 124.21185033030034
        },
        "http_req_duration{expected_response:true}": {
            "avg": 33.099490487179466,
            "min": 0.1878,
            "med": 19.52655,
            "max": 519.5996,
            "p(90)": 85.41344999999998,
            "p(95)": 118.08198
        },
        "http_req_waiting": {
            "min": 0.1437,
            "med": 17.6059,
            "max": 519.5996,
            "p(90)": 83.47352999999997,
            "p(95)": 111.27363999999999,
            "avg": 31.40856282051279
        },
        "vus": {
            "max": 50,
            "value": 19,
            "min": 19
        },
        "data_received": {
            "count": 197787083,
            "rate": 6299358.859195561
        },
        "data_sent": {
            "count": 424923,
            "rate": 13533.454378949285
        },
        "iteration_duration": {
            "avg": 5156.130973999997,
            "min": 4920.2998,
            "med": 5122.90735,
            "max": 5773.3668,
            "p(90)": 5343.70473,
            "p(95)": 5510.024945
        },
        "http_req_connecting": {
            "med": 0,
            "max": 3.695,
            "p(90)": 0,
            "p(95)": 0,
            "avg": 0.011565974358974362,
            "min": 0
        },
        "http_req_duration": {
            "avg": 33.099490487179466,
            "min": 0.1878,
            "med": 19.52655,
            "max": 519.5996,
            "p(90)": 85.41344999999998,
            "p(95)": 118.08198,
            "thresholds": {
                "p(95)<500": false
            }
        },
        "http_req_tls_handshaking": {
            "max": 0,
            "p(90)": 0,
            "p(95)": 0,
            "avg": 0,
            "min": 0,
            "med": 0
        },
        "http_req_blocked": {
            "min": 0,
            "med": 0,
            "max": 10.7853,
            "p(90)": 0,
            "p(95)": 0,
            "avg": 0.06667323076923073
        }
    },
    "root_group": {
        "name": "",
        "path": "",
        "id": "d41d8cd98f00b204e9800998ecf8427e",
        "groups": {},
        "checks": {
                "list products: status 200": {
                    "name": "list products: status 200",
                    "path": "::list products: status 200",
                    "id": "924a40c79df3d6bc39fdcdfcc923816e",
                    "passes": 300,
                    "fails": 0
                },
                "list products: has data": {
                    "fails": 0,
                    "name": "list products: has data",
                    "path": "::list products: has data",
                    "id": "4290724cf781171eb17f384ed5f458d4",
                    "passes": 300
                },
                "get product: status 200 or 404": {
                    "name": "get product: status 200 or 404",
                    "path": "::get product: status 200 or 404",
                    "id": "2cbbbbbba72fe3cd0c1b28772a24e4c9",
                    "passes": 300,
                    "fails": 0
                },
                "search: status 200": {
                    "name": "search: status 200",
                    "path": "::search: status 200",
                    "id": "cd68838b4cc6f7786becc08340f51f71",
                    "passes": 300,
                    "fails": 0
                },
                "category filter: status 200": {
                    "name": "category filter: status 200",
                    "path": "::category filter: status 200",
                    "id": "08bdd22fe49b26bd9062a4063e91365b",
                    "passes": 300,
                    "fails": 0
                },
                "reviews by product: status 200": {
                    "name": "reviews by product: status 200",
                    "path": "::reviews by product: status 200",
                    "id": "ff38d5a6484e85363435e2bde0050fd7",
                    "passes": 300,
                    "fails": 0
                },
                "average rating: status 200": {
                    "passes": 300,
                    "fails": 0,
                    "name": "average rating: status 200",
                    "path": "::average rating: status 200",
                    "id": "410881361114124b5478d42656b0fe57"
                },
                "add to cart: status 200 or 201": {
                    "name": "add to cart: status 200 or 201",
                    "path": "::add to cart: status 200 or 201",
                    "id": "1788e10b98590b202bef7a8dbc573220",
                    "passes": 300,
                    "fails": 0
                },
                "get cart: status 200": {
                    "name": "get cart: status 200",
                    "path": "::get cart: status 200",
                    "id": "28c7dad2666418e7df7959192396d5c0",
                    "passes": 300,
                    "fails": 0
                },
                "create order: status 201": {
                    "name": "create order: status 201",
                    "path": "::create order: status 201",
                    "id": "1bcfa49d77d46f40d66acd4c4ffcf2a7",
                    "passes": 300,
                    "fails": 0
                },
                "home page: status 200": {
                    "name": "home page: status 200",
                    "path": "::home page: status 200",
                    "id": "8d960afda292b63e7c50c7370794be43",
                    "passes": 300,
                    "fails": 0
                },
                "products page: status 200": {
                    "name": "products page: status 200",
                    "path": "::products page: status 200",
                    "id": "d3ec3a910ae752d937097964558034ff",
                    "passes": 300,
                    "fails": 0
                },
                "product detail page: status 200": {
                    "id": "b24b993fd6b4e43d3aa894d986fa618f",
                    "passes": 300,
                    "fails": 0,
                    "name": "product detail page: status 200",
                    "path": "::product detail page: status 200"
                }
            }
    }
}