{
    "metrics": {
        "http_req_receiving": {
            "max": 190.0142,
            "p(90)": 2.777509999999998,
            "p(95)": 4.482329999999998,
            "avg": 1.6207392051282061,
            "min": 0,
            "med": 0
        },
        "http_req_duration{expected_response:true}": {
            "avg": 35.91912917948715,
            "min": 0.2025,
            "med": 18.7588,
            "max": 330.0807,
            "p(90)": 94.57343999999999,
            "p(95)": 156.0010999999998
        },
        "vus_max": {
            "min": 50,
            "max": 50,
            "value": 50
        },
        "http_req_duration": {
            "p(90)": 94.57343999999999,
            "p(95)": 156.0010999999998,
            "avg": 35.91912917948715,
            "min": 0.2025,
            "med": 18.7588,
            "max": 330.0807,
            "thresholds": {
                "p(95)<500": false
            }
        },
        "checks": {
            "passes": 3900,
            "fails": 0,
            "value": 1
        },
        "iteration_duration": {
            "p(90)": 5520.17396,
            "p(95)": 5708.794355,
            "avg": 5196.522627000001,
            "min": 4924.1719,
            "med": 5139.3364,
            "max": 5735.8742
        },
        "data_sent": {
            "count": 424923,
            "rate": 13422.103692941051
        },
        "http_reqs": {
            "count": 3900,
            "rate": 123.18985887436101
        },
        "vus": {
            "max": 50,
            "value": 37,
            "min": 37
        },
        "http_req_failed": {
            "passes": 0,
            "fails": 3900,
            "thresholds": {
                "rate<0.01": false
            },
            "value": 0
        },
        "iterations": {
            "count": 300,
            "rate": 9.476142990335463
        },
        "http_req_blocked": {
            "p(95)": 0,
            "avg": 0.18250058974358965,
            "min": 0,
            "med": 0,
            "max": 171.0235,
            "p(90)": 0
        },
        "http_req_connecting": {
            "med": 0,
            "max": 155.7437,
            "p(90)": 0,
            "p(95)": 0,
            "avg": 0.06795728205128206,
            "min": 0
        },
        "http_req_tls_handshaking": {
            "avg": 0,
            "min": 0,
            "med": 0,
            "max": 0,
            "p(90)": 0,
            "p(95)": 0
        },
        "http_req_waiting": {
            "avg": 34.134295871794855,
            "min": 0.112,
            "med": 17.1788,
            "max": 329.7562,
            "p(90)": 93.18871999999999,
            "p(95)": 146.1616999999999
        },
        "data_received": {
            "count": 197788596,
            "rate": 6247576.725178976
        },
        "http_req_sending": {
            "avg": 0.16409410256410253,
            "min": 0,
            "med": 0,
            "max": 139.8599,
            "p(90)": 0,
            "p(95)": 0.04043999999999978
        }
    },
    "root_group": {
        "name": "",
        "path": "",
        "id": "d41d8cd98f00b204e9800998ecf8427e",
        "groups": {},
        "checks": {
                "list products: status 200": {
                    "passes": 300,
                    "fails": 0,
                    "name": "list products: status 200",
                    "path": "::list products: status 200",
                    "id": "924a40c79df3d6bc39fdcdfcc923816e"
                },
                "list products: has data": {
                    "name": "list products: has data",
                    "path": "::list products: has data",
                    "id": "4290724cf781171eb17f384ed5f458d4",
                    "passes": 300,
                    "fails": 0
                },
                "get product: status 200 or 404": {
                    "name": "get product: status 200 or 404",
                    "path": "::get product: status 200 or 404",
                    "id": "2cbbbbbba72fe3cd0c1b28772a24e4c9",
                    "passes": 300,
                    "fails": 0
                },
                "search: status 200": {
                    "name": "search: status 200",
                    "path": "::search: status 200",
                    "id": "cd68838b4cc6f7786becc08340f51f71",
                    "passes": 300,
                    "fails": 0
                },
                "category filter: status 200": {
                    "name": "category filter: status 200",
                    "path": "::category filter: status 200",
                    "id": "08bdd22fe49b26bd9062a4063e91365b",
                    "passes": 300,
                    "fails": 0
                },
                "reviews by product: status 200": {
                    "name": "reviews by product: status 200",
                    "path": "::reviews by product: status 200",
                    "id": "ff38d5a6484e85363435e2bde0050fd7",
                    "passes": 300,
                    "fails": 0
                },
                "average rating: status 200": {
                    "name": "average rating: status 200",
                    "path": "::average rating: status 200",
                    "id": "410881361114124b5478d42656b0fe57",
                    "passes": 300,
                    "fails": 0
                },
                "add to cart: status 200 or 201": {
                    "path": "::add to cart: status 200 or 201",
                    "id": "1788e10b98590b202bef7a8dbc573220",
                    "passes": 300,
                    "fails": 0,
                    "name": "add to cart: status 200 or 201"
                },
                "get cart: status 200": {
                    "name": "get cart: status 200",
                    "path": "::get cart: status 200",
                    "id": "28c7dad2666418e7df7959192396d5c0",
                    "passes": 300,
                    "fails": 0
                },
                "create order: status 201": {
                    "name": "create order: status 201",
                    "path": "::create order: status 201",
                    "id": "1bcfa49d77d46f40d66acd4c4ffcf2a7",
                    "passes": 300,
                    "fails": 0
                },
                "home page: status 200": {
                    "name": "home page: status 200",
                    "path": "::home page: status 200",
                    "id": "8d960afda292b63e7c50c7370794be43",
                    "passes": 300,
                    "fails": 0
                },
                "products page: status 200": {
                    "name": "products page: status 200",
                    "path": "::products page: status 200",
                    "id": "d3ec3a910ae752d937097964558034ff",
                    "passes": 300,
                    "fails": 0
                },
                "product detail page: status 200": {
                    "name": "product detail page: status 200",
                    "path": "::product detail page: status 200",
                    "id": "b24b993fd6b4e43d3aa894d986fa618f",
                    "passes": 300,
                    "fails": 0
                }
            }
    }
}