{
    "metrics": {
        "http_reqs": {
            "rate": 1087.2714609752602,
            "count": 130500
        },
        "http_req_waiting": {
            "avg": 182.1126914620688,
            "min": 0,
            "med": 128.9254,
            "max": 924.4831,
            "p(90)": 455.35046000000006,
            "p(95)": 543.6308399999998
        },
        "http_req_receiving": {
            "min": 0,
            "med": 0,
            "max": 210.5813,
            "p(90)": 13.867290000000006,
            "p(95)": 56.12993499999999,
            "avg": 5.9643423149424875
        },
        "http_req_duration{expected_response:true}": {
            "p(90)": 456.40408000000025,
            "p(95)": 544.6868649999998,
            "avg": 188.08473379693268,
            "min": 0,
            "med": 140.80485,
            "max": 926.7162
        },
        "vus_max": {
            "value": 500,
            "min": 500,
            "max": 500
        },
        "http_req_tls_handshaking": {
            "avg": 0,
            "min": 0,
            "med": 0,
            "max": 0,
            "p(90)": 0,
            "p(95)": 0
        },
        "http_req_sending": {
            "min": 0,
            "med": 0,
            "max": 15.6204,
            "p(90)": 0,
            "p(95)": 0,
            "avg": 0.007700019923371654
        },
        "iterations": {
            "rate": 60.40397005418113,
            "count": 7250
        },
        "data_sent": {
            "count": 26299206,
            "rate": 219113.99333417113
        },
        "checks": {
            "passes": 130500,
            "fails": 0,
            "value": 1
        },
        "data_received": {
            "count": 5564851653,
            "rate": 46364018.2901755
        },
        "vus": {
            "value": 3,
            "min": 1,
            "max": 500
        },
        "http_req_blocked": {
            "avg": 0.002804750957854408,
            "min": 0,
            "med": 0,
            "max": 12.5397,
            "p(90)": 0,
            "p(95)": 0
        },
        "http_req_duration": {
            "avg": 188.08473379693268,
            "min": 0,
            "med": 140.80485,
            "max": 926.7162,
            "p(90)": 456.40408000000025,
            "p(95)": 544.6868649999998,
            "thresholds": {
                "p(95)<2000": false
            }
        },
        "http_req_failed": {
            "passes": 0,
            "fails": 130500,
            "thresholds": {
                "rate<0.05": false
            },
            "value": 0
        },
        "iteration_duration": {
            "med": 3100.9504,
            "max": 7973.7361,
            "p(90)": 7256.6789,
            "p(95)": 7639.37381,
            "avg": 3389.3259181655044,
            "min": 39.5861
        },
        "http_req_connecting": {
            "p(95)": 0,
            "avg": 0.0008495088122605359,
            "min": 0,
            "med": 0,
            "max": 12.008,
            "p(90)": 0
        }
    },
    "root_group": {
        "name": "",
        "path": "",
        "id": "d41d8cd98f00b204e9800998ecf8427e",
        "groups": {},
        "checks": {
                "list products: status 200": {
                    "passes": 7250,
                    "fails": 0,
                    "name": "list products: status 200",
                    "path": "::list products: status 200",
                    "id": "924a40c79df3d6bc39fdcdfcc923816e"
                },
                "list products: has data": {
                    "name": "list products: has data",
                    "path": "::list products: has data",
                    "id": "4290724cf781171eb17f384ed5f458d4",
                    "passes": 7250,
                    "fails": 0
                },
                "get product: status 200 or 404": {
                    "name": "get product: status 200 or 404",
                    "path": "::get product: status 200 or 404",
                    "id": "2cbbbbbba72fe3cd0c1b28772a24e4c9",
                    "passes": 7250,
                    "fails": 0
                },
                "search: status 200": {
                    "name": "search: status 200",
                    "path": "::search: status 200",
                    "id": "cd68838b4cc6f7786becc08340f51f71",
                    "passes": 7250,
                    "fails": 0
                },
                "category filter: status 200": {
                    "name": "category filter: status 200",
                    "path": "::category filter: status 200",
                    "id": "08bdd22fe49b26bd9062a4063e91365b",
                    "passes": 7250,
                    "fails": 0
                },
                "reviews by product: status 200": {
                    "path": "::reviews by product: status 200",
                    "id": "ff38d5a6484e85363435e2bde0050fd7",
                    "passes": 7250,
                    "fails": 0,
                    "name": "reviews by product: status 200"
                },
                "average rating: status 200": {
                    "name": "average rating: status 200",
                    "path": "::average rating: status 200",
                    "id": "410881361114124b5478d42656b0fe57",
                    "passes": 7250,
                    "fails": 0
                },
                "add to cart: status 200 or 201": {
                    "fails": 0,
                    "name": "add to cart: status 200 or 201",
                    "path": "::add to cart: status 200 or 201",
                    "id": "1788e10b98590b202bef7a8dbc573220",
                    "passes": 7250
                },
                "get cart: status 200": {
                    "id": "28c7dad2666418e7df7959192396d5c0",
                    "passes": 7250,
                    "fails": 0,
                    "name": "get cart: status 200",
                    "path": "::get cart: status 200"
                },
                "create order: status 201": {
                    "fails": 0,
                    "name": "create order: status 201",
                    "path": "::create order: status 201",
                    "id": "1bcfa49d77d46f40d66acd4c4ffcf2a7",
                    "passes": 7250
                },
                "home page: status 200": {
                    "name": "home page: status 200",
                    "path": "::home page: status 200",
                    "id": "8d960afda292b63e7c50c7370794be43",
                    "passes": 7250,
                    "fails": 0
                },
                "products page: status 200": {
                    "id": "d3ec3a910ae752d937097964558034ff",
                    "passes": 7250,
                    "fails": 0,
                    "name": "products page: status 200",
                    "path": "::products page: status 200"
                },
                "product detail page: status 200": {
                    "name": "product detail page: status 200",
                    "path": "::product detail page: status 200",
                    "id": "b24b993fd6b4e43d3aa894d986fa618f",
                    "passes": 7250,
                    "fails": 0
                },
                "add to cart (page): status 200": {
                    "id": "f0cd3e144cbac350e1e6ac88a1b85040",
                    "passes": 7250,
                    "fails": 0,
                    "name": "add to cart (page): status 200",
                    "path": "::add to cart (page): status 200"
                },
                "cart page: status 200": {
                    "name": "cart page: status 200",
                    "path": "::cart page: status 200",
                    "id": "71a46f5b7a13213d2d57118ccbab0ff3",
                    "passes": 7250,
                    "fails": 0
                },
                "checkout page: status 200": {
                    "passes": 7250,
                    "fails": 0,