{
    "metrics": {
        "http_req_failed": {
            "passes": 0,
            "fails": 54156,
            "thresholds": {
                "rate<0.05": false
            },
            "value": 0
        },
        "http_req_blocked": {
            "avg": 0.0016463494349656528,
            "min": 0,
            "med": 0,
            "max": 2.0099,
            "p(90)": 0,
            "p(95)": 0
        },
        "checks": {
            "passes": 49643,
            "fails": 0,
            "value": 1
        },
        "vus_max": {
            "min": 200,
            "max": 200,
            "value": 200
        },
        "http_req_receiving": {
            "avg": 0.3486289884777284,
            "min": 0,
            "med": 0,
            "max": 18.3514,
            "p(90)": 1.1785,
            "p(95)": 1.833925
        },
        "http_req_duration": {
            "avg": 6.4970547437034,
            "min": 0,
            "med": 2.6632,
            "max": 85.5235,
            "p(90)": 22.64575,
            "p(95)": 33.385475,
            "thresholds": {
                "p(95)<3000": false
            }
        },
        "http_req_duration{expected_response:true}": {
            "med": 2.6632,
            "max": 85.5235,
            "p(90)": 22.64575,
            "p(95)": 33.385475,
            "avg": 6.4970547437034,
            "min": 0
        },
        "http_reqs": {
            "count": 54156,
            "rate": 444.8962453790722
        },
        "http_req_connecting": {
            "p(95)": 0,
            "avg": 0.000529679075264052,
            "min": 0,
            "med": 0,
            "max": 0.5561,
            "p(90)": 0
        },
        "http_req_sending": {
            "avg": 0.0034052791934411704,
            "min": 0,
            "med": 0,
            "max": 2.5084,
            "p(90)": 0,
            "p(95)": 0
        },
        "vus": {
            "value": 3,
            "min": 1,
            "max": 199
        },
        "iterations": {
            "count": 4513,
            "rate": 37.07468711492268
        },
        "data_sent": {
            "count": 16114659,
            "rate": 132383.32381756543
        },
        "iteration_duration": {
            "max": 2479.5506,
            "p(90)": 2316.43202,
            "p(95)": 2381.1933,
            "avg": 2081.76206645247,
            "min": 2022.562,
            "med": 2033.9313
        },
        "http_req_waiting": {
            "med": 2.1974,
            "max": 85.5235,
            "p(90)": 22.3896,
            "p(95)": 33.086825000000005,
            "avg": 6.145020476032189,
            "min": 0
        },
        "data_received": {
            "count": 1020255318,
            "rate": 8381486.082912905
        },
        "http_req_tls_handshaking": {
            "max": 0,
            "p(90)": 0,
            "p(95)": 0,
            "avg": 0,
            "min": 0,
            "med": 0
        }
    },
    "root_group": {
        "name": "",
        "path": "",
        "id": "d41d8cd98f00b204e9800998ecf8427e",
        "groups": {},
        "checks": {
                "home: status 200": {
                    "name": "home: status 200",
                    "path": "::home: status 200",
                    "id": "797ccedec8c86720a3b12b7d6a1695d9",
                    "passes": 4513,
                    "fails": 0
                },
                "products: status 200": {
                    "passes": 4513,
                    "fails": 0,
                    "name": "products: status 200",
                    "path": "::products: status 200",
                    "id": "00d9ade6020028464fb7795d42f375de"
                },
                "search: status 200": {
                    "name": "search: status 200",
                    "path": "::search: status 200",
                    "id": "cd68838b4cc6f7786becc08340f51f71",
                    "passes": 4513,
                    "fails": 0
                },
                "category filter: status 200": {
                    "name": "category filter: status 200",
                    "path": "::category filter: status 200",
                    "id": "08bdd22fe49b26bd9062a4063e91365b",
                    "passes": 4513,
                    "fails": 0
                },
                "detail: status 200": {
                    "name": "detail: status 200",
                    "path": "::detail: status 200",
                    "id": "2d2bf01d9f31c3b8b35b2cc3644cc1c3",
                    "passes": 4513,
                    "fails": 0
                },
                "add to cart: status 200": {
                    "id": "e4cde9d6761bb2afde2298dd9165b80e",
                    "passes": 4513,
                    "fails": 0,
                    "name": "add to cart: status 200",
                    "path": "::add to cart: status 200"
                },
                "add second item: status 200": {
                    "passes": 4513,
                    "fails": 0,
                    "name": "add second item: status 200",
                    "path": "::add second item: status 200",
                    "id": "fc2779a520bbade54e1c5ee4555006f4"
                },
                "cart page: status 200": {
                    "path": "::cart page: status 200",
                    "id": "71a46f5b7a13213d2d57118ccbab0ff3",
                    "passes": 4513,
                    "fails": 0,
                    "name": "cart page: status 200"
                },
                "checkout page: status 200": {
                    "path": "::checkout page: status 200",
                    "id": "4b6b469e2b3feffe3383d401258f1fac",
                    "passes": 4513,
                    "fails": 0,
                    "name": "checkout page: status 200"
                },
                "checkout submit: status 200": {
                    "id": "231aef0da674621d55d3389af9895e8b",
                    "passes": 4513,
                    "fails": 0,
                    "name": "checkout submit: status 200",
                    "path": "::checkout submit: status 200"
                },
                "orders page: status 200": {
                    "fails": 0,
                    "name": "orders page: status 200",
                    "path": "::orders page: status 200",
                    "id": "327fb5b5110703aef832d58310868356",
                    "passes": 4513
                }
            }
    }
}