{
    "metrics": {
        "http_req_tls_handshaking": {
            "min": 0,
            "med": 0,
            "max": 0,
            "p(90)": 0,
            "p(95)": 0,
            "avg": 0
        },
        "http_req_sending": {
            "p(95)": 0,
            "avg": 0.003618564555911012,
            "min": 0,
            "med": 0,
            "max": 5.9399,
            "p(90)": 0
        },
        "http_req_receiving": {
            "avg": 0.20731786124203183,
            "min": 0,
            "med": 0,
            "max": 15.5286,
            "p(90)": 0.7357600000000013,
            "p(95)": 0.9164
        },
        "http_req_blocked": {
            "p(90)": 0,
            "p(95)": 0,
            "avg": 0.0025007497130577106,
            "min": 0,
            "med": 0,
            "max": 0.6817
        },
        "iteration_duration": {
            "avg": 906.2701475627591,
            "min": 903.1751,
            "med": 906.1062,
            "max": 930.6167,
            "p(90)": 907.5708,
            "p(95)": 908.1182600000001
        },
        "http_req_failed": {
            "passes": 0,
            "fails": 40949,
            "thresholds": {
                "rate<0.03": false
            },
            "value": 0
        },
        "http_req_waiting": {
            "med": 1.0395,
            "max": 24.8841,
            "p(90)": 1.5972,
            "p(95)": 1.7403399999999993,
            "avg": 0.9854578182617394,
            "min": 0
        },
        "iterations": {
            "count": 10237,
            "rate": 84.88592836238938
        },
        "checks": {
            "passes": 51185,
            "fails": 0,
            "value": 1
        },
        "http_req_connecting": {
            "avg": 0.0010915822120198294,
            "min": 0,
            "med": 0,
            "max": 0.6209,
            "p(90)": 0,
            "p(95)": 0
        },
        "vus": {
            "value": 6,
            "min": 1,
            "max": 199
        },
        "data_sent": {
            "count": 7216072,
            "rate": 59836.179627805395
        },
        "vus_max": {
            "value": 200,
            "min": 200,
            "max": 200
        },
        "data_received": {
            "count": 9413511,
            "rate": 78057.4993049296
        },
        "http_req_duration": {
            "med": 1.1686,
            "max": 24.952,
            "p(90)": 1.7057,
            "p(95)": 1.9208,
            "avg": 1.19639424405969,
            "min": 0,
            "thresholds": {
                "p(95)<1500": false
            }
        },
        "http_req_duration{expected_response:true}": {
            "avg": 1.19639424405969,
            "min": 0,
            "med": 1.1686,
            "max": 24.952,
            "p(90)": 1.7057,
            "p(95)": 1.9208
        },
        "http_reqs": {
            "count": 40949,
            "rate": 339.55200552031675
        }
    },
    "root_group": {
        "name": "",
        "path": "",
        "id": "d41d8cd98f00b204e9800998ecf8427e",
        "groups": {},
        "checks": {
                "create product: status 201": {
                    "name": "create product: status 201",
                    "path": "::create product: status 201",
                    "id": "d93f8db8db344695f776e44ec6b18c58",
                    "passes": 10237,
                    "fails": 0
                },
                "get created product: status 200": {
                    "name": "get created product: status 200",
                    "path": "::get created product: status 200",
                    "id": "afdc866b141a243ae294ef9ad1f445e9",
                    "passes": 10237,
                    "fails": 0
                },
                "get created product: name matches": {
                    "name": "get created product: name matches",
                    "path": "::get created product: name matches",
                    "id": "c11a53a8914fcb33931d909ab82d155e",
                    "passes": 10237,
                    "fails": 0
                },
                "update product: status 200 or 204": {
                    "name": "update product: status 200 or 204",
                    "path": "::update product: status 200 or 204",
                    "id": "fed812f077cab05d9d142603607e1679",
                    "passes": 10237,
                    "fails": 0
                },
                "delete product: status 200 or 204": {
                    "path": "::delete product: status 200 or 204",
                    "id": "bc7117db1fa07e5c01728435a48a565a",
                    "passes": 10237,
                    "fails": 0,
                    "name": "delete product: status 200 or 204"
                }
            }
    }
}