{
    "metrics": {
        "http_req_duration": {
            "avg": 1.8953057382156615,
            "min": 0,
            "med": 1.7255,
            "max": 30.3952,
            "p(90)": 2.7938,
            "p(95)": 3.2326,
            "thresholds": {
                "p(95)<1000": false
            }
        },
        "http_req_connecting": {
            "avg": 0.00034822227109449465,
            "min": 0,
            "med": 0,
            "max": 1.2303,
            "p(90)": 0,
            "p(95)": 0
        },
        "http_reqs": {
            "count": 54564,
            "rate": 448.9263488744929
        },
        "http_req_tls_handshaking": {
            "max": 0,
            "p(90)": 0,
            "p(95)": 0,
            "avg": 0,
            "min": 0,
            "med": 0
        },
        "iterations": {
            "count": 7652,
            "rate": 62.95697569070485
        },
        "data_received": {
            "count": 15344573,
            "rate": 126247.76651140173
        },
        "http_req_duration{expected_response:true}": {
            "p(90)": 2.7938,
            "p(95)": 3.2326,
            "avg": 1.8953057382156615,
            "min": 0,
            "med": 1.7255,
            "max": 30.3952
        },
        "iteration_duration": {
            "avg": 1216.6062992289612,
            "min": 1209.1811,
            "med": 1215.8869,
            "max": 1256.1443,
            "p(90)": 1220.4737,
            "p(95)": 1222.583995
        },
        "http_req_failed": {
            "passes": 0,
            "fails": 54564,
            "thresholds": {
                "rate<0.02": false
            },
            "value": 0
        },
        "http_req_blocked": {
            "p(95)": 0,
            "avg": 0.0011808115240818109,
            "min": 0,
            "med": 0,
            "max": 1.2303,
            "p(90)": 0
        },
        "http_req_receiving": {
            "avg": 0.10785951359870911,
            "min": 0,
            "med": 0,
            "max": 1.6566,
            "p(90)": 0.5123,
            "p(95)": 0.6639699999999997
        },
        "vus_max": {
            "min": 200,
            "max": 200,
            "value": 200
        },
        "checks": {
            "passes": 53564,
            "fails": 7652,
            "value": 0.875
        },
        "vus": {
            "value": 0,
            "min": 0,
            "max": 199
        },
        "http_req_sending": {
            "avg": 0.0024051260904625754,
            "min": 0,
            "med": 0,
            "max": 2.5911,
            "p(90)": 0,
            "p(95)": 0
        },
        "data_sent": {
            "count": 7946987,
            "rate": 65383.98684962722
        },
        "http_req_waiting": {
            "p(90)": 2.7413,
            "p(95)": 3.1763,
            "avg": 1.7850410985264993,
            "min": 0,
            "med": 1.63605,
            "max": 30.1606
        }
    },
    "root_group": {
        "name": "",
        "path": "",
        "id": "d41d8cd98f00b204e9800998ecf8427e",
        "groups": {},
        "checks": {
                "add item 1: status 200 or 201": {
                    "name": "add item 1: status 200 or 201",
                    "path": "::add item 1: status 200 or 201",
                    "id": "34ffb3452c09ac7174d9f647c20645f8",
                    "passes": 7652,
                    "fails": 0
                },
                "add item 2: status 200 or 201": {
                    "name": "add item 2: status 200 or 201",
                    "path": "::add item 2: status 200 or 201",
                    "id": "859dd62118f40bea70a4a5fe4a82c36c",
                    "passes": 7652,
                    "fails": 0
                },
                "add item 3: status 200 or 201": {
                    "name": "add item 3: status 200 or 201",
                    "path": "::add item 3: status 200 or 201",
                    "id": "6dfec2b2a8ef0686ff9003fbb64073ff",
                    "passes": 7652,
                    "fails": 0
                },
                "get cart: status 200": {
                    "name": "get cart: status 200",
                    "path": "::get cart: status 200",
                    "id": "28c7dad2666418e7df7959192396d5c0",
                    "passes": 7652,
                    "fails": 0
                },
                "get cart: has items": {
                    "name": "get cart: has items",
                    "path": "::get cart: has items",
                    "id": "ce5cb3c9d4d19a73e0257c50eea61a4c",
                    "passes": 0,
                    "fails": 7652
                },
                "update quantity: status 200 or 204": {
                    "name": "update quantity: status 200 or 204",
                    "path": "::update quantity: status 200 or 204",
                    "id": "6cfa842eec59d2c26f64d983e1b9ad16",
                    "passes": 7652,
                    "fails": 0
                },
                "delete item: status 200 or 204": {
                    "name": "delete item: status 200 or 204",
                    "path": "::delete item: status 200 or 204",
                    "id": "f05e6698ea497656bf987aa1783be142",
                    "passes": 7652,
                    "fails": 0
                },
                "clear cart session: status 200 or 204": {
                    "passes": 7652,
                    "fails": 0,
                    "name": "clear cart session: status 200 or 204",
                    "path": "::clear cart session: status 200 or 204",
                    "id": "8f83318937121769e691a83b1b01cd11"
                }
            }
    }
}