{
    "metrics": {
        "http_req_sending": {
            "med": 0,
            "max": 5.511,
            "p(90)": 0,
            "p(95)": 0,
            "avg": 0.007739187849287897,
            "min": 0
        },
        "http_reqs": {
            "count": 133128,
            "rate": 1109.1695543118565
        },
        "http_req_duration": {
            "med": 93.4404,
            "max": 2129.1858,
            "p(90)": 426.19190000000003,
            "p(95)": 616.5643499999999,
            "avg": 183.3564550597925,
            "min": 0,
            "thresholds": {
                "p(95)<2000": false
            }
        },
        "http_req_waiting": {
            "min": 0,
            "med": 85.89735,
            "max": 2128.8839,
            "p(90)": 420.43316,
            "p(95)": 606.0500249999999,
            "avg": 176.71327998993425
        },
        "http_req_blocked": {
            "max": 5.511,
            "p(90)": 0,
            "p(95)": 0,
            "avg": 0.0030231784448050015,
            "min": 0,
            "med": 0
        },
        "data_received": {
            "count": 4945003589,
            "rate": 41199803.39884668
        },
        "http_req_connecting": {
            "avg": 0.0008967399795685351,
            "min": 0,
            "med": 0,
            "max": 3.6273,
            "p(90)": 0,
            "p(95)": 0
        },
        "vus": {
            "max": 500,
            "value": 3,
            "min": 1
        },
        "data_sent": {
            "count": 23722352,
            "rate": 197645.20307575396
        },
        "http_req_receiving": {
            "med": 0,
            "max": 1640.6939,
            "p(90)": 3.849730000000006,
            "p(95)": 54.03267999999998,
            "avg": 6.635435882008293,
            "min": 0
        },
        "http_req_tls_handshaking": {
            "med": 0,
            "max": 0,
            "p(90)": 0,
            "p(95)": 0,
            "avg": 0,
            "min": 0
        },
        "checks": {
            "passes": 118336,
            "fails": 14792,
            "value": 0.8888888888888888
        },
        "vus_max": {
            "max": 500,
            "value": 500,
            "min": 500
        },
        "iteration_duration": {
            "p(95)": 7767.327499999999,
            "avg": 3304.4417763385572,
            "min": 44.7014,
            "med": 2638.118,
            "max": 8884.5129,
            "p(90)": 7284.640149999999
        },
        "iterations": {
            "count": 7396,
            "rate": 61.620530795103136
        },
        "http_req_failed": {
            "passes": 14792,
            "fails": 118336,
            "thresholds": {
                "rate<0.05": true
            },
            "value": 0.1111111111111111
        },
        "http_req_duration{expected_response:true}": {
            "min": 0,
            "med": 119.8112,
            "max": 2129.1858,
            "p(90)": 456.9598,
            "p(95)": 653.41935,
            "avg": 202.41862840133302
        }
    },
    "root_group": {
        "path": "",
        "id": "d41d8cd98f00b204e9800998ecf8427e",
        "groups": {},
        "checks": {
                "list products: status 200": {
                    "passes": 7396,
                    "fails": 0,
                    "name": "list products: status 200",
                    "path": "::list products: status 200",
                    "id": "924a40c79df3d6bc39fdcdfcc923816e"
                },
                "list products: has data": {
                    "fails": 0,
                    "name": "list products: has data",
                    "path": "::list products: has data",
                    "id": "4290724cf781171eb17f384ed5f458d4",
                    "passes": 7396
                },
                "get product: status 200 or 404": {
                    "path": "::get product: status 200 or 404",
                    "id": "2cbbbbbba72fe3cd0c1b28772a24e4c9",
                    "passes": 7396,
                    "fails": 0,
                    "name": "get product: status 200 or 404"
                },
                "search: status 200": {
                    "id": "cd68838b4cc6f7786becc08340f51f71",
                    "passes": 7396,
                    "fails": 0,
                    "name": "search: status 200",
                    "path": "::search: status 200"
                },
                "category filter: status 200": {
                    "path": "::category filter: status 200",
                    "id": "08bdd22fe49b26bd9062a4063e91365b",
                    "passes": 7396,
                    "fails": 0,
                    "name": "category filter: status 200"
                },
                "reviews by product: status 200": {
                    "id": "ff38d5a6484e85363435e2bde0050fd7",
                    "passes": 7396,
                    "fails": 0,
                    "name": "reviews by product: status 200",
                    "path": "::reviews by product: status 200"
                },
                "average rating: status 200": {
                    "passes": 7396,
                    "fails": 0,
                    "name": "average rating: status 200",
                    "path": "::average rating: status 200",
                    "id": "410881361114124b5478d42656b0fe57"
                },
                "add to cart: status 200 or 201": {
                    "fails": 0,
                    "name": "add to cart: status 200 or 201",
                    "path": "::add to cart: status 200 or 201",
                    "id": "1788e10b98590b202bef7a8dbc573220",
                    "passes": 7396
                },
                "get cart: status 200": {
                    "id": "28c7dad2666418e7df7959192396d5c0",
                    "passes": 7396,
                    "fails": 0,
                    "name": "get cart: status 200",
                    "path": "::get cart: status 200"
                },
                "create order: status 201": {
                    "id": "1bcfa49d77d46f40d66acd4c4ffcf2a7",
                    "passes": 7396,
                    "fails": 0,
                    "name": "create order: status 201",
                    "path": "::create order: status 201"
                },
                "home page: status 200": {
                    "path": "::home page: status 200",
                    "id": "8d960afda292b63e7c50c7370794be43",
                    "passes": 7396,
                    "fails": 0,
                    "name": "home page: status 200"
                },
                "products page: status 200": {
                    "passes": 7396,
                    "fails": 0,
                    "name": "products page: status 200",
                    "path": "::products page: status 200",
                    "id": "d3ec3a910ae752d937097964558034ff"
                },
                "product detail page: status 200": {
                    "fails": 0,
                    "name": "product detail page: status 200",
                    "path": "::product detail page: status 200",
                    "id": "b24b993fd6b4e43d3aa894d986fa618f",
                    "passes": 7396
                },
                "add to cart (page): status 200": {
                    "passes": 0,
                    "fails": 7396,
                    "name": "add to cart (page): status 200",
                    "path": "::add to cart (page): status 200",
                    "id": "f0cd3e144cbac350e1e6ac88a1b85040"
                },
                "cart page: status 200": {
                    "passes": 7396,
                    "fails": 0,
                    "name": "cart page: status 200",
                    "path": "::cart page: status 200",
                    "id": "71a46f5b7a13213d2d57118ccbab0ff3"
                },
                "checkout page: status 200": {
                    "name": "checkout page: status 200",