{
    "metrics": {
        "vus": {
            "value": 3,
            "min": 1,
            "max": 499
        },
        "http_req_receiving": {
            "avg": 6.3456800810900695,
            "min": 0,
            "med": 0,
            "max": 131.9468,
            "p(90)": 37.24494000000004,
            "p(95)": 52.91798
        },
        "http_req_failed": {
            "passes": 0,
            "fails": 160069,
            "thresholds": {
                "rate<0.05": false
            },
            "value": 0
        },
        "http_req_duration{expected_response:true}": {
            "avg": 150.0839626411114,
            "min": 0,
            "med": 122.961,
            "max": 650.0679,
            "p(90)": 342.59354000000013,
            "p(95)": 412.16368000000006
        },
        "http_req_blocked": {
            "p(95)": 0,
            "avg": 0.0022601359413752828,
            "min": 0,
            "med": 0,
            "max": 9.635,
            "p(90)": 0
        },
        "iteration_duration": {
            "min": 28.6279,
            "med": 1723.5712,
            "max": 4768.3471,
            "p(90)": 4251.965480000001,
            "p(95)": 4514.23306,
            "avg": 1954.4757128482008
        },
        "iterations": {
            "rate": 102.59917815216888,
            "count": 12313
        },
        "http_req_sending": {
            "avg": 0.007426511691832876,
            "min": 0,
            "med": 0,
            "max": 15.6565,
            "p(90)": 0,
            "p(95)": 0
        },
        "vus_max": {
            "max": 500,
            "value": 500,
            "min": 500
        },
        "http_req_duration": {
            "p(90)": 342.59354000000013,
            "p(95)": 412.16368000000006,
            "avg": 150.0839626411114,
            "min": 0,
            "med": 122.961,
            "max": 650.0679,
            "thresholds": {
                "p(95)<2000": false
            }
        },
        "data_received": {
            "count": 8118198870,
            "rate": 67645621.06211857
        },
        "http_reqs": {
            "count": 160069,
            "rate": 1333.7893159781954
        },
        "http_req_tls_handshaking": {
            "p(95)": 0,
            "avg": 0,
            "min": 0,
            "med": 0,
            "max": 0,
            "p(90)": 0
        },
        "http_req_waiting": {
            "med": 107.153,
            "max": 650.0679,
            "p(90)": 342.27606000000003,
            "p(95)": 411.80302000000006,
            "avg": 143.7308560483309,
            "min": 0
        },
        "http_req_connecting": {
            "med": 0,
            "max": 1.3965,
            "p(90)": 0,
            "p(95)": 0,
            "avg": 0.00025874841474614075,
            "min": 0
        },
        "checks": {
            "passes": 160069,
            "fails": 0,
            "value": 1
        },
        "data_sent": {
            "count": 17654244,
            "rate": 147105.5734019214
        }
    },
    "root_group": {
        "checks": {
            "list products: status 200": {
                "fails": 0,
                "name": "list products: status 200",
                "path": "::list products: status 200",
                "id": "924a40c79df3d6bc39fdcdfcc923816e",
                "passes": 12313
            },
            "list products: has data": {
                "path": "::list products: has data",
                "id": "4290724cf781171eb17f384ed5f458d4",
                "passes": 12313,
                "fails": 0,
                "name": "list products: has data"
            },
            "get product: status 200 or 404": {
                "path": "::get product: status 200 or 404",
                "id": "2cbbbbbba72fe3cd0c1b28772a24e4c9",
                "passes": 12313,
                "fails": 0,
                "name": "get product: status 200 or 404"
            },
            "search: status 200": {
                "passes": 12313,
                "fails": 0,
                "name": "search: status 200",
                "path": "::search: status 200",
                "id": "cd68838b4cc6f7786becc08340f51f71"
            },
            "category filter: status 200": {
                "name": "category filter: status 200",
                "path": "::category filter: status 200",
                "id": "08bdd22fe49b26bd9062a4063e91365b",
                "passes": 12313,
                "fails": 0
            },
            "reviews by product: status 200": {
                "name": "reviews by product: status 200",
                "path": "::reviews by product: status 200",
                "id": "ff38d5a6484e85363435e2bde0050fd7",
                "passes": 12313,
                "fails": 0
            },
            "average rating: status 200": {
                "name": "average rating: status 200",
                "path": "::average rating: status 200",
                "id": "410881361114124b5478d42656b0fe57",
                "passes": 12313,
                "fails": 0
            },
            "add to cart: status 200 or 201": {
                "name": "add to cart: status 200 or 201",
                "path": "::add to cart: status 200 or 201",
                "id": "1788e10b98590b202bef7a8dbc573220",
                "passes": 12313,
                "fails": 0
            },
            "get cart: status 200": {
                "id": "28c7dad2666418e7df7959192396d5c0",
                "passes": 12313,
                "fails": 0,
                "name": "get cart: status 200",
                "path": "::get cart: status 200"
            },
            "create order: status 201": {
                "path": "::create order: status 201",
                "id": "1bcfa49d77d46f40d66acd4c4ffcf2a7",
                "passes": 12313,
                "fails": 0,
                "name": "create order: status 201"
            },
            "home page: status 200": {
                "fails": 0,
                "name": "home page: status 200",
                "path": "::home page: status 200",
                "id": "8d960afda292b63e7c50c7370794be43",
                "passes": 12313
            },
            "products page: status 200": {
                "name": "products page: status 200",
                "path": "::products page: status 200",
                "id": "d3ec3a910ae752d937097964558034ff",
                "passes": 12313,
                "fails": 0
            },
            "product detail page: status 200": {
                "fails": 0,
                "name": "product detail page: status 200",
                "path": "::product detail page: status 200",
                "id": "b24b993fd6b4e43d3aa894d986fa618f",
                "passes": 12313
            }
        },
        "name": "",
        "path": "",
        "id": "d41d8cd98f00b204e9800998ecf8427e",
        "groups": {}
    }
}