{
    "metrics": {
        "iteration_duration": {
            "avg": 3102.1461592926,
            "min": 51.3509,
            "med": 2715.2394999999997,
            "max": 7387.0715,
            "p(90)": 6672.80761,
            "p(95)": 7000.41893
        },
        "http_req_connecting": {
            "min": 0,
            "med": 0,
            "max": 10.6763,
            "p(90)": 0,
            "p(95)": 0,
            "avg": 0.0011201233941852602
        },
        "http_req_receiving": {
            "avg": 5.9394953065133755,
            "min": 0,
            "med": 0,
            "max": 332.1682,
            "p(90)": 4.14014,
            "p(95)": 55.73317000000002
        },
        "http_req_failed": {
            "passes": 15776,
            "fails": 126208,
            "thresholds": {
                "rate<0.05": true
            },
            "value": 0.1111111111111111
        },
        "http_req_blocked": {
            "max": 15.6281,
            "p(90)": 0,
            "p(95)": 0,
            "avg": 0.003371070684020736,
            "min": 0,
            "med": 0
        },
        "http_reqs": {
            "count": 141984,
            "rate": 1182.3250026469161
        },
        "http_req_duration{expected_response:true}": {
            "min": 0.5062,
            "med": 142.0762,
            "max": 1016.4823,
            "p(90)": 445.70635000000004,
            "p(95)": 555.7359,
            "avg": 189.9935431700058
        },
        "http_req_tls_handshaking": {
            "avg": 0,
            "min": 0,
            "med": 0,
            "max": 0,
            "p(90)": 0,
            "p(95)": 0
        },
        "http_req_sending": {
            "avg": 0.00798582727631281,
            "min": 0,
            "med": 0,
            "max": 6.0776,
            "p(90)": 0,
            "p(95)": 0
        },
        "vus": {
            "value": 4,
            "min": 1,
            "max": 500
        },
        "data_sent": {
            "count": 25301705,
            "rate": 210691.61617574157
        },
        "iterations": {
            "count": 7888,
            "rate": 65.68472236927312
        },
        "http_req_waiting": {
            "med": 104.20410000000001,
            "max": 1016.2671,
            "p(90)": 416.9018,
            "p(95)": 541.213685,
            "avg": 166.16573317063984,
            "min": 0
        },
        "checks": {
            "passes": 126208,
            "fails": 15776,
            "value": 0.8888888888888888
        },
        "http_req_duration": {
            "p(90)": 422.98724999999996,
            "p(95)": 541.7076450000001,
            "avg": 172.11321430442837,
            "min": 0,
            "med": 112.3022,
            "max": 1016.4823,
            "thresholds": {
                "p(95)<2000": false
            }
        },
        "data_received": {
            "count": 5273596780,
            "rate": 43914140.51493315
        },
        "vus_max": {
            "value": 500,
            "min": 500,
            "max": 500
        }
    },
    "root_group": {
        "name": "",
        "path": "",
        "id": "d41d8cd98f00b204e9800998ecf8427e",
        "groups": {},
        "checks": {
                "list products: status 200": {
                    "id": "924a40c79df3d6bc39fdcdfcc923816e",
                    "passes": 7888,
                    "fails": 0,
                    "name": "list products: status 200",
                    "path": "::list products: status 200"
                },
                "list products: has data": {
                    "path": "::list products: has data",
                    "id": "4290724cf781171eb17f384ed5f458d4",
                    "passes": 7888,
                    "fails": 0,
                    "name": "list products: has data"
                },
                "get product: status 200 or 404": {
                    "passes": 7888,
                    "fails": 0,
                    "name": "get product: status 200 or 404",
                    "path": "::get product: status 200 or 404",
                    "id": "2cbbbbbba72fe3cd0c1b28772a24e4c9"
                },
                "search: status 200": {
                    "name": "search: status 200",
                    "path": "::search: status 200",
                    "id": "cd68838b4cc6f7786becc08340f51f71",
                    "passes": 7888,
                    "fails": 0
                },
                "category filter: status 200": {
                    "name": "category filter: status 200",
                    "path": "::category filter: status 200",
                    "id": "08bdd22fe49b26bd9062a4063e91365b",
                    "passes": 7888,
                    "fails": 0
                },
                "reviews by product: status 200": {
                    "name": "reviews by product: status 200",
                    "path": "::reviews by product: status 200",
                    "id": "ff38d5a6484e85363435e2bde0050fd7",
                    "passes": 7888,
                    "fails": 0
                },
                "average rating: status 200": {
                    "name": "average rating: status 200",
                    "path": "::average rating: status 200",
                    "id": "410881361114124b5478d42656b0fe57",
                    "passes": 7888,
                    "fails": 0
                },
                "add to cart: status 200 or 201": {
                    "fails": 0,
                    "name": "add to cart: status 200 or 201",
                    "path": "::add to cart: status 200 or 201",
                    "id": "1788e10b98590b202bef7a8dbc573220",
                    "passes": 7888
                },
                "get cart: status 200": {
                    "passes": 7888,
                    "fails": 0,
                    "name": "get cart: status 200",
                    "path": "::get cart: status 200",
                    "id": "28c7dad2666418e7df7959192396d5c0"
                },
                "create order: status 201": {
                    "name": "create order: status 201",
                    "path": "::create order: status 201",
                    "id": "1bcfa49d77d46f40d66acd4c4ffcf2a7",
                    "passes": 7888,
                    "fails": 0
                },
                "home page: status 200": {
                    "name": "home page: status 200",
                    "path": "::home page: status 200",
                    "id": "8d960afda292b63e7c50c7370794be43",
                    "passes": 7888,
                    "fails": 0
                },
                "products page: status 200": {
                    "name": "products page: status 200",
                    "path": "::products page: status 200",
                    "id": "d3ec3a910ae752d937097964558034ff",
                    "passes": 7888,
                    "fails": 0
                },
                "product detail page: status 200": {
                    "name": "product detail page: status 200",
                    "path": "::product detail page: status 200",
                    "id": "b24b993fd6b4e43d3aa894d986fa618f",
                    "passes": 7888,
                    "fails": 0
                },
                "add to cart (page): status 200": {
                    "path": "::add to cart (page): status 200",
                    "id": "f0cd3e144cbac350e1e6ac88a1b85040",
                    "passes": 0,
                    "fails": 7888,
                    "name": "add to cart (page): status 200"
                },
                "cart page: status 200": {
                    "name": "cart page: status 200",
                    "path": "::cart page: status 200",
                    "id": "71a46f5b7a13213d2d57118ccbab0ff3",
                    "passes": 7888,
                    "fails": 0
                },
                "checkout page: status 200": {
                    "name": "checkout page: status 200",