{
    "metrics": {
        "iterations": {
            "count": 7763,
            "rate": 64.67103267308947
        },
        "vus": {
            "value": 4,
            "min": 1,
            "max": 499
        },
        "http_req_receiving": {
            "min": 0,
            "med": 0,
            "max": 292.485,
            "p(90)": 4.891,
            "p(95)": 56.279345000000006,
            "avg": 6.023472985100292
        },
        "http_req_duration{expected_response:true}": {
            "avg": 193.30355980049674,
            "min": 0,
            "med": 146.85559999999998,
            "max": 1024.0778,
            "p(90)": 442.1041600000001,
            "p(95)": 557.4996099999997
        },
        "http_req_blocked": {
            "p(95)": 0,
            "avg": 0.0038632544692057675,
            "min": 0,
            "med": 0,
            "max": 16.1938,
            "p(90)": 0
        },
        "http_req_connecting": {
            "p(90)": 0,
            "p(95)": 0,
            "avg": 0.0017072437631499855,
            "min": 0,
            "med": 0,
            "max": 16.1938
        },
        "http_req_tls_handshaking": {
            "p(95)": 0,
            "avg": 0,
            "min": 0,
            "med": 0,
            "max": 0,
            "p(90)": 0
        },
        "checks": {
            "passes": 124208,
            "fails": 15526,
            "value": 0.8888888888888888
        },
        "http_req_duration": {
            "p(90)": 420.2193,
            "p(95)": 542.9732350000002,
            "avg": 175.12194461476867,
            "min": 0,
            "med": 114.54965000000001,
            "max": 1024.0778,
            "thresholds": {
                "p(95)<2000": false
            }
        },
        "http_req_waiting": {
            "avg": 169.09005149426807,
            "min": 0,
            "med": 105.80199999999999,
            "max": 1023.3211,
            "p(90)": 417.19813999999997,
            "p(95)": 542.588855
        },
        "vus_max": {
            "value": 500,
            "min": 500,
            "max": 500
        },
        "iteration_duration": {
            "med": 2838.7632,
            "max": 7488.9495,
            "p(90)": 6745.773180000001,
            "p(95)": 7149.81582,
            "avg": 3156.365567886129,
            "min": 54.1444
        },
        "data_received": {
            "rate": 43236257.395351894,
            "count": 5190006287
        },
        "http_req_sending": {
            "avg": 0.008420135400117339,
            "min": 0,
            "med": 0,
            "max": 6.5407,
            "p(90)": 0,
            "p(95)": 0
        },
        "data_sent": {
            "count": 24901831,
            "rate": 207449.0694603571
        },
        "http_req_failed": {
            "passes": 15526,
            "fails": 124208,
            "thresholds": {
                "rate<0.05": true
            },
            "value": 0.1111111111111111
        },
        "http_reqs": {
            "count": 139734,
            "rate": 1164.0785881156105
        }
    },
    "root_group": {
        "path": "",
        "id": "d41d8cd98f00b204e9800998ecf8427e",
        "groups": {},
        "checks": {
                "list products: status 200": {
                    "fails": 0,
                    "name": "list products: status 200",
                    "path": "::list products: status 200",
                    "id": "924a40c79df3d6bc39fdcdfcc923816e",
                    "passes": 7763
                },
                "list products: has data": {
                    "name": "list products: has data",
                    "path": "::list products: has data",
                    "id": "4290724cf781171eb17f384ed5f458d4",
                    "passes": 7763,
                    "fails": 0
                },
                "get product: status 200 or 404": {
                    "name": "get product: status 200 or 404",
                    "path": "::get product: status 200 or 404",
                    "id": "2cbbbbbba72fe3cd0c1b28772a24e4c9",
                    "passes": 7763,
                    "fails": 0
                },
                "search: status 200": {
                    "passes": 7763,
                    "fails": 0,
                    "name": "search: status 200",
                    "path": "::search: status 200",
                    "id": "cd68838b4cc6f7786becc08340f51f71"
                },
                "category filter: status 200": {
                    "passes": 7763,
                    "fails": 0,
                    "name": "category filter: status 200",
                    "path": "::category filter: status 200",
                    "id": "08bdd22fe49b26bd9062a4063e91365b"
                },
                "reviews by product: status 200": {
                    "id": "ff38d5a6484e85363435e2bde0050fd7",
                    "passes": 7763,
                    "fails": 0,
                    "name": "reviews by product: status 200",
                    "path": "::reviews by product: status 200"
                },
                "average rating: status 200": {
                    "id": "410881361114124b5478d42656b0fe57",
                    "passes": 7763,
                    "fails": 0,
                    "name": "average rating: status 200",
                    "path": "::average rating: status 200"
                },
                "add to cart: status 200 or 201": {
                    "fails": 0,
                    "name": "add to cart: status 200 or 201",
                    "path": "::add to cart: status 200 or 201",
                    "id": "1788e10b98590b202bef7a8dbc573220",
                    "passes": 7763
                },
                "get cart: status 200": {
                    "name": "get cart: status 200",
                    "path": "::get cart: status 200",
                    "id": "28c7dad2666418e7df7959192396d5c0",
                    "passes": 7763,
                    "fails": 0
                },
                "create order: status 201": {
                    "fails": 0,
                    "name": "create order: status 201",
                    "path": "::create order: status 201",
                    "id": "1bcfa49d77d46f40d66acd4c4ffcf2a7",
                    "passes": 7763
                },
                "home page: status 200": {
                    "name": "home page: status 200",
                    "path": "::home page: status 200",
                    "id": "8d960afda292b63e7c50c7370794be43",
                    "passes": 7763,
                    "fails": 0
                },
                "products page: status 200": {
                    "id": "d3ec3a910ae752d937097964558034ff",
                    "passes": 7763,
                    "fails": 0,
                    "name": "products page: status 200",
                    "path": "::products page: status 200"
                },
                "product detail page: status 200": {
                    "name": "product detail page: status 200",
                    "path": "::product detail page: status 200",
                    "id": "b24b993fd6b4e43d3aa894d986fa618f",
                    "passes": 7763,
                    "fails": 0
                },
                "add to cart (page): status 200": {
                    "id": "f0cd3e144cbac350e1e6ac88a1b85040",
                    "passes": 0,
                    "fails": 7763,
                    "name": "add to cart (page): status 200",
                    "path": "::add to cart (page): status 200"
                },
                "cart page: status 200": {
                    "name": "cart page: status 200",
                    "path": "::cart page: status 200",
                    "id": "71a46f5b7a13213d2d57118ccbab0ff3",
                    "passes": 7763,
                    "fails": 0
                },
                "checkout page: status 200": {
                    "name": "checkout page: status 200",