{
    "metrics": {
        "http_req_failed": {
            "fails": 126512,
            "passes": 15814,
            "thresholds": {
                "rate<0.05": true
            },
            "value": 0.1111111111111111
        },
        "http_req_tls_handshaking": {
            "avg": 0,
            "min": 0,
            "med": 0,
            "max": 0,
            "p(90)": 0,
            "p(95)": 0
        },
        "iterations": {
            "count": 7907,
            "rate": 65.86707980311776
        },
        "data_received": {
            "count": 5286408649,
            "rate": 44036967.289183624
        },
        "http_req_duration{expected_response:true}": {
            "avg": 189.57447742111373,
            "min": 0,
            "med": 140.9115,
            "max": 1011.6368,
            "p(90)": 443.71888000000007,
            "p(95)": 552.9431099999999
        },
        "http_req_sending": {
            "med": 0,
            "max": 13.429,
            "p(90)": 0,
            "p(95)": 0,
            "avg": 0.008122623413852708,
            "min": 0
        },
        "http_req_blocked": {
            "avg": 0.004068593932240063,
            "min": 0,
            "med": 0,
            "max": 39.9179,
            "p(90)": 0,
            "p(95)": 0
        },
        "data_sent": {
            "count": 25361963,
            "rate": 211270.82849180725
        },
        "http_reqs": {
            "count": 142326,
            "rate": 1185.6074364561196
        },
        "http_req_duration": {
            "max": 1011.6368,
            "p(90)": 422.2753,
            "p(95)": 537.0906,
            "avg": 171.81048821156983,
            "min": 0,
            "med": 111.3829,
            "thresholds": {
                "p(95)<2000": false
            }
        },
        "http_req_waiting": {
            "max": 1009.8391,
            "p(90)": 415.9841,
            "p(95)": 536.5367249999999,
            "avg": 165.75962835743258,
            "min": 0,
            "med": 103.82325
        },
        "vus_max": {
            "value": 500,
            "min": 500,
            "max": 500
        },
        "checks": {
            "passes": 126512,
            "fails": 15814,
            "value": 0.8888888888888888
        },
        "iteration_duration": {
            "avg": 3096.6404832553444,
            "min": 51.1089,
            "med": 2747.0067,
            "max": 7415.4389,
            "p(90)": 6656.2662,
            "p(95)": 7091.73069
        },
        "vus": {
            "min": 1,
            "max": 500,
            "value": 4
        },
        "http_req_receiving": {
            "avg": 6.042737230723824,
            "min": 0,
            "med": 0,
            "max": 331.0001,
            "p(90)": 4.63005,
            "p(95)": 56.093025
        },
        "http_req_connecting": {
            "max": 39.9179,
            "p(90)": 0,
            "p(95)": 0,
            "avg": 0.0017735719404746856,
            "min": 0,
            "med": 0
        }
    },
    "root_group": {
        "name": "",
        "path": "",
        "id": "d41d8cd98f00b204e9800998ecf8427e",
        "groups": {},
        "checks": {
                "list products: status 200": {
                    "id": "924a40c79df3d6bc39fdcdfcc923816e",
                    "passes": 7907,
                    "fails": 0,
                    "name": "list products: status 200",
                    "path": "::list products: status 200"
                },
                "list products: has data": {
                    "path": "::list products: has data",
                    "id": "4290724cf781171eb17f384ed5f458d4",
                    "passes": 7907,
                    "fails": 0,
                    "name": "list products: has data"
                },
                "get product: status 200 or 404": {
                    "name": "get product: status 200 or 404",
                    "path": "::get product: status 200 or 404",
                    "id": "2cbbbbbba72fe3cd0c1b28772a24e4c9",
                    "passes": 7907,
                    "fails": 0
                },
                "search: status 200": {
                    "name": "search: status 200",
                    "path": "::search: status 200",
                    "id": "cd68838b4cc6f7786becc08340f51f71",
                    "passes": 7907,
                    "fails": 0
                },
                "category filter: status 200": {
                    "name": "category filter: status 200",
                    "path": "::category filter: status 200",
                    "id": "08bdd22fe49b26bd9062a4063e91365b",
                    "passes": 7907,
                    "fails": 0
                },
                "reviews by product: status 200": {
                    "passes": 7907,
                    "fails": 0,
                    "name": "reviews by product: status 200",
                    "path": "::reviews by product: status 200",
                    "id": "ff38d5a6484e85363435e2bde0050fd7"
                },
                "average rating: status 200": {
                    "name": "average rating: status 200",
                    "path": "::average rating: status 200",
                    "id": "410881361114124b5478d42656b0fe57",
                    "passes": 7907,
                    "fails": 0
                },
                "add to cart: status 200 or 201": {
                    "name": "add to cart: status 200 or 201",
                    "path": "::add to cart: status 200 or 201",
                    "id": "1788e10b98590b202bef7a8dbc573220",
                    "passes": 7907,
                    "fails": 0
                },
                "get cart: status 200": {
                    "passes": 7907,
                    "fails": 0,
                    "name": "get cart: status 200",
                    "path": "::get cart: status 200",
                    "id": "28c7dad2666418e7df7959192396d5c0"
                },
                "create order: status 201": {
                    "name": "create order: status 201",
                    "path": "::create order: status 201",
                    "id": "1bcfa49d77d46f40d66acd4c4ffcf2a7",
                    "passes": 7907,
                    "fails": 0
                },
                "home page: status 200": {
                    "name": "home page: status 200",
                    "path": "::home page: status 200",
                    "id": "8d960afda292b63e7c50c7370794be43",
                    "passes": 7907,
                    "fails": 0
                },
                "products page: status 200": {
                    "id": "d3ec3a910ae752d937097964558034ff",
                    "passes": 7907,
                    "fails": 0,
                    "name": "products page: status 200",
                    "path": "::products page: status 200"
                },
                "product detail page: status 200": {
                    "fails": 0,
                    "name": "product detail page: status 200",
                    "path": "::product detail page: status 200",
                    "id": "b24b993fd6b4e43d3aa894d986fa618f",
                    "passes": 7907
                },
                "add to cart (page): status 200": {
                    "name": "add to cart (page): status 200",
                    "path": "::add to cart (page): status 200",
                    "id": "f0cd3e144cbac350e1e6ac88a1b85040",
                    "passes": 0,
                    "fails": 7907
                },
                "cart page: status 200": {
                    "path": "::cart page: status 200",
                    "id": "71a46f5b7a13213d2d57118ccbab0ff3",
                    "passes": 7907,
                    "fails": 0,
                    "name": "cart page: status 200"
                },
                "checkout page: status 200": {
                    "path": "::checkout page: status 200",