{
    "metrics": {
        "iterations": {
            "count": 1270,
            "rate": 10.452363623149814
        },
        "http_req_waiting": {
            "min": 0,
            "med": 715.4549,
            "max": 9124.7337,
            "p(90)": 3979.8997,
            "p(95)": 4843.7765500000005,
            "avg": 1395.8672954967735
        },
        "checks": {
            "passes": 7620,
            "fails": 0,
            "value": 1
        },
        "http_req_tls_handshaking": {
            "max": 0,
            "p(90)": 0,
            "p(95)": 0,
            "avg": 0,
            "min": 0,
            "med": 0
        },
        "http_req_duration{expected_response:true}": {
            "avg": 1396.524595606992,
            "min": 0,
            "med": 716.6917,
            "max": 9124.7337,
            "p(90)": 3981.8475,
            "p(95)": 4843.7765500000005
        },
        "http_req_sending": {
            "avg": 0.037751976066761145,
            "min": 0,
            "med": 0,
            "max": 81.6812,
            "p(90)": 0,
            "p(95)": 0
        },
        "vus_max": {
            "value": 200,
            "min": 200,
            "max": 200
        },
        "http_req_duration": {
            "avg": 1396.524595606992,
            "min": 0,
            "med": 716.6917,
            "max": 9124.7337,
            "p(90)": 3981.8475,
            "p(95)": 4843.7765500000005,
            "thresholds": {
                "p(95)<2000": true
            }
        },
        "http_req_blocked": {
            "med": 0,
            "max": 46.1528,
            "p(90)": 0,
            "p(95)": 0,
            "avg": 0.05510141709966932,
            "min": 0
        },
        "data_sent": {
            "count": 991760,
            "rate": 8162.390666846503
        },
        "http_reqs": {
            "rate": 52.27004832332635,
            "count": 6351
        },
        "http_req_connecting": {
            "avg": 0.03545514092268934,
            "min": 0,
            "med": 0,
            "max": 13.9626,
            "p(90)": 0,
            "p(95)": 0
        },
        "iteration_duration": {
            "avg": 8137.105477480313,
            "min": 1430.4125,
            "med": 6788.650250000001,
            "max": 22076.3104,
            "p(90)": 16497.238510000003,
            "p(95)": 17988.835515
        },
        "http_req_receiving": {
            "med": 0,
            "max": 227.3074,
            "p(90)": 1.5425,
            "p(95)": 3.43745,
            "avg": 0.6195481341521024,
            "min": 0
        },
        "data_received": {
            "count": 3106093,
            "rate": 25563.790144346673
        },
        "vus": {
            "max": 199,
            "value": 18,
            "min": 1
        },
        "http_req_failed": {
            "passes": 0,
            "fails": 6351,
            "thresholds": {
                "rate<0.05": false
            },
            "value": 0
        }
    },
    "setup_data": {
        "productCount": 1000
    },
    "root_group": {
        "path": "",
        "id": "d41d8cd98f00b204e9800998ecf8427e",
        "groups": {},
        "checks": {
                "create order: status 201": {
                    "path": "::create order: status 201",
                    "id": "1bcfa49d77d46f40d66acd4c4ffcf2a7",
                    "passes": 1270,
                    "fails": 0,
                    "name": "create order: status 201"
                },
                "get order by id: status 200": {
                    "path": "::get order by id: status 200",
                    "id": "05229a3c72e644b755b6ef58616276b1",
                    "passes": 1270,
                    "fails": 0,
                    "name": "get order by id: status 200"
                },
                "orders by customer: status 200": {
                    "fails": 0,
                    "name": "orders by customer: status 200",
                    "path": "::orders by customer: status 200",
                    "id": "a40d104ad4af89a1b8cd3ee45a9c83f6",
                    "passes": 1270
                },
                "orders by customer: has results": {
                    "path": "::orders by customer: has results",
                    "id": "cd29285d74105a7d0fdc6b8d68cd484b",
                    "passes": 1270,
                    "fails": 0,
                    "name": "orders by customer: has results"
                },
                "update to Shipped: status 200 or 204": {
                    "passes": 1270,
                    "fails": 0,
                    "name": "update to Shipped: status 200 or 204",
                    "path": "::update to Shipped: status 200 or 204",
                    "id": "0612ab64fd42e505efc3b1aa01182531"
                },
                "update to Delivered: status 200 or 204": {
                    "fails": 0,
                    "name": "update to Delivered: status 200 or 204",
                    "path": "::update to Delivered: status 200 or 204",
                    "id": "9a46f2a8c6f6049e49f5299369175bd4",
                    "passes": 1270
                }
            },
        "name": ""
    }
}