{
    "metrics": {
        "http_req_tls_handshaking": {
            "avg": 0,
            "min": 0,
            "med": 0,
            "max": 0,
            "p(90)": 0,
            "p(95)": 0
        },
        "iterations": {
            "count": 7413,
            "rate": 61.75893593463982
        },
        "http_req_duration{expected_response:true}": {
            "min": 0.5135,
            "med": 123.524,
            "max": 2039.1447,
            "p(90)": 450.49062000000004,
            "p(95)": 639.3609849999976,
            "avg": 203.48121675435138
        },
        "http_req_receiving": {
            "med": 0,
            "max": 1343.9481,
            "p(90)": 4.165079999999999,
            "p(95)": 54.09127499999998,
            "avg": 6.415877021598653,
            "min": 0
        },
        "vus": {
            "value": 2,
            "min": 1,
            "max": 500
        },
        "data_sent": {
            "count": 23778322,
            "rate": 198101.15540688473
        },
        "http_req_waiting": {
            "avg": 177.85356164845632,
            "min": 0,
            "med": 89.50735,
            "max": 2039.1447,
            "p(90)": 411.58097,
            "p(95)": 590.9593599999995
        },
        "vus_max": {
            "max": 500,
            "value": 500,
            "min": 500
        },
        "http_req_connecting": {
            "avg": 0.0009740673291664785,
            "min": 0,
            "med": 0,
            "max": 2.4441,
            "p(90)": 0,
            "p(95)": 0
        },
        "http_req_blocked": {
            "avg": 0.00322394067479053,
            "min": 0,
            "med": 0,
            "max": 16.9725,
            "p(90)": 0,
            "p(95)": 0
        },
        "http_req_sending": {
            "max": 8.0119,
            "p(90)": 0,
            "p(95)": 0,
            "avg": 0.00829059010447113,
            "min": 0,
            "med": 0
        },
        "data_received": {
            "count": 4956472496,
            "rate": 41293196.727676824
        },
        "iteration_duration": {
            "avg": 3321.0734492243355,
            "min": 46.8766,
            "med": 2649.8949,
            "max": 10180.0372,
            "p(90)": 7686.17582,
            "p(95)": 8644.43268
        },
        "http_req_failed": {
            "passes": 14826,
            "fails": 118608,
            "thresholds": {
                "rate<0.05": true
            },
            "value": 0.1111111111111111
        },
        "checks": {
            "passes": 118608,
            "fails": 14826,
            "value": 0.8888888888888888
        },
        "http_req_duration": {
            "max": 2039.1447,
            "p(90)": 415.7005499999999,
            "p(95)": 600.2974099999997,
            "avg": 184.2777292601597,
            "min": 0,
            "med": 96.24170000000001,
            "thresholds": {
                "p(95)<2000": false
            }
        },
        "http_reqs": {
            "count": 133434,
            "rate": 1111.6608468235167
        }
    },
    "root_group": {
        "name": "",
        "path": "",
        "id": "d41d8cd98f00b204e9800998ecf8427e",
        "groups": {},
        "checks": {
                "list products: status 200": {
                    "name": "list products: status 200",
                    "path": "::list products: status 200",
                    "id": "924a40c79df3d6bc39fdcdfcc923816e",
                    "passes": 7413,
                    "fails": 0
                },
                "list products: has data": {
                    "name": "list products: has data",
                    "path": "::list products: has data",
                    "id": "4290724cf781171eb17f384ed5f458d4",
                    "passes": 7413,
                    "fails": 0
                },
                "get product: status 200 or 404": {
                    "passes": 7413,
                    "fails": 0,
                    "name": "get product: status 200 or 404",
                    "path": "::get product: status 200 or 404",
                    "id": "2cbbbbbba72fe3cd0c1b28772a24e4c9"
                },
                "search: status 200": {
                    "fails": 0,
                    "name": "search: status 200",
                    "path": "::search: status 200",
                    "id": "cd68838b4cc6f7786becc08340f51f71",
                    "passes": 7413
                },
                "category filter: status 200": {
                    "passes": 7413,
                    "fails": 0,
                    "name": "category filter: status 200",
                    "path": "::category filter: status 200",
                    "id": "08bdd22fe49b26bd9062a4063e91365b"
                },
                "reviews by product: status 200": {
                    "path": "::reviews by product: status 200",
                    "id": "ff38d5a6484e85363435e2bde0050fd7",
                    "passes": 7413,
                    "fails": 0,
                    "name": "reviews by product: status 200"
                },
                "average rating: status 200": {
                    "path": "::average rating: status 200",
                    "id": "410881361114124b5478d42656b0fe57",
                    "passes": 7413,
                    "fails": 0,
                    "name": "average rating: status 200"
                },
                "add to cart: status 200 or 201": {
                    "id": "1788e10b98590b202bef7a8dbc573220",
                    "passes": 7413,
                    "fails": 0,
                    "name": "add to cart: status 200 or 201",
                    "path": "::add to cart: status 200 or 201"
                },
                "get cart: status 200": {
                    "name": "get cart: status 200",
                    "path": "::get cart: status 200",
                    "id": "28c7dad2666418e7df7959192396d5c0",
                    "passes": 7413,
                    "fails": 0
                },
                "create order: status 201": {
                    "name": "create order: status 201",
                    "path": "::create order: status 201",
                    "id": "1bcfa49d77d46f40d66acd4c4ffcf2a7",
                    "passes": 7413,
                    "fails": 0
                },
                "home page: status 200": {
                    "passes": 7413,
                    "fails": 0,
                    "name": "home page: status 200",
                    "path": "::home page: status 200",
                    "id": "8d960afda292b63e7c50c7370794be43"
                },
                "products page: status 200": {
                    "path": "::products page: status 200",
                    "id": "d3ec3a910ae752d937097964558034ff",
                    "passes": 7413,
                    "fails": 0,
                    "name": "products page: status 200"
                },
                "product detail page: status 200": {
                    "name": "product detail page: status 200",
                    "path": "::product detail page: status 200",
                    "id": "b24b993fd6b4e43d3aa894d986fa618f",
                    "passes": 7413,
                    "fails": 0
                },
                "add to cart (page): status 200": {
                    "name": "add to cart (page): status 200",
                    "path": "::add to cart (page): status 200",
                    "id": "f0cd3e144cbac350e1e6ac88a1b85040",
                    "passes": 0,
                    "fails": 7413
                },
                "cart page: status 200": {
                    "name": "cart page: status 200",
                    "path": "::cart page: status 200",
                    "id": "71a46f5b7a13213d2d57118ccbab0ff3",
                    "passes": 7413,
                    "fails": 0
                },