{
    "metrics": {
        "http_req_sending": {
            "avg": 0.007378974886483966,
            "min": 0,
            "med": 0,
            "max": 9.3607,
            "p(90)": 0,
            "p(95)": 0
        },
        "checks": {
            "passes": 164294,
            "fails": 0,
            "value": 1
        },
        "http_reqs": {
            "count": 164294,
            "rate": 1368.9348367561956
        },
        "data_received": {
            "count": 8332877458,
            "rate": 69431423.19668771
        },
        "http_req_receiving": {
            "p(90)": 36.91404000000011,
            "p(95)": 53.2138,
            "avg": 6.362869455366588,
            "min": 0,
            "med": 0,
            "max": 140.7373
        },
        "iterations": {
            "count": 12638,
            "rate": 105.30267975047659
        },
        "http_req_duration{expected_response:true}": {
            "min": 0.5118,
            "med": 118.9787,
            "max": 648.569,
            "p(90)": 324.0878500000002,
            "p(95)": 401.363665,
            "avg": 146.08196786127112
        },
        "vus": {
            "max": 499,
            "value": 2,
            "min": 1
        },
        "http_req_failed": {
            "fails": 164294,
            "passes": 0,
            "thresholds": {
                "rate<0.05": false
            },
            "value": 0
        },
        "http_req_waiting": {
            "avg": 139.7117194310181,
            "min": 0,
            "med": 104.4819,
            "max": 648.569,
            "p(90)": 323.8402,
            "p(95)": 400.974575
        },
        "data_sent": {
            "count": 18122267,
            "rate": 150998.8351205594
        },
        "vus_max": {
            "value": 500,
            "min": 500,
            "max": 500
        },
        "http_req_connecting": {
            "p(90)": 0,
            "p(95)": 0,
            "avg": 0.0003877798337127343,
            "min": 0,
            "med": 0,
            "max": 15.6709
        },
        "http_req_duration": {
            "p(90)": 324.0878500000002,
            "p(95)": 401.363665,
            "avg": 146.08196786127112,
            "min": 0.5118,
            "med": 118.9787,
            "max": 648.569,
            "thresholds": {
                "p(95)<2000": false
            }
        },
        "iteration_duration": {
            "min": 27.4648,
            "med": 1705.48045,
            "max": 4680.4876,
            "p(90)": 4105.1989,
            "p(95)": 4420.26785,
            "avg": 1902.4408607374555
        },
        "http_req_blocked": {
            "avg": 0.00217243356422024,
            "min": 0,
            "med": 0,
            "max": 15.6709,
            "p(90)": 0,
            "p(95)": 0
        },
        "http_req_tls_handshaking": {
            "p(90)": 0,
            "p(95)": 0,
            "avg": 0,
            "min": 0,
            "med": 0,
            "max": 0
        }
    },
    "root_group": {
        "name": "",
        "path": "",
        "id": "d41d8cd98f00b204e9800998ecf8427e",
        "groups": {},
        "checks": {
                "list products: status 200": {
                    "name": "list products: status 200",
                    "path": "::list products: status 200",
                    "id": "924a40c79df3d6bc39fdcdfcc923816e",
                    "passes": 12638,
                    "fails": 0
                },
                "list products: has data": {
                    "name": "list products: has data",
                    "path": "::list products: has data",
                    "id": "4290724cf781171eb17f384ed5f458d4",
                    "passes": 12638,
                    "fails": 0
                },
                "get product: status 200 or 404": {
                    "name": "get product: status 200 or 404",
                    "path": "::get product: status 200 or 404",
                    "id": "2cbbbbbba72fe3cd0c1b28772a24e4c9",
                    "passes": 12638,
                    "fails": 0
                },
                "search: status 200": {
                    "name": "search: status 200",
                    "path": "::search: status 200",
                    "id": "cd68838b4cc6f7786becc08340f51f71",
                    "passes": 12638,
                    "fails": 0
                },
                "category filter: status 200": {
                    "name": "category filter: status 200",
                    "path": "::category filter: status 200",
                    "id": "08bdd22fe49b26bd9062a4063e91365b",
                    "passes": 12638,
                    "fails": 0
                },
                "reviews by product: status 200": {
                    "fails": 0,
                    "name": "reviews by product: status 200",
                    "path": "::reviews by product: status 200",
                    "id": "ff38d5a6484e85363435e2bde0050fd7",
                    "passes": 12638
                },
                "average rating: status 200": {
                    "path": "::average rating: status 200",
                    "id": "410881361114124b5478d42656b0fe57",
                    "passes": 12638,
                    "fails": 0,
                    "name": "average rating: status 200"
                },
                "add to cart: status 200 or 201": {
                    "passes": 12638,
                    "fails": 0,
                    "name": "add to cart: status 200 or 201",
                    "path": "::add to cart: status 200 or 201",
                    "id": "1788e10b98590b202bef7a8dbc573220"
                },
                "get cart: status 200": {
                    "name": "get cart: status 200",
                    "path": "::get cart: status 200",
                    "id": "28c7dad2666418e7df7959192396d5c0",
                    "passes": 12638,
                    "fails": 0
                },
                "create order: status 201": {
                    "name": "create order: status 201",
                    "path": "::create order: status 201",
                    "id": "1bcfa49d77d46f40d66acd4c4ffcf2a7",
                    "passes": 12638,
                    "fails": 0
                },
                "home page: status 200": {
                    "passes": 12638,
                    "fails": 0,
                    "name": "home page: status 200",
                    "path": "::home page: status 200",
                    "id": "8d960afda292b63e7c50c7370794be43"
                },
                "products page: status 200": {
                    "name": "products page: status 200",
                    "path": "::products page: status 200",
                    "id": "d3ec3a910ae752d937097964558034ff",
                    "passes": 12638,
                    "fails": 0
                },
                "product detail page: status 200": {
                    "id": "b24b993fd6b4e43d3aa894d986fa618f",
                    "passes": 12638,
                    "fails": 0,
                    "name": "product detail page: status 200",
                    "path": "::product detail page: status 200"
                }
            }
    }
}