{
    "metrics": {
        "http_req_waiting": {
            "avg": 2.0976437344947225,
            "min": 0,
            "med": 1.7522,
            "max": 45.0152,
            "p(90)": 3.8306400000000003,
            "p(95)": 4.4961
        },
        "http_req_duration": {
            "min": 0,
            "med": 2.2149,
            "max": 45.0152,
            "p(90)": 3.9374800000000003,
            "p(95)": 4.6025,
            "avg": 2.4236843247514637,
            "thresholds": {
                "p(95)<1000": false
            }
        },
        "http_req_connecting": {
            "p(90)": 0,
            "p(95)": 0,
            "avg": 0.000298522520535862,
            "min": 0,
            "med": 0,
            "max": 2.0949
        },
        "data_received": {
            "count": 15301146,
            "rate": 125972.3988866514
        },
        "http_reqs": {
            "rate": 448.0082753419194,
            "count": 54417
        },
        "http_req_duration{expected_response:true}": {
            "p(90)": 3.9374800000000003,
            "p(95)": 4.6025,
            "avg": 2.4236843247514637,
            "min": 0,
            "med": 2.2149,
            "max": 45.0152
        },
        "vus_max": {
            "value": 200,
            "min": 200,
            "max": 200
        },
        "http_req_tls_handshaking": {
            "max": 0,
            "p(90)": 0,
            "p(95)": 0,
            "avg": 0,
            "min": 0,
            "med": 0
        },
        "data_sent": {
            "count": 7925124,
            "rate": 65246.543085999845
        },
        "iterations": {
            "rate": 62.82505741099632,
            "count": 7631
        },
        "http_req_failed": {
            "passes": 0,
            "fails": 54417,
            "thresholds": {
                "rate<0.02": false
            },
            "value": 0
        },
        "http_req_receiving": {
            "avg": 0.3237084899939342,
            "min": 0,
            "med": 0,
            "max": 7.5685,
            "p(90)": 1.2089400000000001,
            "p(95)": 1.5611399999999993
        },
        "checks": {
            "passes": 53417,
            "fails": 7631,
            "value": 0.875
        },
        "vus": {
            "min": 0,
            "max": 199,
            "value": 0
        },
        "iteration_duration": {
            "p(90)": 1226.8426,
            "p(95)": 1230.79545,
            "avg": 1219.9201518018638,
            "min": 1209.1419,
            "med": 1218.6338,
            "max": 1282.4624
        },
        "http_req_sending": {
            "avg": 0.0023321002627855257,
            "min": 0,
            "med": 0,
            "max": 1.2834,
            "p(90)": 0,
            "p(95)": 0
        },
        "http_req_blocked": {
            "p(95)": 0,
            "avg": 0.0011610250473197716,
            "min": 0,
            "med": 0,
            "max": 2.0949,
            "p(90)": 0
        }
    },
    "root_group": {
        "checks": {
            "add item 1: status 200 or 201": {
                "fails": 0,
                "name": "add item 1: status 200 or 201",
                "path": "::add item 1: status 200 or 201",
                "id": "34ffb3452c09ac7174d9f647c20645f8",
                "passes": 7631
            },
            "add item 2: status 200 or 201": {
                "fails": 0,
                "name": "add item 2: status 200 or 201",
                "path": "::add item 2: status 200 or 201",
                "id": "859dd62118f40bea70a4a5fe4a82c36c",
                "passes": 7631
            },
            "add item 3: status 200 or 201": {
                "id": "6dfec2b2a8ef0686ff9003fbb64073ff",
                "passes": 7631,
                "fails": 0,
                "name": "add item 3: status 200 or 201",
                "path": "::add item 3: status 200 or 201"
            },
            "get cart: status 200": {
                "id": "28c7dad2666418e7df7959192396d5c0",
                "passes": 7631,
                "fails": 0,
                "name": "get cart: status 200",
                "path": "::get cart: status 200"
            },
            "get cart: has items": {
                "name": "get cart: has items",
                "path": "::get cart: has items",
                "id": "ce5cb3c9d4d19a73e0257c50eea61a4c",
                "passes": 0,
                "fails": 7631
            },
            "update quantity: status 200 or 204": {
                "name": "update quantity: status 200 or 204",
                "path": "::update quantity: status 200 or 204",
                "id": "6cfa842eec59d2c26f64d983e1b9ad16",
                "passes": 7631,
                "fails": 0
            },
            "delete item: status 200 or 204": {
                "name": "delete item: status 200 or 204",
                "path": "::delete item: status 200 or 204",
                "id": "f05e6698ea497656bf987aa1783be142",
                "passes": 7631,
                "fails": 0
            },
            "clear cart session: status 200 or 204": {
                "id": "8f83318937121769e691a83b1b01cd11",
                "passes": 7631,
                "fails": 0,
                "name": "clear cart session: status 200 or 204",
                "path": "::clear cart session: status 200 or 204"
            }
        },
        "name": "",
        "path": "",
        "id": "d41d8cd98f00b204e9800998ecf8427e",
        "groups": {}
    }
}