{
    "root_group": {
        "checks": {
            "status is 200 or 404": {
                "name": "status is 200 or 404",
                "path": "::status is 200 or 404",
                "id": "ef1456c8a1788ec4ce69f9b568c28265",
                "passes": 16302,
                "fails": 0
            }
        },
        "name": "",
        "path": "",
        "id": "d41d8cd98f00b204e9800998ecf8427e",
        "groups": {}
    },
    "metrics": {
        "http_req_connecting": {
            "avg": 0.009650846521899152,
            "min": 0,
            "med": 0,
            "max": 19.0752,
            "p(90)": 0,
            "p(95)": 0
        },
        "checks": {
            "passes": 16302,
            "fails": 0,
            "value": 1
        },
        "data_sent": {
            "count": 1416267,
            "rate": 11768.63081567634
        },
        "http_req_duration": {
            "max": 9115.223,
            "p(90)": 511.9077099999998,
            "p(95)": 1628.035369999999,
            "avg": 267.36849610477196,
            "min": 0,
            "med": 5.060499999999999,
            "thresholds": {
                "p(95)<1000": true
            }
        },
        "data_received": {
            "count": 8988219654,
            "rate": 74688627.77861246
        },
        "iterations": {
            "count": 16302,
            "rate": 135.46331274904782
        },
        "vus_max": {
            "value": 200,
            "min": 200,
            "max": 200
        },
        "http_req_duration{expected_response:true}": {
            "p(90)": 511.9077099999998,
            "p(95)": 1628.035369999999,
            "avg": 267.36849610477196,
            "min": 0,
            "med": 5.060499999999999,
            "max": 9115.223
        },
        "iteration_duration": {
            "avg": 571.3344372162906,
            "min": 300.0044,
            "med": 307.54830000000004,
            "max": 9416.2722,
            "p(90)": 815.4242899999996,
            "p(95)": 1929.5832349999985
        },
        "http_req_sending": {
            "med": 0,
            "max": 151.0789,
            "p(90)": 0,
            "p(95)": 0,
            "avg": 0.021580198748619796,
            "min": 0
        },
        "http_req_receiving": {
            "min": 0,
            "med": 0,
            "max": 7212.2214,
            "p(90)": 6.855059999999954,
            "p(95)": 55.06437499999997,
            "avg": 24.370191068580542
        },
        "http_req_blocked": {
            "min": 0,
            "med": 0,
            "max": 140.7118,
            "p(90)": 0,
            "p(95)": 0,
            "avg": 0.04017983069562019
        },
        "http_reqs": {
            "count": 16302,
            "rate": 135.46331274904782
        },
        "http_req_waiting": {
            "med": 4.3108,
            "max": 6583.9109,
            "p(90)": 468.87577,
            "p(95)": 1506.4744649999964,
            "avg": 242.97672483744321,
            "min": 0
        },
        "http_req_failed": {
            "passes": 0,
            "fails": 16302,
            "thresholds": {
                "rate<0.05": false
            },
            "value": 0
        },
        "http_req_tls_handshaking": {
            "avg": 0,
            "min": 0,
            "med": 0,
            "max": 0,
            "p(90)": 0,
            "p(95)": 0
        },
        "vus": {
            "value": 2,
            "min": 1,
            "max": 200
        }
    }
}