{
    "metrics": {
        "http_reqs": {
            "count": 126594,
            "rate": 1054.704230183522
        },
        "http_req_blocked": {
            "min": 0,
            "med": 0,
            "max": 4.4527,
            "p(90)": 0,
            "p(95)": 0,
            "avg": 0.0023425186027773827
        },
        "http_req_sending": {
            "p(95)": 0,
            "avg": 0.0073271671643206065,
            "min": 0,
            "med": 0,
            "max": 15.2361,
            "p(90)": 0
        },
        "http_req_waiting": {
            "avg": 188.37953961325184,
            "min": 0,
            "med": 137.79065,
            "max": 899.5228,
            "p(90)": 442.2436599999999,
            "p(95)": 535.497925
        },
        "vus_max": {
            "value": 500,
            "min": 500,
            "max": 500
        },
        "http_req_failed": {
            "passes": 0,
            "fails": 126594,
            "thresholds": {
                "rate<0.05": false
            },
            "value": 0
        },
        "checks": {
            "passes": 126594,
            "fails": 0,
            "value": 1
        },
        "http_req_duration{expected_response:true}": {
            "avg": 194.0978687970997,
            "min": 0,
            "med": 153.1211,
            "max": 899.5228,
            "p(90)": 443.16822,
            "p(95)": 536.388415
        },
        "iterations": {
            "rate": 58.594679454640115,
            "count": 7033
        },
        "http_req_tls_handshaking": {
            "max": 0,
            "p(90)": 0,
            "p(95)": 0,
            "avg": 0,
            "min": 0,
            "med": 0
        },
        "data_sent": {
            "rate": 212540.88985715993,
            "count": 25510850
        },
        "data_received": {
            "count": 5259724852,
            "rate": 43820829.194162436
        },
        "http_req_duration": {
            "min": 0,
            "med": 153.1211,
            "max": 899.5228,
            "p(90)": 443.16822,
            "p(95)": 536.388415,
            "avg": 194.0978687970997,
            "thresholds": {
                "p(95)<2000": false
            }
        },
        "http_req_receiving": {
            "avg": 5.711002016683271,
            "min": 0,
            "med": 0,
            "max": 213.5629,
            "p(90)": 8.283619999999987,
            "p(95)": 54.99854999999994
        },
        "iteration_duration": {
            "med": 3145.8697,
            "max": 8392.9568,
            "p(90)": 7642.8173400000005,
            "p(95)": 8072.899579999999,
            "avg": 3497.397415996021,
            "min": 38.6694
        },
        "vus": {
            "value": 2,
            "min": 1,
            "max": 500
        },
        "http_req_connecting": {
            "avg": 0.000722470259253994,
            "min": 0,
            "med": 0,
            "max": 4.3277,
            "p(90)": 0,
            "p(95)": 0
        }
    },
    "root_group": {
        "path": "",
        "id": "d41d8cd98f00b204e9800998ecf8427e",
        "groups": {},
        "checks": {
                "list products: status 200": {
                    "passes": 7033,
                    "fails": 0,
                    "name": "list products: status 200",
                    "path": "::list products: status 200",
                    "id": "924a40c79df3d6bc39fdcdfcc923816e"
                },
                "list products: has data": {
                    "id": "4290724cf781171eb17f384ed5f458d4",
                    "passes": 7033,
                    "fails": 0,
                    "name": "list products: has data",
                    "path": "::list products: has data"
                },
                "get product: status 200 or 404": {
                    "path": "::get product: status 200 or 404",
                    "id": "2cbbbbbba72fe3cd0c1b28772a24e4c9",
                    "passes": 7033,
                    "fails": 0,
                    "name": "get product: status 200 or 404"
                },
                "search: status 200": {
                    "name": "search: status 200",
                    "path": "::search: status 200",
                    "id": "cd68838b4cc6f7786becc08340f51f71",
                    "passes": 7033,
                    "fails": 0
                },
                "category filter: status 200": {
                    "name": "category filter: status 200",
                    "path": "::category filter: status 200",
                    "id": "08bdd22fe49b26bd9062a4063e91365b",
                    "passes": 7033,
                    "fails": 0
                },
                "reviews by product: status 200": {
                    "name": "reviews by product: status 200",
                    "path": "::reviews by product: status 200",
                    "id": "ff38d5a6484e85363435e2bde0050fd7",
                    "passes": 7033,
                    "fails": 0
                },
                "average rating: status 200": {
                    "passes": 7033,
                    "fails": 0,
                    "name": "average rating: status 200",
                    "path": "::average rating: status 200",
                    "id": "410881361114124b5478d42656b0fe57"
                },
                "add to cart: status 200 or 201": {
                    "id": "1788e10b98590b202bef7a8dbc573220",
                    "passes": 7033,
                    "fails": 0,
                    "name": "add to cart: status 200 or 201",
                    "path": "::add to cart: status 200 or 201"
                },
                "get cart: status 200": {
                    "name": "get cart: status 200",
                    "path": "::get cart: status 200",
                    "id": "28c7dad2666418e7df7959192396d5c0",
                    "passes": 7033,
                    "fails": 0
                },
                "create order: status 201": {
                    "fails": 0,
                    "name": "create order: status 201",
                    "path": "::create order: status 201",
                    "id": "1bcfa49d77d46f40d66acd4c4ffcf2a7",
                    "passes": 7033
                },
                "home page: status 200": {
                    "name": "home page: status 200",
                    "path": "::home page: status 200",
                    "id": "8d960afda292b63e7c50c7370794be43",
                    "passes": 7033,
                    "fails": 0
                },
                "products page: status 200": {
                    "id": "d3ec3a910ae752d937097964558034ff",
                    "passes": 7033,
                    "fails": 0,
                    "name": "products page: status 200",
                    "path": "::products page: status 200"
                },
                "product detail page: status 200": {
                    "path": "::product detail page: status 200",
                    "id": "b24b993fd6b4e43d3aa894d986fa618f",
                    "passes": 7033,
                    "fails": 0,
                    "name": "product detail page: status 200"
                },
                "add to cart (page): status 200": {
                    "name": "add to cart (page): status 200",
                    "path": "::add to cart (page): status 200",
                    "id": "f0cd3e144cbac350e1e6ac88a1b85040",
                    "passes": 7033,
                    "fails": 0
                },
                "cart page: status 200": {
                    "fails": 0,
                    "name": "cart page: status 200",
                    "path": "::cart page: status 200",
                    "id": "71a46f5b7a13213d2d57118ccbab0ff3",
                    "passes": 7033
                },
                "checkout page: status 200": {
                    "name": "checkout page: status 200",
                    "path": "::checkout page: status 200",