{
    "metrics": {
        "http_req_connecting": {
            "avg": 0.0007374933757286698,
            "min": 0,
            "med": 0,
            "max": 1.2934,
            "p(90)": 0,
            "p(95)": 0
        },
        "iterations": {
            "count": 7548,
            "rate": 160.37437038319334
        },
        "checks": {
            "passes": 37740,
            "fails": 0,
            "value": 1
        },
        "http_req_duration": {
            "avg": 42.783663585055855,
            "min": 0.5087,
            "med": 43.63890000000001,
            "max": 156.4113,
            "p(90)": 58.3256,
            "p(95)": 62.9237,
            "thresholds": {
                "p(95)<2000": false
            }
        },
        "http_req_blocked": {
            "p(95)": 0,
            "avg": 0.002732109167991522,
            "min": 0,
            "med": 0,
            "max": 3.0065,
            "p(90)": 0
        },
        "data_received": {
            "count": 4496646326,
            "rate": 95541444.5373807
        },
        "vus_max": {
            "value": 100,
            "min": 100,
            "max": 100
        },
        "http_req_sending": {
            "p(90)": 0,
            "p(95)": 0,
            "avg": 0.008483950715421296,
            "min": 0,
            "med": 0,
            "max": 5.5118
        },
        "http_req_waiting": {
            "min": 0.5056,
            "med": 33.31785,
            "max": 146.7383,
            "p(90)": 52.11294,
            "p(95)": 57.225214999999956,
            "avg": 34.80733864599879
        },
        "data_sent": {
            "count": 3312386,
            "rate": 70379.14933970643
        },
        "iteration_duration": {
            "p(95)": 469.7449199999999,
            "avg": 414.58477362215143,
            "min": 215.7586,
            "med": 420.0136,
            "max": 578.7775,
            "p(90)": 455.31278000000003
        },
        "http_req_failed": {
            "passes": 0,
            "fails": 37740,
            "thresholds": {
                "rate<0.10": false
            },
            "value": 0
        },
        "http_req_receiving": {
            "avg": 7.967840988341248,
            "min": 0,
            "med": 0.45030000000000003,
            "max": 115.9975,
            "p(90)": 23.789909999999995,
            "p(95)": 26.9026
        },
        "http_reqs": {
            "count": 37740,
            "rate": 801.8718519159667
        },
        "http_req_tls_handshaking": {
            "max": 0,
            "p(90)": 0,
            "p(95)": 0,
            "avg": 0,
            "min": 0,
            "med": 0
        },
        "vus": {
            "value": 1,
            "min": 1,
            "max": 100
        },
        "http_req_duration{expected_response:true}": {
            "max": 156.4113,
            "p(90)": 58.3256,
            "p(95)": 62.9237,
            "avg": 42.783663585055855,
            "min": 0.5087,
            "med": 43.63890000000001
        }
    },
    "root_group": {
        "id": "d41d8cd98f00b204e9800998ecf8427e",
        "groups": {},
        "checks": {
                "list: status 200": {
                    "fails": 0,
                    "name": "list: status 200",
                    "path": "::list: status 200",
                    "id": "ae210d7a519f353e769d3b3d185c78c3",
                    "passes": 7548
                },
                "search: status 200": {
                    "name": "search: status 200",
                    "path": "::search: status 200",
                    "id": "cd68838b4cc6f7786becc08340f51f71",
                    "passes": 7548,
                    "fails": 0
                },
                "reviews: status 200": {
                    "name": "reviews: status 200",
                    "path": "::reviews: status 200",
                    "id": "b08007dd4d1dafe552104d04bed0f5a0",
                    "passes": 7548,
                    "fails": 0
                },
                "home page: status 200": {
                    "fails": 0,
                    "name": "home page: status 200",
                    "path": "::home page: status 200",
                    "id": "8d960afda292b63e7c50c7370794be43",
                    "passes": 7548
                },
                "detail page: status 200": {
                    "name": "detail page: status 200",
                    "path": "::detail page: status 200",
                    "id": "524bbb29a3adff2402c98e609fee384d",
                    "passes": 7548,
                    "fails": 0
                }
            },
        "name": "",
        "path": ""
    }
}