{
    "metrics": {
        "vus_max": {
            "value": 500,
            "min": 500,
            "max": 500
        },
        "http_req_waiting": {
            "p(95)": 533.553425,
            "avg": 188.28420496721708,
            "min": 0,
            "med": 139.3641,
            "max": 918.452,
            "p(90)": 444.3964200000001
        },
        "data_received": {
            "count": 5873349086,
            "rate": 48930940.98763311
        },
        "vus": {
            "value": 4,
            "min": 1,
            "max": 500
        },
        "iteration_duration": {
            "p(95)": 8005.550325,
            "avg": 3507.065151525087,
            "min": 39.0351,
            "med": 3224.5744999999997,
            "max": 8421.7507,
            "p(90)": 7564.911050000001
        },
        "data_sent": {
            "rate": 212044.58824537395,
            "count": 25452441
        },
        "http_reqs": {
            "count": 126288,
            "rate": 1052.1068278021658
        },
        "http_req_tls_handshaking": {
            "avg": 0,
            "min": 0,
            "med": 0,
            "max": 0,
            "p(90)": 0,
            "p(95)": 0
        },
        "http_req_blocked": {
            "max": 4.396,
            "p(90)": 0,
            "p(95)": 0,
            "avg": 0.0024333586722412267,
            "min": 0,
            "med": 0
        },
        "http_req_receiving": {
            "avg": 6.342657452806244,
            "min": 0,
            "med": 0,
            "max": 332.338,
            "p(90)": 19.680770000000045,
            "p(95)": 56.475339999999996
        },
        "http_req_duration": {
            "avg": 194.63402597475553,
            "min": 0,
            "med": 156.52519999999998,
            "max": 918.6305,
            "p(90)": 446.43883000000005,
            "p(95)": 535.9869399999999,
            "thresholds": {
                "p(95)<2000": false
            }
        },
        "http_req_connecting": {
            "p(90)": 0,
            "p(95)": 0,
            "avg": 0.0006988375776004052,
            "min": 0,
            "med": 0,
            "max": 4.3595
        },
        "checks": {
            "passes": 126288,
            "fails": 0,
            "value": 1
        },
        "http_req_sending": {
            "min": 0,
            "med": 0,
            "max": 7.5118,
            "p(90)": 0,
            "p(95)": 0,
            "avg": 0.007163554732041053
        },
        "iterations": {
            "count": 7016,
            "rate": 58.45037932234255
        },
        "http_req_failed": {
            "passes": 0,
            "fails": 126288,
            "thresholds": {
                "rate<0.05": false
            },
            "value": 0
        },
        "http_req_duration{expected_response:true}": {
            "avg": 194.63402597475553,
            "min": 0,
            "med": 156.52519999999998,
            "max": 918.6305,
            "p(90)": 446.43883000000005,
            "p(95)": 535.9869399999999
        }
    },
    "root_group": {
        "groups": {},
        "checks": {
                "list products: status 200": {
                    "name": "list products: status 200",
                    "path": "::list products: status 200",
                    "id": "924a40c79df3d6bc39fdcdfcc923816e",
                    "passes": 7016,
                    "fails": 0
                },
                "list products: has data": {
                    "name": "list products: has data",
                    "path": "::list products: has data",
                    "id": "4290724cf781171eb17f384ed5f458d4",
                    "passes": 7016,
                    "fails": 0
                },
                "get product: status 200 or 404": {
                    "name": "get product: status 200 or 404",
                    "path": "::get product: status 200 or 404",
                    "id": "2cbbbbbba72fe3cd0c1b28772a24e4c9",
                    "passes": 7016,
                    "fails": 0
                },
                "search: status 200": {
                    "path": "::search: status 200",
                    "id": "cd68838b4cc6f7786becc08340f51f71",
                    "passes": 7016,
                    "fails": 0,
                    "name": "search: status 200"
                },
                "category filter: status 200": {
                    "fails": 0,
                    "name": "category filter: status 200",
                    "path": "::category filter: status 200",
                    "id": "08bdd22fe49b26bd9062a4063e91365b",
                    "passes": 7016
                },
                "reviews by product: status 200": {
                    "passes": 7016,
                    "fails": 0,
                    "name": "reviews by product: status 200",
                    "path": "::reviews by product: status 200",
                    "id": "ff38d5a6484e85363435e2bde0050fd7"
                },
                "average rating: status 200": {
                    "fails": 0,
                    "name": "average rating: status 200",
                    "path": "::average rating: status 200",
                    "id": "410881361114124b5478d42656b0fe57",
                    "passes": 7016
                },
                "add to cart: status 200 or 201": {
                    "id": "1788e10b98590b202bef7a8dbc573220",
                    "passes": 7016,
                    "fails": 0,
                    "name": "add to cart: status 200 or 201",
                    "path": "::add to cart: status 200 or 201"
                },
                "get cart: status 200": {
                    "name": "get cart: status 200",
                    "path": "::get cart: status 200",
                    "id": "28c7dad2666418e7df7959192396d5c0",
                    "passes": 7016,
                    "fails": 0
                },
                "create order: status 201": {
                    "fails": 0,
                    "name": "create order: status 201",
                    "path": "::create order: status 201",
                    "id": "1bcfa49d77d46f40d66acd4c4ffcf2a7",
                    "passes": 7016
                },
                "home page: status 200": {
                    "name": "home page: status 200",
                    "path": "::home page: status 200",
                    "id": "8d960afda292b63e7c50c7370794be43",
                    "passes": 7016,
                    "fails": 0
                },
                "products page: status 200": {
                    "name": "products page: status 200",
                    "path": "::products page: status 200",
                    "id": "d3ec3a910ae752d937097964558034ff",
                    "passes": 7016,
                    "fails": 0
                },
                "product detail page: status 200": {
                    "name": "product detail page: status 200",
                    "path": "::product detail page: status 200",
                    "id": "b24b993fd6b4e43d3aa894d986fa618f",
                    "passes": 7016,
                    "fails": 0
                },
                "add to cart (page): status 200": {
                    "name": "add to cart (page): status 200",
                    "path": "::add to cart (page): status 200",
                    "id": "f0cd3e144cbac350e1e6ac88a1b85040",
                    "passes": 7016,
                    "fails": 0
                },
                "cart page: status 200": {
                    "name": "cart page: status 200",
                    "path": "::cart page: status 200",
                    "id": "71a46f5b7a13213d2d57118ccbab0ff3",
                    "passes": 7016,
                    "fails": 0
                },
                "checkout page: status 200": {
                    "name": "checkout page: status 200",
                    "path": "::checkout page: status 200",