{
    "metrics": {
        "http_req_sending": {
            "min": 0,
            "med": 0,
            "max": 7.398,
            "p(90)": 0,
            "p(95)": 0,
            "avg": 0.0027171033034646104
        },
        "iterations": {
            "count": 10239,
            "rate": 84.91593545481942
        },
        "http_req_duration{expected_response:true}": {
            "max": 26.1513,
            "p(90)": 1.5668,
            "p(95)": 1.6999,
            "avg": 1.0956478184437488,
            "min": 0,
            "med": 1.0947
        },
        "http_req_receiving": {
            "avg": 0.20860038332885522,
            "min": 0,
            "med": 0,
            "max": 15.6367,
            "p(90)": 0.6951400000000002,
            "p(95)": 0.8271
        },
        "checks": {
            "fails": 0,
            "passes": 51195,
            "value": 1
        },
        "data_sent": {
            "count": 7217759,
            "rate": 59859.63056670006
        },
        "http_req_tls_handshaking": {
            "avg": 0,
            "min": 0,
            "med": 0,
            "max": 0,
            "p(90)": 0,
            "p(95)": 0
        },
        "http_req_waiting": {
            "max": 26.1513,
            "p(90)": 1.3715,
            "p(95)": 1.601,
            "avg": 0.8843303318114195,
            "min": 0,
            "med": 0.6874
        },
        "iteration_duration": {
            "avg": 905.9238513917386,
            "min": 902.7951,
            "med": 905.6379,
            "max": 936.865,
            "p(90)": 906.99822,
            "p(95)": 907.6196
        },
        "http_req_duration": {
            "avg": 1.0956478184437488,
            "min": 0,
            "med": 1.0947,
            "max": 26.1513,
            "p(90)": 1.5668,
            "p(95)": 1.6999,
            "thresholds": {
                "p(95)<1500": false
            }
        },
        "http_reqs": {
            "count": 40957,
            "rate": 339.67203520099997
        },
        "http_req_failed": {
            "passes": 0,
            "fails": 40957,
            "thresholds": {
                "rate<0.03": false
            },
            "value": 0
        },
        "vus": {
            "value": 6,
            "min": 1,
            "max": 199
        },
        "vus_max": {
            "max": 200,
            "value": 200,
            "min": 200
        },
        "http_req_blocked": {
            "max": 2.4194,
            "p(90)": 0,
            "p(95)": 0,
            "avg": 0.0015200234392167382,
            "min": 0,
            "med": 0
        },
        "data_received": {
            "rate": 78086.74198219451,
            "count": 9415549
        },
        "http_req_connecting": {
            "p(95)": 0,
            "avg": 0.0006104255682789267,
            "min": 0,
            "med": 0,
            "max": 0.5789,
            "p(90)": 0
        }
    },
    "root_group": {
        "id": "d41d8cd98f00b204e9800998ecf8427e",
        "groups": {},
        "checks": {
                "create product: status 201": {
                    "name": "create product: status 201",
                    "path": "::create product: status 201",
                    "id": "d93f8db8db344695f776e44ec6b18c58",
                    "passes": 10239,
                    "fails": 0
                },
                "get created product: status 200": {
                    "name": "get created product: status 200",
                    "path": "::get created product: status 200",
                    "id": "afdc866b141a243ae294ef9ad1f445e9",
                    "passes": 10239,
                    "fails": 0
                },
                "get created product: name matches": {
                    "id": "c11a53a8914fcb33931d909ab82d155e",
                    "passes": 10239,
                    "fails": 0,
                    "name": "get created product: name matches",
                    "path": "::get created product: name matches"
                },
                "update product: status 200 or 204": {
                    "id": "fed812f077cab05d9d142603607e1679",
                    "passes": 10239,
                    "fails": 0,
                    "name": "update product: status 200 or 204",
                    "path": "::update product: status 200 or 204"
                },
                "delete product: status 200 or 204": {
                    "passes": 10239,
                    "fails": 0,
                    "name": "delete product: status 200 or 204",
                    "path": "::delete product: status 200 or 204",
                    "id": "bc7117db1fa07e5c01728435a48a565a"
                }
            },
        "name": "",
        "path": ""
    }
}