{
    "metrics": {
        "http_req_connecting": {
            "avg": 0.009994879531243159,
            "min": 0,
            "med": 0,
            "max": 28.2002,
            "p(90)": 0,
            "p(95)": 0
        },
        "vus": {
            "value": 36,
            "min": 1,
            "max": 500
        },
        "data_received": {
            "count": 2024694215,
            "rate": 15119297.527486652
        },
        "http_req_waiting": {
            "min": 0,
            "med": 365.02554999999995,
            "max": 18762.4393,
            "p(90)": 1643.4275200000013,
            "p(95)": 2201.435775000001,
            "avg": 636.7316825331241
        },
        "http_req_duration": {
            "avg": 648.1509240325341,
            "min": 0,
            "med": 389.51495,
            "max": 19664.7179,
            "p(90)": 1647.01288,
            "p(95)": 2203.8414900000002,
            "thresholds": {
                "p(95)<2000": true
            }
        },
        "checks": {
            "passes": 45738,
            "fails": 0,
            "value": 1
        },
        "http_req_receiving": {
            "med": 0,
            "max": 902.2786,
            "p(90)": 20.2437500000001,
            "p(95)": 75.18448000000002,
            "avg": 11.394714554637256,
            "min": 0
        },
        "iteration_duration": {
            "avg": 11676.51226839827,
            "min": 208.0085,
            "med": 9642.7353,
            "max": 39092.3905,
            "p(90)": 25031.9538,
            "p(95)": 25889.5278
        },
        "http_req_failed": {
            "passes": 0,
            "fails": 45738,
            "thresholds": {
                "rate<0.05": false
            },
            "value": 0
        },
        "http_reqs": {
            "count": 45738,
            "rate": 341.54610863655006
        },
        "http_req_sending": {
            "max": 15.6119,
            "p(90)": 0,
            "p(95)": 0,
            "avg": 0.024526944772399344,
            "min": 0,
            "med": 0
        },
        "vus_max": {
            "value": 500,
            "min": 500,
            "max": 500
        },
        "data_sent": {
            "rate": 68815.15622274802,
            "count": 9215352
        },
        "http_req_blocked": {
            "med": 0,
            "max": 28.2002,
            "p(90)": 0,
            "p(95)": 0,
            "avg": 0.017205898814989726,
            "min": 0
        },
        "http_req_duration{expected_response:true}": {
            "avg": 648.1509240325341,
            "min": 0,
            "med": 389.51495,
            "max": 19664.7179,
            "p(90)": 1647.01288,
            "p(95)": 2203.8414900000002
        },
        "http_req_tls_handshaking": {
            "avg": 0,
            "min": 0,
            "med": 0,
            "max": 0,
            "p(90)": 0,
            "p(95)": 0
        },
        "iterations": {
            "rate": 18.97478381314167,
            "count": 2541
        }
    },
    "root_group": {
        "name": "",
        "path": "",
        "id": "d41d8cd98f00b204e9800998ecf8427e",
        "groups": {},
        "checks": {
                "list products: status 200": {
                    "name": "list products: status 200",
                    "path": "::list products: status 200",
                    "id": "924a40c79df3d6bc39fdcdfcc923816e",
                    "passes": 2541,
                    "fails": 0
                },
                "list products: has data": {
                    "passes": 2541,
                    "fails": 0,
                    "name": "list products: has data",
                    "path": "::list products: has data",
                    "id": "4290724cf781171eb17f384ed5f458d4"
                },
                "get product: status 200 or 404": {
                    "name": "get product: status 200 or 404",
                    "path": "::get product: status 200 or 404",
                    "id": "2cbbbbbba72fe3cd0c1b28772a24e4c9",
                    "passes": 2541,
                    "fails": 0
                },
                "search: status 200": {
                    "name": "search: status 200",
                    "path": "::search: status 200",
                    "id": "cd68838b4cc6f7786becc08340f51f71",
                    "passes": 2541,
                    "fails": 0
                },
                "category filter: status 200": {
                    "name": "category filter: status 200",
                    "path": "::category filter: status 200",
                    "id": "08bdd22fe49b26bd9062a4063e91365b",
                    "passes": 2541,
                    "fails": 0
                },
                "reviews by product: status 200": {
                    "fails": 0,
                    "name": "reviews by product: status 200",
                    "path": "::reviews by product: status 200",
                    "id": "ff38d5a6484e85363435e2bde0050fd7",
                    "passes": 2541
                },
                "average rating: status 200": {
                    "name": "average rating: status 200",
                    "path": "::average rating: status 200",
                    "id": "410881361114124b5478d42656b0fe57",
                    "passes": 2541,
                    "fails": 0
                },
                "add to cart: status 200 or 201": {
                    "fails": 0,
                    "name": "add to cart: status 200 or 201",
                    "path": "::add to cart: status 200 or 201",
                    "id": "1788e10b98590b202bef7a8dbc573220",
                    "passes": 2541
                },
                "get cart: status 200": {
                    "name": "get cart: status 200",
                    "path": "::get cart: status 200",
                    "id": "28c7dad2666418e7df7959192396d5c0",
                    "passes": 2541,
                    "fails": 0
                },
                "create order: status 201": {
                    "id": "1bcfa49d77d46f40d66acd4c4ffcf2a7",
                    "passes": 2541,
                    "fails": 0,
                    "name": "create order: status 201",
                    "path": "::create order: status 201"
                },
                "home page: status 200": {
                    "passes": 2541,
                    "fails": 0,
                    "name": "home page: status 200",
                    "path": "::home page: status 200",
                    "id": "8d960afda292b63e7c50c7370794be43"
                },
                "products page: status 200": {
                    "name": "products page: status 200",
                    "path": "::products page: status 200",
                    "id": "d3ec3a910ae752d937097964558034ff",
                    "passes": 2541,
                    "fails": 0
                },
                "product detail page: status 200": {
                    "path": "::product detail page: status 200",
                    "id": "b24b993fd6b4e43d3aa894d986fa618f",
                    "passes": 2541,
                    "fails": 0,
                    "name": "product detail page: status 200"
                },
                "add to cart (page): status 200": {
                    "id": "f0cd3e144cbac350e1e6ac88a1b85040",
                    "passes": 2541,
                    "fails": 0,
                    "name": "add to cart (page): status 200",
                    "path": "::add to cart (page): status 200"
                },
                "cart page: status 200": {
                    "name": "cart page: status 200",
                    "path": "::cart page: status 200",
                    "id": "71a46f5b7a13213d2d57118ccbab0ff3",
                    "passes": 2541,
                    "fails": 0
                },
                "checkout page: status 200": {
                    "name": "checkout page: status 200",