{
    "metrics": {
        "http_req_connecting": {
            "p(95)": 0,
            "avg": 0.010381608051316082,
            "min": 0,
            "med": 0,
            "max": 10.7914,
            "p(90)": 0
        },
        "http_req_sending": {
            "avg": 0.016766589250165883,
            "min": 0,
            "med": 0,
            "max": 42.6069,
            "p(90)": 0,
            "p(95)": 0
        },
        "vus": {
            "value": 1,
            "min": 1,
            "max": 200
        },
        "vus_max": {
            "value": 200,
            "min": 200,
            "max": 200
        },
        "http_reqs": {
            "count": 18084,
            "rate": 147.03850892934724
        },
        "http_req_receiving": {
            "avg": 0.523393187347932,
            "min": 0,
            "med": 0,
            "max": 34.9206,
            "p(90)": 1.2212400000000008,
            "p(95)": 3.4833399999999908
        },
        "data_received": {
            "count": 218086625,
            "rate": 1773232.2582080127
        },
        "http_req_duration{expected_response:true}": {
            "avg": 503.0251418415444,
            "min": 0,
            "med": 44.887699999999995,
            "max": 7970.6936,
            "p(90)": 1624.5374799999997,
            "p(95)": 3270.790005
        },
        "http_req_waiting": {
            "avg": 370.86562945145016,
            "min": 0,
            "med": 17.5452,
            "max": 7970.6936,
            "p(90)": 906.4337700000002,
            "p(95)": 2457.3767599999996
        },
        "iteration_duration": {
            "p(90)": 10339.350980000001,
            "p(95)": 11503.197844999995,
            "avg": 6138.313764233567,
            "min": 2217.7858,
            "med": 5560.4304,
            "max": 16011.9881
        },
        "http_req_duration": {
            "min": 0,
            "med": 18.272399999999998,
            "max": 7970.6936,
            "p(90)": 906.4337700000002,
            "p(95)": 2457.3767599999996,
            "avg": 371.40578922804735,
            "thresholds": {
                "p(95)<3000": false
            }
        },
        "http_req_tls_handshaking": {
            "avg": 0,
            "min": 0,
            "med": 0,
            "max": 0,
            "p(90)": 0,
            "p(95)": 0
        },
        "http_req_failed": {
            "passes": 4932,
            "fails": 13152,
            "thresholds": {
                "rate<0.05": true
            },
            "value": 0.2727272727272727
        },
        "data_sent": {
            "count": 4229360,
            "rate": 34388.34263024906
        },
        "iterations": {
            "count": 1644,
            "rate": 13.367137175395202
        },
        "checks": {
            "fails": 4932,
            "passes": 13152,
            "value": 0.7272727272727273
        },
        "http_req_blocked": {
            "p(90)": 0,
            "p(95)": 0,
            "avg": 0.01515693430656935,
            "min": 0,
            "med": 0,
            "max": 12.3921
        }
    },
    "root_group": {
        "name": "",
        "path": "",
        "id": "d41d8cd98f00b204e9800998ecf8427e",
        "groups": {},
        "checks": {
                "home: status 200": {
                    "name": "home: status 200",
                    "path": "::home: status 200",
                    "id": "797ccedec8c86720a3b12b7d6a1695d9",
                    "passes": 1644,
                    "fails": 0
                },
                "products: status 200": {
                    "name": "products: status 200",
                    "path": "::products: status 200",
                    "id": "00d9ade6020028464fb7795d42f375de",
                    "passes": 1644,
                    "fails": 0
                },
                "search: status 200": {
                    "name": "search: status 200",
                    "path": "::search: status 200",
                    "id": "cd68838b4cc6f7786becc08340f51f71",
                    "passes": 1644,
                    "fails": 0
                },
                "category filter: status 200": {
                    "fails": 0,
                    "name": "category filter: status 200",
                    "path": "::category filter: status 200",
                    "id": "08bdd22fe49b26bd9062a4063e91365b",
                    "passes": 1644
                },
                "detail: status 200": {
                    "name": "detail: status 200",
                    "path": "::detail: status 200",
                    "id": "2d2bf01d9f31c3b8b35b2cc3644cc1c3",
                    "passes": 1644,
                    "fails": 0
                },
                "add to cart: status 200": {
                    "name": "add to cart: status 200",
                    "path": "::add to cart: status 200",
                    "id": "e4cde9d6761bb2afde2298dd9165b80e",
                    "passes": 0,
                    "fails": 1644
                },
                "add second item: status 200": {
                    "fails": 1644,
                    "name": "add second item: status 200",
                    "path": "::add second item: status 200",
                    "id": "fc2779a520bbade54e1c5ee4555006f4",
                    "passes": 0
                },
                "cart page: status 200": {
                    "id": "71a46f5b7a13213d2d57118ccbab0ff3",
                    "passes": 1644,
                    "fails": 0,
                    "name": "cart page: status 200",
                    "path": "::cart page: status 200"
                },
                "checkout page: status 200": {
                    "name": "checkout page: status 200",
                    "path": "::checkout page: status 200",
                    "id": "4b6b469e2b3feffe3383d401258f1fac",
                    "passes": 1644,
                    "fails": 0
                },
                "checkout submit: status 200": {
                    "name": "checkout submit: status 200",
                    "path": "::checkout submit: status 200",
                    "id": "231aef0da674621d55d3389af9895e8b",
                    "passes": 0,
                    "fails": 1644
                },
                "orders page: status 200": {
                    "fails": 0,
                    "name": "orders page: status 200",
                    "path": "::orders page: status 200",
                    "id": "327fb5b5110703aef832d58310868356",
                    "passes": 1644
                }
            }
    }
}