{
    "metrics": {
        "http_req_sending": {
            "max": 15.6269,
            "p(90)": 0,
            "p(95)": 0,
            "avg": 0.013333063385005683,
            "min": 0,
            "med": 0
        },
        "http_req_duration{expected_response:true}": {
            "max": 1598.123,
            "p(90)": 738.6356,
            "p(95)": 877.6969,
            "avg": 302.1610667597653,
            "min": 0.5063,
            "med": 212.1732
        },
        "http_req_receiving": {
            "p(90)": 52.6266,
            "p(95)": 76.7192,
            "avg": 12.029073136075901,
            "min": 0,
            "med": 0,
            "max": 553.1945
        },
        "http_req_failed": {
            "passes": 0,
            "fails": 81991,
            "thresholds": {
                "rate<0.05": false
            },
            "value": 0
        },
        "http_reqs": {
            "count": 81991,
            "rate": 682.5060916130547
        },
        "http_req_blocked": {
            "min": 0,
            "med": 0,
            "max": 16.2772,
            "p(90)": 0,
            "p(95)": 0,
            "avg": 0.007357878303716256
        },
        "http_req_connecting": {
            "med": 0,
            "max": 12.2494,
            "p(90)": 0,
            "p(95)": 0,
            "avg": 0.003288174311814711,
            "min": 0
        },
        "http_req_waiting": {
            "max": 1598.123,
            "p(90)": 731.3357,
            "p(95)": 877.314,
            "avg": 290.1186605603021,
            "min": 0,
            "med": 189.7153
        },
        "checks": {
            "passes": 81991,
            "fails": 0,
            "value": 1
        },
        "vus": {
            "value": 25,
            "min": 1,
            "max": 500
        },
        "vus_max": {
            "value": 500,
            "min": 500,
            "max": 500
        },
        "http_req_tls_handshaking": {
            "avg": 0,
            "min": 0,
            "med": 0,
            "max": 0,
            "p(90)": 0,
            "p(95)": 0
        },
        "data_received": {
            "count": 4158732175,
            "rate": 34617946.39441778
        },
        "iteration_duration": {
            "p(95)": 8883.02026,
            "avg": 3933.1443400190387,
            "min": 72.3741,
            "med": 3338.1816,
            "max": 9541.518,
            "p(90)": 8403.407500000001
        },
        "data_sent": {
            "count": 9038359,
            "rate": 75236.73422309372
        },
        "http_req_duration": {
            "med": 212.1732,
            "max": 1598.123,
            "p(90)": 738.6356,
            "p(95)": 877.6969,
            "avg": 302.1610667597653,
            "min": 0.5063,
            "thresholds": {
                "p(95)<2000": false
            }
        },
        "iterations": {
            "count": 6307,
            "rate": 52.50046858561959
        }
    },
    "root_group": {
        "id": "d41d8cd98f00b204e9800998ecf8427e",
        "groups": {},
        "checks": {
                "list products: status 200": {
                    "id": "924a40c79df3d6bc39fdcdfcc923816e",
                    "passes": 6307,
                    "fails": 0,
                    "name": "list products: status 200",
                    "path": "::list products: status 200"
                },
                "list products: has data": {
                    "path": "::list products: has data",
                    "id": "4290724cf781171eb17f384ed5f458d4",
                    "passes": 6307,
                    "fails": 0,
                    "name": "list products: has data"
                },
                "get product: status 200 or 404": {
                    "name": "get product: status 200 or 404",
                    "path": "::get product: status 200 or 404",
                    "id": "2cbbbbbba72fe3cd0c1b28772a24e4c9",
                    "passes": 6307,
                    "fails": 0
                },
                "search: status 200": {
                    "name": "search: status 200",
                    "path": "::search: status 200",
                    "id": "cd68838b4cc6f7786becc08340f51f71",
                    "passes": 6307,
                    "fails": 0
                },
                "category filter: status 200": {
                    "name": "category filter: status 200",
                    "path": "::category filter: status 200",
                    "id": "08bdd22fe49b26bd9062a4063e91365b",
                    "passes": 6307,
                    "fails": 0
                },
                "reviews by product: status 200": {
                    "name": "reviews by product: status 200",
                    "path": "::reviews by product: status 200",
                    "id": "ff38d5a6484e85363435e2bde0050fd7",
                    "passes": 6307,
                    "fails": 0
                },
                "average rating: status 200": {
                    "fails": 0,
                    "name": "average rating: status 200",
                    "path": "::average rating: status 200",
                    "id": "410881361114124b5478d42656b0fe57",
                    "passes": 6307
                },
                "add to cart: status 200 or 201": {
                    "fails": 0,
                    "name": "add to cart: status 200 or 201",
                    "path": "::add to cart: status 200 or 201",
                    "id": "1788e10b98590b202bef7a8dbc573220",
                    "passes": 6307
                },
                "get cart: status 200": {
                    "name": "get cart: status 200",
                    "path": "::get cart: status 200",
                    "id": "28c7dad2666418e7df7959192396d5c0",
                    "passes": 6307,
                    "fails": 0
                },
                "create order: status 201": {
                    "name": "create order: status 201",
                    "path": "::create order: status 201",
                    "id": "1bcfa49d77d46f40d66acd4c4ffcf2a7",
                    "passes": 6307,
                    "fails": 0
                },
                "home page: status 200": {
                    "name": "home page: status 200",
                    "path": "::home page: status 200",
                    "id": "8d960afda292b63e7c50c7370794be43",
                    "passes": 6307,
                    "fails": 0
                },
                "products page: status 200": {
                    "path": "::products page: status 200",
                    "id": "d3ec3a910ae752d937097964558034ff",
                    "passes": 6307,
                    "fails": 0,
                    "name": "products page: status 200"
                },
                "product detail page: status 200": {
                    "id": "b24b993fd6b4e43d3aa894d986fa618f",
                    "passes": 6307,
                    "fails": 0,
                    "name": "product detail page: status 200",
                    "path": "::product detail page: status 200"
                }
            },
        "name": "",
        "path": ""
    }
}