{
    "metrics": {
        "http_req_blocked": {
            "min": 0,
            "med": 0,
            "max": 1.3402,
            "p(90)": 0,
            "p(95)": 0,
            "avg": 0.002094158622748531
        },
        "checks": {
            "passes": 49245,
            "fails": 7035,
            "value": 0.875
        },
        "vus": {
            "value": 0,
            "min": 0,
            "max": 199
        },
        "http_req_duration": {
            "p(90)": 24.0733,
            "p(95)": 121.98983999999848,
            "avg": 16.848257384814666,
            "min": 0,
            "med": 3.064,
            "max": 353.6808,
            "thresholds": {
                "p(95)<1000": false
            }
        },
        "http_req_failed": {
            "passes": 0,
            "fails": 50245,
            "thresholds": {
                "rate<0.02": false
            },
            "value": 0
        },
        "vus_max": {
            "value": 200,
            "min": 200,
            "max": 200
        },
        "http_req_waiting": {
            "p(95)": 121.1388,
            "avg": 16.60893564533812,
            "min": 0,
            "med": 2.8525,
            "max": 353.6808,
            "p(90)": 23.9638
        },
        "http_req_duration{expected_response:true}": {
            "p(90)": 24.0733,
            "p(95)": 121.98983999999848,
            "avg": 16.848257384814666,
            "min": 0,
            "med": 3.064,
            "max": 353.6808
        },
        "http_req_connecting": {
            "p(95)": 0,
            "avg": 0.0005834809433774505,
            "min": 0,
            "med": 0,
            "max": 0.7624,
            "p(90)": 0
        },
        "iterations": {
            "count": 7035,
            "rate": 57.95214875014206
        },
        "http_req_sending": {
            "avg": 0.004783043088864564,
            "min": 0,
            "med": 0,
            "max": 11.5289,
            "p(90)": 0,
            "p(95)": 0
        },
        "http_reqs": {
            "rate": 413.90273119415605,
            "count": 50245
        },
        "http_req_tls_handshaking": {
            "min": 0,
            "med": 0,
            "max": 0,
            "p(90)": 0,
            "p(95)": 0,
            "avg": 0
        },
        "http_req_receiving": {
            "med": 0,
            "max": 146.5685,
            "p(90)": 0.8914799999999995,
            "p(95)": 1.4354199999999984,
            "avg": 0.23453869638769811,
            "min": 0
        },
        "data_sent": {
            "rate": 60246.97970143819,
            "count": 7313577
        },
        "data_received": {
            "count": 14110753,
            "rate": 116240.00807853778
        },
        "iteration_duration": {
            "max": 1893.8427,
            "p(90)": 1522.9175,
            "p(95)": 1604.6775999999998,
            "avg": 1323.7552892537365,
            "min": 1208.5316,
            "med": 1238.03
        }
    },
    "root_group": {
        "name": "",
        "path": "",
        "id": "d41d8cd98f00b204e9800998ecf8427e",
        "groups": {},
        "checks": {
                "add item 1: status 200 or 201": {
                    "id": "34ffb3452c09ac7174d9f647c20645f8",
                    "passes": 7035,
                    "fails": 0,
                    "name": "add item 1: status 200 or 201",
                    "path": "::add item 1: status 200 or 201"
                },
                "add item 2: status 200 or 201": {
                    "id": "859dd62118f40bea70a4a5fe4a82c36c",
                    "passes": 7035,
                    "fails": 0,
                    "name": "add item 2: status 200 or 201",
                    "path": "::add item 2: status 200 or 201"
                },
                "add item 3: status 200 or 201": {
                    "name": "add item 3: status 200 or 201",
                    "path": "::add item 3: status 200 or 201",
                    "id": "6dfec2b2a8ef0686ff9003fbb64073ff",
                    "passes": 7035,
                    "fails": 0
                },
                "get cart: status 200": {
                    "fails": 0,
                    "name": "get cart: status 200",
                    "path": "::get cart: status 200",
                    "id": "28c7dad2666418e7df7959192396d5c0",
                    "passes": 7035
                },
                "get cart: has items": {
                    "fails": 7035,
                    "name": "get cart: has items",
                    "path": "::get cart: has items",
                    "id": "ce5cb3c9d4d19a73e0257c50eea61a4c",
                    "passes": 0
                },
                "update quantity: status 200 or 204": {
                    "name": "update quantity: status 200 or 204",
                    "path": "::update quantity: status 200 or 204",
                    "id": "6cfa842eec59d2c26f64d983e1b9ad16",
                    "passes": 7035,
                    "fails": 0
                },
                "delete item: status 200 or 204": {
                    "id": "f05e6698ea497656bf987aa1783be142",
                    "passes": 7035,
                    "fails": 0,
                    "name": "delete item: status 200 or 204",
                    "path": "::delete item: status 200 or 204"
                },
                "clear cart session: status 200 or 204": {
                    "fails": 0,
                    "name": "clear cart session: status 200 or 204",
                    "path": "::clear cart session: status 200 or 204",
                    "id": "8f83318937121769e691a83b1b01cd11",
                    "passes": 7035
                }
            }
    }
}