{
    "metrics": {
        "http_req_tls_handshaking": {
            "med": 0,
            "max": 0,
            "p(90)": 0,
            "p(95)": 0,
            "avg": 0,
            "min": 0
        },
        "checks": {
            "passes": 102050,
            "fails": 0,
            "value": 1
        },
        "http_req_duration": {
            "avg": 239.91281477804813,
            "min": 0,
            "med": 182.38025,
            "max": 1176.489,
            "p(90)": 569.63105,
            "p(95)": 690.3100099999992,
            "thresholds": {
                "p(95)<2000": false
            }
        },
        "vus_max": {
            "max": 500,
            "value": 500,
            "min": 500
        },
        "iteration_duration": {
            "max": 7493.8346,
            "p(90)": 6817.41841,
            "p(95)": 7129.476215,
            "avg": 3123.211645299353,
            "min": 53.3475,
            "med": 2735.7436
        },
        "http_req_failed": {
            "passes": 0,
            "fails": 102050,
            "thresholds": {
                "rate<0.05": false
            },
            "value": 0
        },
        "http_req_sending": {
            "p(95)": 0,
            "avg": 0.009996790788829013,
            "min": 0,
            "med": 0,
            "max": 15.6428,
            "p(90)": 0
        },
        "http_req_connecting": {
            "avg": 0.0023166526212640864,
            "min": 0,
            "med": 0,
            "max": 15.2845,
            "p(90)": 0,
            "p(95)": 0
        },
        "http_reqs": {
            "count": 102050,
            "rate": 849.7234360877004
        },
        "http_req_blocked": {
            "p(95)": 0,
            "avg": 0.004815638412542869,
            "min": 0,
            "med": 0,
            "max": 15.2845,
            "p(90)": 0
        },
        "data_received": {
            "count": 5176114278,
            "rate": 43099124.0557057
        },
        "http_req_duration{expected_response:true}": {
            "avg": 239.91281477804813,
            "min": 0,
            "med": 182.38025,
            "max": 1176.489,
            "p(90)": 569.63105,
            "p(95)": 690.3100099999992
        },
        "data_sent": {
            "count": 11250840,
            "rate": 93680.5725004698
        },
        "iterations": {
            "count": 7850,
            "rate": 65.36334123751541
        },
        "http_req_receiving": {
            "avg": 10.264934354728073,
            "min": 0,
            "med": 0,
            "max": 369.0189,
            "p(90)": 52.955870000000004,
            "p(95)": 76.01319499999998
        },
        "http_req_waiting": {
            "p(90)": 567.8509300000004,
            "p(95)": 689.9783399999999,
            "avg": 229.63788363253354,
            "min": 0,
            "med": 159.21695,
            "max": 1174.7588
        },
        "vus": {
            "min": 1,
            "max": 500,
            "value": 4
        }
    },
    "root_group": {
        "groups": {},
        "checks": {
                "list products: status 200": {
                    "fails": 0,
                    "name": "list products: status 200",
                    "path": "::list products: status 200",
                    "id": "924a40c79df3d6bc39fdcdfcc923816e",
                    "passes": 7850
                },
                "list products: has data": {
                    "name": "list products: has data",
                    "path": "::list products: has data",
                    "id": "4290724cf781171eb17f384ed5f458d4",
                    "passes": 7850,
                    "fails": 0
                },
                "get product: status 200 or 404": {
                    "name": "get product: status 200 or 404",
                    "path": "::get product: status 200 or 404",
                    "id": "2cbbbbbba72fe3cd0c1b28772a24e4c9",
                    "passes": 7850,
                    "fails": 0
                },
                "search: status 200": {
                    "fails": 0,
                    "name": "search: status 200",
                    "path": "::search: status 200",
                    "id": "cd68838b4cc6f7786becc08340f51f71",
                    "passes": 7850
                },
                "category filter: status 200": {
                    "name": "category filter: status 200",
                    "path": "::category filter: status 200",
                    "id": "08bdd22fe49b26bd9062a4063e91365b",
                    "passes": 7850,
                    "fails": 0
                },
                "reviews by product: status 200": {
                    "path": "::reviews by product: status 200",
                    "id": "ff38d5a6484e85363435e2bde0050fd7",
                    "passes": 7850,
                    "fails": 0,
                    "name": "reviews by product: status 200"
                },
                "average rating: status 200": {
                    "name": "average rating: status 200",
                    "path": "::average rating: status 200",
                    "id": "410881361114124b5478d42656b0fe57",
                    "passes": 7850,
                    "fails": 0
                },
                "add to cart: status 200 or 201": {
                    "id": "1788e10b98590b202bef7a8dbc573220",
                    "passes": 7850,
                    "fails": 0,
                    "name": "add to cart: status 200 or 201",
                    "path": "::add to cart: status 200 or 201"
                },
                "get cart: status 200": {
                    "name": "get cart: status 200",
                    "path": "::get cart: status 200",
                    "id": "28c7dad2666418e7df7959192396d5c0",
                    "passes": 7850,
                    "fails": 0
                },
                "create order: status 201": {
                    "id": "1bcfa49d77d46f40d66acd4c4ffcf2a7",
                    "passes": 7850,
                    "fails": 0,
                    "name": "create order: status 201",
                    "path": "::create order: status 201"
                },
                "home page: status 200": {
                    "name": "home page: status 200",
                    "path": "::home page: status 200",
                    "id": "8d960afda292b63e7c50c7370794be43",
                    "passes": 7850,
                    "fails": 0
                },
                "products page: status 200": {
                    "name": "products page: status 200",
                    "path": "::products page: status 200",
                    "id": "d3ec3a910ae752d937097964558034ff",
                    "passes": 7850,
                    "fails": 0
                },
                "product detail page: status 200": {
                    "name": "product detail page: status 200",
                    "path": "::product detail page: status 200",
                    "id": "b24b993fd6b4e43d3aa894d986fa618f",
                    "passes": 7850,
                    "fails": 0
                }
            },
        "name": "",
        "path": "",
        "id": "d41d8cd98f00b204e9800998ecf8427e"
    }
}