{
    "metrics": {
        "http_req_waiting": {
            "avg": 289.46975528237476,
            "min": 0,
            "med": 199.34195,
            "max": 1658.3532,
            "p(90)": 707.6837000000005,
            "p(95)": 841.9763600000001
        },
        "http_reqs": {
            "count": 82160,
            "rate": 684.4865217926449
        },
        "iterations": {
            "count": 6320,
            "rate": 52.652809368665
        },
        "vus_max": {
            "value": 500,
            "min": 500,
            "max": 500
        },
        "http_req_failed": {
            "fails": 82160,
            "passes": 0,
            "thresholds": {
                "rate<0.05": false
            },
            "value": 0
        },
        "vus": {
            "value": 4,
            "min": 1,
            "max": 500
        },
        "http_req_duration": {
            "min": 0,
            "med": 222.14905,
            "max": 1658.3532,
            "p(90)": 710.9389800000006,
            "p(95)": 842.2464800000005,
            "avg": 301.41963958982603,
            "thresholds": {
                "p(95)<2000": false
            }
        },
        "checks": {
            "fails": 0,
            "passes": 82160,
            "value": 1
        },
        "http_req_duration{expected_response:true}": {
            "med": 222.14905,
            "max": 1658.3532,
            "p(90)": 710.9389800000006,
            "p(95)": 842.2464800000005,
            "avg": 301.41963958982603,
            "min": 0
        },
        "data_received": {
            "count": 4167243154,
            "rate": 34717889.14247409
        },
        "http_req_blocked": {
            "min": 0,
            "med": 0,
            "max": 31.2081,
            "p(90)": 0,
            "p(95)": 0,
            "avg": 0.007442955209347616
        },
        "iteration_duration": {
            "avg": 3923.387769129754,
            "min": 60.4787,
            "med": 3487.67645,
            "max": 9149.4804,
            "p(90)": 8107.49181,
            "p(95)": 8597.1203
        },
        "http_req_sending": {
            "avg": 0.012846888997078872,
            "min": 0,
            "med": 0,
            "max": 15.6264,
            "p(90)": 0,
            "p(95)": 0
        },
        "data_sent": {
            "count": 9056493,
            "rate": 75450.9176388685
        },
        "http_req_connecting": {
            "min": 0,
            "med": 0,
            "max": 19.3103,
            "p(90)": 0,
            "p(95)": 0,
            "avg": 0.0030383885102239524
        },
        "http_req_tls_handshaking": {
            "avg": 0,
            "min": 0,
            "med": 0,
            "max": 0,
            "p(90)": 0,
            "p(95)": 0
        },
        "http_req_receiving": {
            "p(90)": 53.4589300000001,
            "p(95)": 77.412505,
            "avg": 11.937037418451768,
            "min": 0,
            "med": 0,
            "max": 533.7692
        }
    },
    "root_group": {
        "name": "",
        "path": "",
        "id": "d41d8cd98f00b204e9800998ecf8427e",
        "groups": {},
        "checks": {
                "list products: status 200": {
                    "name": "list products: status 200",
                    "path": "::list products: status 200",
                    "id": "924a40c79df3d6bc39fdcdfcc923816e",
                    "passes": 6320,
                    "fails": 0
                },
                "list products: has data": {
                    "path": "::list products: has data",
                    "id": "4290724cf781171eb17f384ed5f458d4",
                    "passes": 6320,
                    "fails": 0,
                    "name": "list products: has data"
                },
                "get product: status 200 or 404": {
                    "name": "get product: status 200 or 404",
                    "path": "::get product: status 200 or 404",
                    "id": "2cbbbbbba72fe3cd0c1b28772a24e4c9",
                    "passes": 6320,
                    "fails": 0
                },
                "search: status 200": {
                    "name": "search: status 200",
                    "path": "::search: status 200",
                    "id": "cd68838b4cc6f7786becc08340f51f71",
                    "passes": 6320,
                    "fails": 0
                },
                "category filter: status 200": {
                    "fails": 0,
                    "name": "category filter: status 200",
                    "path": "::category filter: status 200",
                    "id": "08bdd22fe49b26bd9062a4063e91365b",
                    "passes": 6320
                },
                "reviews by product: status 200": {
                    "name": "reviews by product: status 200",
                    "path": "::reviews by product: status 200",
                    "id": "ff38d5a6484e85363435e2bde0050fd7",
                    "passes": 6320,
                    "fails": 0
                },
                "average rating: status 200": {
                    "path": "::average rating: status 200",
                    "id": "410881361114124b5478d42656b0fe57",
                    "passes": 6320,
                    "fails": 0,
                    "name": "average rating: status 200"
                },
                "add to cart: status 200 or 201": {
                    "fails": 0,
                    "name": "add to cart: status 200 or 201",
                    "path": "::add to cart: status 200 or 201",
                    "id": "1788e10b98590b202bef7a8dbc573220",
                    "passes": 6320
                },
                "get cart: status 200": {
                    "path": "::get cart: status 200",
                    "id": "28c7dad2666418e7df7959192396d5c0",
                    "passes": 6320,
                    "fails": 0,
                    "name": "get cart: status 200"
                },
                "create order: status 201": {
                    "id": "1bcfa49d77d46f40d66acd4c4ffcf2a7",
                    "passes": 6320,
                    "fails": 0,
                    "name": "create order: status 201",
                    "path": "::create order: status 201"
                },
                "home page: status 200": {
                    "name": "home page: status 200",
                    "path": "::home page: status 200",
                    "id": "8d960afda292b63e7c50c7370794be43",
                    "passes": 6320,
                    "fails": 0
                },
                "products page: status 200": {
                    "id": "d3ec3a910ae752d937097964558034ff",
                    "passes": 6320,
                    "fails": 0,
                    "name": "products page: status 200",
                    "path": "::products page: status 200"
                },
                "product detail page: status 200": {
                    "name": "product detail page: status 200",
                    "path": "::product detail page: status 200",
                    "id": "b24b993fd6b4e43d3aa894d986fa618f",
                    "passes": 6320,
                    "fails": 0
                }
            }
    }
}