{
    "root_group": {
        "name": "",
        "path": "",
        "id": "d41d8cd98f00b204e9800998ecf8427e",
        "groups": {},
        "checks": {
                "status is 200 or 404": {
                    "fails": 0,
                    "name": "status is 200 or 404",
                    "path": "::status is 200 or 404",
                    "id": "ef1456c8a1788ec4ce69f9b568c28265",
                    "passes": 22853
                }
            }
    },
    "metrics": {
        "http_req_duration": {
            "avg": 100.34897582811875,
            "min": 0,
            "med": 17.1264,
            "max": 2015.3471,
            "p(90)": 288.9963,
            "p(95)": 510.86695999999927,
            "thresholds": {
                "p(95)<1000": false
            }
        },
        "http_req_blocked": {
            "avg": 0.009946650330372373,
            "min": 0,
            "med": 0,
            "max": 20.7442,
            "p(90)": 0,
            "p(95)": 0
        },
        "http_reqs": {
            "count": 22853,
            "rate": 190.24123167566037
        },
        "http_req_failed": {
            "passes": 0,
            "fails": 22853,
            "thresholds": {
                "rate<0.05": false
            },
            "value": 0
        },
        "http_req_tls_handshaking": {
            "max": 0,
            "p(90)": 0,
            "p(95)": 0,
            "avg": 0,
            "min": 0,
            "med": 0
        },
        "http_req_duration{expected_response:true}": {
            "avg": 100.34897582811875,
            "min": 0,
            "med": 17.1264,
            "max": 2015.3471,
            "p(90)": 288.9963,
            "p(95)": 510.86695999999927
        },
        "http_req_receiving": {
            "min": 0,
            "med": 0,
            "max": 1056.959,
            "p(90)": 8.152279999999998,
            "p(95)": 34.26655999999996,
            "avg": 8.368270581542914
        },
        "vus": {
            "value": 4,
            "min": 1,
            "max": 199
        },
        "http_req_sending": {
            "p(95)": 0,
            "avg": 0.009086758850041574,
            "min": 0,
            "med": 0,
            "max": 13.5434,
            "p(90)": 0
        },
        "data_sent": {
            "count": 1987445,
            "rate": 16544.61054074445
        },
        "http_req_connecting": {
            "avg": 0.005727497483918959,
            "min": 0,
            "med": 0,
            "max": 20.7442,
            "p(90)": 0,
            "p(95)": 0
        },
        "checks": {
            "passes": 22853,
            "fails": 0,
            "value": 1
        },
        "data_received": {
            "count": 8664883830,
            "rate": 72131368.84197757
        },
        "iterations": {
            "count": 22853,
            "rate": 190.24123167566037
        },
        "iteration_duration": {
            "p(95)": 817.4878599999998,
            "avg": 403.99944436178777,
            "min": 300.0197,
            "med": 319.9278,
            "max": 2315.8137,
            "p(90)": 598.35808
        },
        "vus_max": {
            "value": 200,
            "min": 200,
            "max": 200
        },
        "http_req_waiting": {
            "p(90)": 274.22928,
            "p(95)": 471.1160599999996,
            "avg": 91.97161848772534,
            "min": 0,
            "med": 16.299,
            "max": 1989.4216
        }
    }
}