{
    "metrics": {
        "http_req_receiving": {
            "max": 1732.7615,
            "p(90)": 5.84695,
            "p(95)": 61.713575,
            "avg": 12.567369455505407,
            "min": 0,
            "med": 0
        },
        "http_req_sending": {
            "avg": 0.009079692062649329,
            "min": 0,
            "med": 0,
            "max": 5.4128,
            "p(90)": 0,
            "p(95)": 0
        },
        "iteration_duration": {
            "avg": 7255.337154287246,
            "min": 44.283,
            "med": 5707.6029,
            "max": 17694.4469,
            "p(90)": 15860.62752,
            "p(95)": 16203.029719999999
        },
        "iterations": {
            "count": 3767,
            "rate": 29.648320585755737
        },
        "http_req_duration": {
            "min": 0,
            "med": 140.6591,
            "max": 3059.6149,
            "p(90)": 1215.8002999999999,
            "p(95)": 1641.868,
            "avg": 402.81932032416387,
            "thresholds": {
                "p(95)<2000": false
            }
        },
        "http_req_failed": {
            "passes": 7534,
            "fails": 60272,
            "thresholds": {
                "rate<0.05": true
            },
            "value": 0.1111111111111111
        },
        "data_received": {
            "count": 2518577604,
            "rate": 19822563.37231127
        },
        "http_req_tls_handshaking": {
            "avg": 0,
            "min": 0,
            "med": 0,
            "max": 0,
            "p(90)": 0,
            "p(95)": 0
        },
        "http_req_waiting": {
            "avg": 390.24287117659617,
            "min": 0,
            "med": 128.0265,
            "max": 3059.6149,
            "p(90)": 1193.45665,
            "p(95)": 1635.2577
        },
        "http_req_duration{expected_response:true}": {
            "med": 174.9269,
            "max": 3059.6149,
            "p(90)": 1260.3845800000001,
            "p(95)": 1695.1817399999998,
            "avg": 444.7385558385354,
            "min": 0
        },
        "checks": {
            "passes": 60272,
            "fails": 7534,
            "value": 0.8888888888888888
        },
        "vus": {
            "value": 14,
            "min": 1,
            "max": 500
        },
        "http_req_blocked": {
            "max": 14.2948,
            "p(90)": 0,
            "p(95)": 0,
            "avg": 0.005089166150488157,
            "min": 0,
            "med": 0
        },
        "http_req_connecting": {
            "avg": 0.0026489440462495956,
            "min": 0,
            "med": 0,
            "max": 14.2948,
            "p(90)": 0,
            "p(95)": 0
        },
        "vus_max": {
            "min": 500,
            "max": 500,
            "value": 500
        },
        "data_sent": {
            "count": 12080487,
            "rate": 95079.94462650773
        },
        "http_reqs": {
            "count": 67806,
            "rate": 533.6697705436032
        }
    },
    "root_group": {
        "name": "",
        "path": "",
        "id": "d41d8cd98f00b204e9800998ecf8427e",
        "groups": {},
        "checks": {
                "list products: status 200": {
                    "fails": 0,
                    "name": "list products: status 200",
                    "path": "::list products: status 200",
                    "id": "924a40c79df3d6bc39fdcdfcc923816e",
                    "passes": 3767
                },
                "list products: has data": {
                    "name": "list products: has data",
                    "path": "::list products: has data",
                    "id": "4290724cf781171eb17f384ed5f458d4",
                    "passes": 3767,
                    "fails": 0
                },
                "get product: status 200 or 404": {
                    "id": "2cbbbbbba72fe3cd0c1b28772a24e4c9",
                    "passes": 3767,
                    "fails": 0,
                    "name": "get product: status 200 or 404",
                    "path": "::get product: status 200 or 404"
                },
                "search: status 200": {
                    "name": "search: status 200",
                    "path": "::search: status 200",
                    "id": "cd68838b4cc6f7786becc08340f51f71",
                    "passes": 3767,
                    "fails": 0
                },
                "category filter: status 200": {
                    "fails": 0,
                    "name": "category filter: status 200",
                    "path": "::category filter: status 200",
                    "id": "08bdd22fe49b26bd9062a4063e91365b",
                    "passes": 3767
                },
                "reviews by product: status 200": {
                    "name": "reviews by product: status 200",
                    "path": "::reviews by product: status 200",
                    "id": "ff38d5a6484e85363435e2bde0050fd7",
                    "passes": 3767,
                    "fails": 0
                },
                "average rating: status 200": {
                    "name": "average rating: status 200",
                    "path": "::average rating: status 200",
                    "id": "410881361114124b5478d42656b0fe57",
                    "passes": 3767,
                    "fails": 0
                },
                "add to cart: status 200 or 201": {
                    "passes": 3767,
                    "fails": 0,
                    "name": "add to cart: status 200 or 201",
                    "path": "::add to cart: status 200 or 201",
                    "id": "1788e10b98590b202bef7a8dbc573220"
                },
                "get cart: status 200": {
                    "name": "get cart: status 200",
                    "path": "::get cart: status 200",
                    "id": "28c7dad2666418e7df7959192396d5c0",
                    "passes": 3767,
                    "fails": 0
                },
                "create order: status 201": {
                    "path": "::create order: status 201",
                    "id": "1bcfa49d77d46f40d66acd4c4ffcf2a7",
                    "passes": 3767,
                    "fails": 0,
                    "name": "create order: status 201"
                },
                "home page: status 200": {
                    "name": "home page: status 200",
                    "path": "::home page: status 200",
                    "id": "8d960afda292b63e7c50c7370794be43",
                    "passes": 3767,
                    "fails": 0
                },
                "products page: status 200": {
                    "passes": 3767,
                    "fails": 0,
                    "name": "products page: status 200",
                    "path": "::products page: status 200",
                    "id": "d3ec3a910ae752d937097964558034ff"
                },
                "product detail page: status 200": {
                    "name": "product detail page: status 200",
                    "path": "::product detail page: status 200",
                    "id": "b24b993fd6b4e43d3aa894d986fa618f",
                    "passes": 3767,
                    "fails": 0
                },
                "add to cart (page): status 200": {
                    "name": "add to cart (page): status 200",
                    "path": "::add to cart (page): status 200",
                    "id": "f0cd3e144cbac350e1e6ac88a1b85040",
                    "passes": 0,
                    "fails": 3767
                },
                "cart page: status 200": {
                    "fails": 0,
                    "name": "cart page: status 200",
                    "path": "::cart page: status 200",
                    "id": "71a46f5b7a13213d2d57118ccbab0ff3",
                    "passes": 3767
                },
                "checkout page: status 200": {
                    "name": "checkout page: status 200",