{
    "metrics": {
        "data_received": {
            "count": 4162579969,
            "rate": 34656782.66998001
        },
        "iterations": {
            "count": 6313,
            "rate": 52.56073652037117
        },
        "http_req_duration{expected_response:true}": {
            "med": 224.6032,
            "max": 1619.8486,
            "p(90)": 714.7062,
            "p(95)": 852.6574399999998,
            "avg": 302.4301397945616,
            "min": 0
        },
        "http_req_tls_handshaking": {
            "max": 0,
            "p(90)": 0,
            "p(95)": 0,
            "avg": 0,
            "min": 0,
            "med": 0
        },
        "http_req_failed": {
            "passes": 0,
            "fails": 82069,
            "thresholds": {
                "rate<0.05": false
            },
            "value": 0
        },
        "http_req_blocked": {
            "avg": 0.006735355615396782,
            "min": 0,
            "med": 0,
            "max": 15.6239,
            "p(90)": 0,
            "p(95)": 0
        },
        "iteration_duration": {
            "med": 3419.8009,
            "max": 9310.6452,
            "p(90)": 8141.823160000001,
            "p(95)": 8671.903339999999,
            "avg": 3936.603848154604,
            "min": 67.9239
        },
        "checks": {
            "passes": 82069,
            "fails": 0,
            "value": 1
        },
        "http_req_duration": {
            "max": 1619.8486,
            "p(90)": 714.7062,
            "p(95)": 852.6574399999998,
            "avg": 302.4301397945616,
            "min": 0,
            "med": 224.6032,
            "thresholds": {
                "p(95)<2000": false
            }
        },
        "http_reqs": {
            "count": 82069,
            "rate": 683.2895747648253
        },
        "http_req_sending": {
            "avg": 0.012922775956816823,
            "min": 0,
            "med": 0,
            "max": 8.5781,
            "p(90)": 0,
            "p(95)": 0
        },
        "http_req_waiting": {
            "min": 0,
            "med": 198.8564,
            "max": 1619.8486,
            "p(90)": 710.49516,
            "p(95)": 852.05202,
            "avg": 290.55685681438433
        },
        "http_req_receiving": {
            "avg": 11.860360204218422,
            "min": 0,
            "med": 0,
            "max": 570.989,
            "p(90)": 51.935759999999945,
            "p(95)": 75.92191999999993
        },
        "http_req_connecting": {
            "p(95)": 0,
            "avg": 0.0029223092763406384,
            "min": 0,
            "med": 0,
            "max": 13.2237,
            "p(90)": 0
        },
        "data_sent": {
            "count": 9046563,
            "rate": 75319.8185106825
        },
        "vus": {
            "value": 4,
            "min": 1,
            "max": 500
        },
        "vus_max": {
            "value": 500,
            "min": 500,
            "max": 500
        }
    },
    "root_group": {
        "groups": {},
        "checks": {
                "list products: status 200": {
                    "passes": 6313,
                    "fails": 0,
                    "name": "list products: status 200",
                    "path": "::list products: status 200",
                    "id": "924a40c79df3d6bc39fdcdfcc923816e"
                },
                "list products: has data": {
                    "name": "list products: has data",
                    "path": "::list products: has data",
                    "id": "4290724cf781171eb17f384ed5f458d4",
                    "passes": 6313,
                    "fails": 0
                },
                "get product: status 200 or 404": {
                    "path": "::get product: status 200 or 404",
                    "id": "2cbbbbbba72fe3cd0c1b28772a24e4c9",
                    "passes": 6313,
                    "fails": 0,
                    "name": "get product: status 200 or 404"
                },
                "search: status 200": {
                    "name": "search: status 200",
                    "path": "::search: status 200",
                    "id": "cd68838b4cc6f7786becc08340f51f71",
                    "passes": 6313,
                    "fails": 0
                },
                "category filter: status 200": {
                    "passes": 6313,
                    "fails": 0,
                    "name": "category filter: status 200",
                    "path": "::category filter: status 200",
                    "id": "08bdd22fe49b26bd9062a4063e91365b"
                },
                "reviews by product: status 200": {
                    "name": "reviews by product: status 200",
                    "path": "::reviews by product: status 200",
                    "id": "ff38d5a6484e85363435e2bde0050fd7",
                    "passes": 6313,
                    "fails": 0
                },
                "average rating: status 200": {
                    "id": "410881361114124b5478d42656b0fe57",
                    "passes": 6313,
                    "fails": 0,
                    "name": "average rating: status 200",
                    "path": "::average rating: status 200"
                },
                "add to cart: status 200 or 201": {
                    "name": "add to cart: status 200 or 201",
                    "path": "::add to cart: status 200 or 201",
                    "id": "1788e10b98590b202bef7a8dbc573220",
                    "passes": 6313,
                    "fails": 0
                },
                "get cart: status 200": {
                    "path": "::get cart: status 200",
                    "id": "28c7dad2666418e7df7959192396d5c0",
                    "passes": 6313,
                    "fails": 0,
                    "name": "get cart: status 200"
                },
                "create order: status 201": {
                    "name": "create order: status 201",
                    "path": "::create order: status 201",
                    "id": "1bcfa49d77d46f40d66acd4c4ffcf2a7",
                    "passes": 6313,
                    "fails": 0
                },
                "home page: status 200": {
                    "fails": 0,
                    "name": "home page: status 200",
                    "path": "::home page: status 200",
                    "id": "8d960afda292b63e7c50c7370794be43",
                    "passes": 6313
                },
                "products page: status 200": {
                    "id": "d3ec3a910ae752d937097964558034ff",
                    "passes": 6313,
                    "fails": 0,
                    "name": "products page: status 200",
                    "path": "::products page: status 200"
                },
                "product detail page: status 200": {
                    "name": "product detail page: status 200",
                    "path": "::product detail page: status 200",
                    "id": "b24b993fd6b4e43d3aa894d986fa618f",
                    "passes": 6313,
                    "fails": 0
                }
            },
        "name": "",
        "path": "",
        "id": "d41d8cd98f00b204e9800998ecf8427e"
    }
}