{
    "metrics": {
        "checks": {
            "passes": 39564,
            "fails": 0,
            "value": 1
        },
        "iteration_duration": {
            "max": 40316.2114,
            "p(90)": 28747.486259999998,
            "p(95)": 29652.059225,
            "avg": 13943.755955641509,
            "min": 255.3571,
            "med": 12477.375349999998
        },
        "http_req_tls_handshaking": {
            "avg": 0,
            "min": 0,
            "med": 0,
            "max": 0,
            "p(90)": 0,
            "p(95)": 0
        },
        "http_req_failed": {
            "passes": 0,
            "fails": 39564,
            "thresholds": {
                "rate<0.05": false
            },
            "value": 0
        },
        "iterations": {
            "count": 2198,
            "rate": 16.0102979868274
        },
        "http_req_duration": {
            "avg": 774.0592639546039,
            "min": 0,
            "med": 446.9957,
            "max": 19018.297,
            "p(90)": 1922.7138100000002,
            "p(95)": 2678.097655,
            "thresholds": {
                "p(95)<2000": true
            }
        },
        "http_req_duration{expected_response:true}": {
            "max": 19018.297,
            "p(90)": 1922.7138100000002,
            "p(95)": 2678.097655,
            "avg": 774.0592639546039,
            "min": 0,
            "med": 446.9957
        },
        "vus": {
            "value": 13,
            "min": 1,
            "max": 500
        },
        "http_req_sending": {
            "avg": 0.02959473764027906,
            "min": 0,
            "med": 0,
            "max": 63.5911,
            "p(90)": 0,
            "p(95)": 0
        },
        "data_sent": {
            "count": 7971235,
            "rate": 58062.71504687357
        },
        "http_reqs": {
            "count": 39564,
            "rate": 288.1853637628932
        },
        "data_received": {
            "count": 1806629821,
            "rate": 13159545.853548063
        },
        "http_req_blocked": {
            "p(95)": 0,
            "avg": 0.026215653118997106,
            "min": 0,
            "med": 0,
            "max": 135.3957,
            "p(90)": 0
        },
        "http_req_receiving": {
            "min": 0,
            "med": 0,
            "max": 1116.5341,
            "p(90)": 17.465900000000115,
            "p(95)": 75.86148,
            "avg": 12.444068817611972
        },
        "http_req_connecting": {
            "med": 0,
            "max": 135.2918,
            "p(90)": 0,
            "p(95)": 0,
            "avg": 0.018310648569406545,
            "min": 0
        },
        "http_req_waiting": {
            "max": 19018.297,
            "p(90)": 1919.8922600000017,
            "p(95)": 2676.1127749999996,
            "avg": 761.5856003993495,
            "min": 0,
            "med": 417.90160000000003
        },
        "vus_max": {
            "value": 500,
            "min": 500,
            "max": 500
        }
    },
    "root_group": {
        "id": "d41d8cd98f00b204e9800998ecf8427e",
        "groups": {},
        "checks": {
                "list products: status 200": {
                    "path": "::list products: status 200",
                    "id": "924a40c79df3d6bc39fdcdfcc923816e",
                    "passes": 2198,
                    "fails": 0,
                    "name": "list products: status 200"
                },
                "list products: has data": {
                    "passes": 2198,
                    "fails": 0,
                    "name": "list products: has data",
                    "path": "::list products: has data",
                    "id": "4290724cf781171eb17f384ed5f458d4"
                },
                "get product: status 200 or 404": {
                    "fails": 0,
                    "name": "get product: status 200 or 404",
                    "path": "::get product: status 200 or 404",
                    "id": "2cbbbbbba72fe3cd0c1b28772a24e4c9",
                    "passes": 2198
                },
                "search: status 200": {
                    "name": "search: status 200",
                    "path": "::search: status 200",
                    "id": "cd68838b4cc6f7786becc08340f51f71",
                    "passes": 2198,
                    "fails": 0
                },
                "category filter: status 200": {
                    "id": "08bdd22fe49b26bd9062a4063e91365b",
                    "passes": 2198,
                    "fails": 0,
                    "name": "category filter: status 200",
                    "path": "::category filter: status 200"
                },
                "reviews by product: status 200": {
                    "fails": 0,
                    "name": "reviews by product: status 200",
                    "path": "::reviews by product: status 200",
                    "id": "ff38d5a6484e85363435e2bde0050fd7",
                    "passes": 2198
                },
                "average rating: status 200": {
                    "passes": 2198,
                    "fails": 0,
                    "name": "average rating: status 200",
                    "path": "::average rating: status 200",
                    "id": "410881361114124b5478d42656b0fe57"
                },
                "add to cart: status 200 or 201": {
                    "name": "add to cart: status 200 or 201",
                    "path": "::add to cart: status 200 or 201",
                    "id": "1788e10b98590b202bef7a8dbc573220",
                    "passes": 2198,
                    "fails": 0
                },
                "get cart: status 200": {
                    "fails": 0,
                    "name": "get cart: status 200",
                    "path": "::get cart: status 200",
                    "id": "28c7dad2666418e7df7959192396d5c0",
                    "passes": 2198
                },
                "create order: status 201": {
                    "name": "create order: status 201",
                    "path": "::create order: status 201",
                    "id": "1bcfa49d77d46f40d66acd4c4ffcf2a7",
                    "passes": 2198,
                    "fails": 0
                },
                "home page: status 200": {
                    "passes": 2198,
                    "fails": 0,
                    "name": "home page: status 200",
                    "path": "::home page: status 200",
                    "id": "8d960afda292b63e7c50c7370794be43"
                },
                "products page: status 200": {
                    "name": "products page: status 200",
                    "path": "::products page: status 200",
                    "id": "d3ec3a910ae752d937097964558034ff",
                    "passes": 2198,
                    "fails": 0
                },
                "product detail page: status 200": {
                    "id": "b24b993fd6b4e43d3aa894d986fa618f",
                    "passes": 2198,
                    "fails": 0,
                    "name": "product detail page: status 200",
                    "path": "::product detail page: status 200"
                },
                "add to cart (page): status 200": {
                    "id": "f0cd3e144cbac350e1e6ac88a1b85040",
                    "passes": 2198,
                    "fails": 0,
                    "name": "add to cart (page): status 200",
                    "path": "::add to cart (page): status 200"
                },
                "cart page: status 200": {
                    "fails": 0,
                    "name": "cart page: status 200",
                    "path": "::cart page: status 200",
                    "id": "71a46f5b7a13213d2d57118ccbab0ff3",
                    "passes": 2198
                },
                "checkout page: status 200": {
                    "name": "checkout page: status 200",
                    "path": "::checkout page: status 200",