{
    "metrics": {
        "http_req_failed": {
            "passes": 0,
            "fails": 103831,
            "thresholds": {
                "rate<0.05": false
            },
            "value": 0
        },
        "http_req_duration{expected_response:true}": {
            "med": 183.8458,
            "max": 1175.1168,
            "p(90)": 529.9105,
            "p(95)": 643.98145,
            "avg": 235.48321203590098,
            "min": 0
        },
        "http_req_waiting": {
            "med": 164.2447,
            "max": 1175.1168,
            "p(90)": 528.9423,
            "p(95)": 643.73745,
            "avg": 225.90561982355777,
            "min": 0
        },
        "data_sent": {
            "rate": 95368.59804724222,
            "count": 11448732
        },
        "http_req_sending": {
            "avg": 0.011918193025204435,
            "min": 0,
            "med": 0,
            "max": 9.1157,
            "p(90)": 0,
            "p(95)": 0
        },
        "vus": {
            "value": 8,
            "min": 1,
            "max": 500
        },
        "http_req_connecting": {
            "avg": 0.0038320463060165116,
            "min": 0,
            "med": 0,
            "max": 36.082,
            "p(90)": 0,
            "p(95)": 0
        },
        "http_req_receiving": {
            "max": 310.072,
            "p(90)": 48.2299,
            "p(95)": 68.5826,
            "avg": 9.565674019319859,
            "min": 0,
            "med": 0
        },
        "vus_max": {
            "value": 500,
            "min": 500,
            "max": 500
        },
        "http_req_tls_handshaking": {
            "avg": 0,
            "min": 0,
            "med": 0,
            "max": 0,
            "p(90)": 0,
            "p(95)": 0
        },
        "iteration_duration": {
            "p(95)": 7023.4542599999995,
            "avg": 3066.201846863653,
            "min": 71.3012,
            "med": 2662.8662,
            "max": 7438.7207,
            "p(90)": 6661.5811
        },
        "http_req_blocked": {
            "avg": 0.00721823347555162,
            "min": 0,
            "med": 0,
            "max": 36.082,
            "p(90)": 0,
            "p(95)": 0
        },
        "http_req_duration": {
            "avg": 235.48321203590098,
            "min": 0,
            "med": 183.8458,
            "max": 1175.1168,
            "p(90)": 529.9105,
            "p(95)": 643.98145,
            "thresholds": {
                "p(95)<2000": false
            }
        },
        "checks": {
            "passes": 103831,
            "fails": 0,
            "value": 1
        },
        "data_received": {
            "count": 5266478891,
            "rate": 43870072.98974812
        },
        "http_reqs": {
            "rate": 864.918220100113,
            "count": 103831
        },
        "iterations": {
            "count": 7987,
            "rate": 66.53217077693176
        }
    },
    "root_group": {
        "name": "",
        "path": "",
        "id": "d41d8cd98f00b204e9800998ecf8427e",
        "groups": {},
        "checks": {
                "list products: status 200": {
                    "id": "924a40c79df3d6bc39fdcdfcc923816e",
                    "passes": 7987,
                    "fails": 0,
                    "name": "list products: status 200",
                    "path": "::list products: status 200"
                },
                "list products: has data": {
                    "name": "list products: has data",
                    "path": "::list products: has data",
                    "id": "4290724cf781171eb17f384ed5f458d4",
                    "passes": 7987,
                    "fails": 0
                },
                "get product: status 200 or 404": {
                    "name": "get product: status 200 or 404",
                    "path": "::get product: status 200 or 404",
                    "id": "2cbbbbbba72fe3cd0c1b28772a24e4c9",
                    "passes": 7987,
                    "fails": 0
                },
                "search: status 200": {
                    "path": "::search: status 200",
                    "id": "cd68838b4cc6f7786becc08340f51f71",
                    "passes": 7987,
                    "fails": 0,
                    "name": "search: status 200"
                },
                "category filter: status 200": {
                    "passes": 7987,
                    "fails": 0,
                    "name": "category filter: status 200",
                    "path": "::category filter: status 200",
                    "id": "08bdd22fe49b26bd9062a4063e91365b"
                },
                "reviews by product: status 200": {
                    "path": "::reviews by product: status 200",
                    "id": "ff38d5a6484e85363435e2bde0050fd7",
                    "passes": 7987,
                    "fails": 0,
                    "name": "reviews by product: status 200"
                },
                "average rating: status 200": {
                    "passes": 7987,
                    "fails": 0,
                    "name": "average rating: status 200",
                    "path": "::average rating: status 200",
                    "id": "410881361114124b5478d42656b0fe57"
                },
                "add to cart: status 200 or 201": {
                    "id": "1788e10b98590b202bef7a8dbc573220",
                    "passes": 7987,
                    "fails": 0,
                    "name": "add to cart: status 200 or 201",
                    "path": "::add to cart: status 200 or 201"
                },
                "get cart: status 200": {
                    "name": "get cart: status 200",
                    "path": "::get cart: status 200",
                    "id": "28c7dad2666418e7df7959192396d5c0",
                    "passes": 7987,
                    "fails": 0
                },
                "create order: status 201": {
                    "path": "::create order: status 201",
                    "id": "1bcfa49d77d46f40d66acd4c4ffcf2a7",
                    "passes": 7987,
                    "fails": 0,
                    "name": "create order: status 201"
                },
                "home page: status 200": {
                    "name": "home page: status 200",
                    "path": "::home page: status 200",
                    "id": "8d960afda292b63e7c50c7370794be43",
                    "passes": 7987,
                    "fails": 0
                },
                "products page: status 200": {
                    "fails": 0,
                    "name": "products page: status 200",
                    "path": "::products page: status 200",
                    "id": "d3ec3a910ae752d937097964558034ff",
                    "passes": 7987
                },
                "product detail page: status 200": {
                    "name": "product detail page: status 200",
                    "path": "::product detail page: status 200",
                    "id": "b24b993fd6b4e43d3aa894d986fa618f",
                    "passes": 7987,
                    "fails": 0
                }
            }
    }
}