{
    "metrics": {
        "iterations": {
            "count": 4731,
            "rate": 39.03375530250175
        },
        "http_reqs": {
            "count": 61503,
            "rate": 507.4388189325228
        },
        "http_req_waiting": {
            "med": 191.8977,
            "max": 2521.2702,
            "p(90)": 1140.7064200000002,
            "p(95)": 1427.84302,
            "avg": 397.66608544135863,
            "min": 0
        },
        "iteration_duration": {
            "max": 12730.941,
            "p(90)": 10738.365,
            "p(95)": 11315.74035,
            "avg": 5386.615253286835,
            "min": 53.627,
            "med": 5380.8268
        },
        "http_req_duration": {
            "min": 0,
            "med": 214.1562,
            "max": 2521.2702,
            "p(90)": 1163.2576800000004,
            "p(95)": 1438.0754399999994,
            "avg": 413.99334801391836,
            "thresholds": {
                "p(95)<2000": false
            }
        },
        "http_req_receiving": {
            "p(90)": 53.68280000000002,
            "p(95)": 76.3507,
            "avg": 16.314822392403702,
            "min": 0,
            "med": 0,
            "max": 1693.5535
        },
        "http_req_tls_handshaking": {
            "min": 0,
            "med": 0,
            "max": 0,
            "p(90)": 0,
            "p(95)": 0,
            "avg": 0
        },
        "vus": {
            "value": 51,
            "min": 1,
            "max": 500
        },
        "data_sent": {
            "rate": 55930.693238306085,
            "count": 6778956
        },
        "http_req_connecting": {
            "p(90)": 0,
            "p(95)": 0,
            "avg": 0.0036704242069492536,
            "min": 0,
            "med": 0,
            "max": 15.6847
        },
        "http_req_sending": {
            "p(95)": 0,
            "avg": 0.012440180153813627,
            "min": 0,
            "med": 0,
            "max": 11.3339,
            "p(90)": 0
        },
        "http_req_duration{expected_response:true}": {
            "avg": 413.99334801391836,
            "min": 0,
            "med": 214.1562,
            "max": 2521.2702,
            "p(90)": 1163.2576800000004,
            "p(95)": 1438.0754399999994
        },
        "http_req_failed": {
            "passes": 0,
            "fails": 61503,
            "thresholds": {
                "rate<0.05": false
            },
            "value": 0
        },
        "checks": {
            "passes": 61503,
            "fails": 0,
            "value": 1
        },
        "data_received": {
            "count": 3119393443,
            "rate": 25736977.456413116
        },
        "http_req_blocked": {
            "avg": 0.006973326504398152,
            "min": 0,
            "med": 0,
            "max": 15.6847,
            "p(90)": 0,
            "p(95)": 0
        },
        "vus_max": {
            "value": 500,
            "min": 500,
            "max": 500
        }
    },
    "root_group": {
        "id": "d41d8cd98f00b204e9800998ecf8427e",
        "groups": {},
        "checks": {
                "list products: status 200": {
                    "name": "list products: status 200",
                    "path": "::list products: status 200",
                    "id": "924a40c79df3d6bc39fdcdfcc923816e",
                    "passes": 4731,
                    "fails": 0
                },
                "list products: has data": {
                    "passes": 4731,
                    "fails": 0,
                    "name": "list products: has data",
                    "path": "::list products: has data",
                    "id": "4290724cf781171eb17f384ed5f458d4"
                },
                "get product: status 200 or 404": {
                    "id": "2cbbbbbba72fe3cd0c1b28772a24e4c9",
                    "passes": 4731,
                    "fails": 0,
                    "name": "get product: status 200 or 404",
                    "path": "::get product: status 200 or 404"
                },
                "search: status 200": {
                    "fails": 0,
                    "name": "search: status 200",
                    "path": "::search: status 200",
                    "id": "cd68838b4cc6f7786becc08340f51f71",
                    "passes": 4731
                },
                "category filter: status 200": {
                    "path": "::category filter: status 200",
                    "id": "08bdd22fe49b26bd9062a4063e91365b",
                    "passes": 4731,
                    "fails": 0,
                    "name": "category filter: status 200"
                },
                "reviews by product: status 200": {
                    "id": "ff38d5a6484e85363435e2bde0050fd7",
                    "passes": 4731,
                    "fails": 0,
                    "name": "reviews by product: status 200",
                    "path": "::reviews by product: status 200"
                },
                "average rating: status 200": {
                    "path": "::average rating: status 200",
                    "id": "410881361114124b5478d42656b0fe57",
                    "passes": 4731,
                    "fails": 0,
                    "name": "average rating: status 200"
                },
                "add to cart: status 200 or 201": {
                    "name": "add to cart: status 200 or 201",
                    "path": "::add to cart: status 200 or 201",
                    "id": "1788e10b98590b202bef7a8dbc573220",
                    "passes": 4731,
                    "fails": 0
                },
                "get cart: status 200": {
                    "passes": 4731,
                    "fails": 0,
                    "name": "get cart: status 200",
                    "path": "::get cart: status 200",
                    "id": "28c7dad2666418e7df7959192396d5c0"
                },
                "create order: status 201": {
                    "fails": 0,
                    "name": "create order: status 201",
                    "path": "::create order: status 201",
                    "id": "1bcfa49d77d46f40d66acd4c4ffcf2a7",
                    "passes": 4731
                },
                "home page: status 200": {
                    "name": "home page: status 200",
                    "path": "::home page: status 200",
                    "id": "8d960afda292b63e7c50c7370794be43",
                    "passes": 4731,
                    "fails": 0
                },
                "products page: status 200": {
                    "name": "products page: status 200",
                    "path": "::products page: status 200",
                    "id": "d3ec3a910ae752d937097964558034ff",
                    "passes": 4731,
                    "fails": 0
                },
                "product detail page: status 200": {
                    "passes": 4731,
                    "fails": 0,
                    "name": "product detail page: status 200",
                    "path": "::product detail page: status 200",
                    "id": "b24b993fd6b4e43d3aa894d986fa618f"
                }
            },
        "name": "",
        "path": ""
    }
}