{
    "metrics": {
        "http_req_connecting": {
            "p(95)": 0,
            "avg": 0.0006565518756254121,
            "min": 0,
            "med": 0,
            "max": 0.5499,
            "p(90)": 0
        },
        "http_req_duration": {
            "min": 0,
            "med": 1.0745,
            "max": 27.4141,
            "p(90)": 1.4558,
            "p(95)": 1.6209800000000003,
            "avg": 1.0587353183803958,
            "thresholds": {
                "p(95)<1500": false
            }
        },
        "http_req_failed": {
            "passes": 0,
            "fails": 40973,
            "thresholds": {
                "rate<0.03": false
            },
            "value": 0
        },
        "iterations": {
            "count": 10243,
            "rate": 84.98231223801099
        },
        "http_reqs": {
            "count": 40973,
            "rate": 339.93754557532213
        },
        "http_req_sending": {
            "avg": 0.0032269640983086404,
            "min": 0,
            "med": 0,
            "max": 1.6893,
            "p(90)": 0,
            "p(95)": 0
        },
        "checks": {
            "passes": 51215,
            "fails": 0,
            "value": 1
        },
        "data_sent": {
            "rate": 59904.706412046464,
            "count": 7220372
        },
        "data_received": {
            "count": 9419054,
            "rate": 78146.3426744788
        },
        "http_req_blocked": {
            "p(95)": 0,
            "avg": 0.0017315085544138825,
            "min": 0,
            "med": 0,
            "max": 0.5538,
            "p(90)": 0
        },
        "http_req_receiving": {
            "min": 0,
            "med": 0,
            "max": 9.3463,
            "p(90)": 0.6639800000000003,
            "p(95)": 0.7939,
            "avg": 0.19795755497522785
        },
        "iteration_duration": {
            "med": 905.5117,
            "max": 932.0371,
            "p(90)": 906.619,
            "p(95)": 907.068,
            "avg": 905.6928048716165,
            "min": 903.0142
        },
        "http_req_tls_handshaking": {
            "med": 0,
            "max": 0,
            "p(90)": 0,
            "p(95)": 0,
            "avg": 0,
            "min": 0
        },
        "http_req_duration{expected_response:true}": {
            "avg": 1.0587353183803958,
            "min": 0,
            "med": 1.0745,
            "max": 27.4141,
            "p(90)": 1.4558,
            "p(95)": 1.6209800000000003
        },
        "vus_max": {
            "value": 200,
            "min": 200,
            "max": 200
        },
        "http_req_waiting": {
            "p(95)": 1.4731,
            "avg": 0.8575507993068594,
            "min": 0,
            "med": 0.6619,
            "max": 22.6767,
            "p(90)": 1.2807400000000009
        },
        "vus": {
            "max": 199,
            "value": 6,
            "min": 1
        }
    },
    "root_group": {
        "name": "",
        "path": "",
        "id": "d41d8cd98f00b204e9800998ecf8427e",
        "groups": {},
        "checks": {
                "create product: status 201": {
                    "fails": 0,
                    "name": "create product: status 201",
                    "path": "::create product: status 201",
                    "id": "d93f8db8db344695f776e44ec6b18c58",
                    "passes": 10243
                },
                "get created product: status 200": {
                    "name": "get created product: status 200",
                    "path": "::get created product: status 200",
                    "id": "afdc866b141a243ae294ef9ad1f445e9",
                    "passes": 10243,
                    "fails": 0
                },
                "get created product: name matches": {
                    "path": "::get created product: name matches",
                    "id": "c11a53a8914fcb33931d909ab82d155e",
                    "passes": 10243,
                    "fails": 0,
                    "name": "get created product: name matches"
                },
                "update product: status 200 or 204": {
                    "id": "fed812f077cab05d9d142603607e1679",
                    "passes": 10243,
                    "fails": 0,
                    "name": "update product: status 200 or 204",
                    "path": "::update product: status 200 or 204"
                },
                "delete product: status 200 or 204": {
                    "id": "bc7117db1fa07e5c01728435a48a565a",
                    "passes": 10243,
                    "fails": 0,
                    "name": "delete product: status 200 or 204",
                    "path": "::delete product: status 200 or 204"
                }
            }
    }
}