{
    "metrics": {
        "http_req_waiting": {
            "max": 1009.0386,
            "p(90)": 481.03569999999985,
            "p(95)": 582.7959349999998,
            "avg": 198.07779074591159,
            "min": 0,
            "med": 141.70475
        },
        "http_req_blocked": {
            "max": 39.1416,
            "p(90)": 0,
            "p(95)": 0,
            "avg": 0.005610973326297507,
            "min": 0,
            "med": 0
        },
        "http_req_tls_handshaking": {
            "avg": 0,
            "min": 0,
            "med": 0,
            "max": 0,
            "p(90)": 0,
            "p(95)": 0
        },
        "data_received": {
            "count": 5959517839,
            "rate": 49637202.270682275
        },
        "vus_max": {
            "value": 500,
            "min": 500,
            "max": 500
        },
        "checks": {
            "passes": 117494,
            "fails": 0,
            "value": 1
        },
        "http_reqs": {
            "count": 117494,
            "rate": 978.6149821426087
        },
        "iteration_duration": {
            "max": 6593.6938,
            "p(90)": 5800.359460000001,
            "p(95)": 6158.871485,
            "avg": 2691.1853038836066,
            "min": 44.1952,
            "med": 2400.6856500000004
        },
        "http_req_duration{expected_response:true}": {
            "med": 161.31189999999998,
            "max": 1009.5567,
            "p(90)": 482.71451999999994,
            "p(95)": 583.033435,
            "avg": 206.67781872861605,
            "min": 0
        },
        "http_req_connecting": {
            "avg": 0.0025883781299470606,
            "min": 0,
            "med": 0,
            "max": 39.1416,
            "p(90)": 0,
            "p(95)": 0
        },
        "data_sent": {
            "count": 12955813,
            "rate": 107909.7886499564
        },
        "http_req_receiving": {
            "min": 0,
            "med": 0,
            "max": 308.1898,
            "p(90)": 43.69941999999999,
            "p(95)": 62.4971,
            "avg": 8.588839863312181
        },
        "iterations": {
            "count": 9038,
            "rate": 75.27807554943145
        },
        "vus": {
            "min": 1,
            "max": 500,
            "value": 3
        },
        "http_req_failed": {
            "passes": 0,
            "fails": 117494,
            "thresholds": {
                "rate<0.05": false
            },
            "value": 0
        },
        "http_req_sending": {
            "avg": 0.011188119393330727,
            "min": 0,
            "med": 0,
            "max": 19.8302,
            "p(90)": 0,
            "p(95)": 0
        },
        "http_req_duration": {
            "avg": 206.67781872861605,
            "min": 0,
            "med": 161.31189999999998,
            "max": 1009.5567,
            "p(90)": 482.71451999999994,
            "p(95)": 583.033435,
            "thresholds": {
                "p(95)<2000": false
            }
        }
    },
    "root_group": {
        "id": "d41d8cd98f00b204e9800998ecf8427e",
        "groups": {},
        "checks": {
                "list products: status 200": {
                    "passes": 9038,
                    "fails": 0,
                    "name": "list products: status 200",
                    "path": "::list products: status 200",
                    "id": "924a40c79df3d6bc39fdcdfcc923816e"
                },
                "list products: has data": {
                    "name": "list products: has data",
                    "path": "::list products: has data",
                    "id": "4290724cf781171eb17f384ed5f458d4",
                    "passes": 9038,
                    "fails": 0
                },
                "get product: status 200 or 404": {
                    "name": "get product: status 200 or 404",
                    "path": "::get product: status 200 or 404",
                    "id": "2cbbbbbba72fe3cd0c1b28772a24e4c9",
                    "passes": 9038,
                    "fails": 0
                },
                "search: status 200": {
                    "name": "search: status 200",
                    "path": "::search: status 200",
                    "id": "cd68838b4cc6f7786becc08340f51f71",
                    "passes": 9038,
                    "fails": 0
                },
                "category filter: status 200": {
                    "path": "::category filter: status 200",
                    "id": "08bdd22fe49b26bd9062a4063e91365b",
                    "passes": 9038,
                    "fails": 0,
                    "name": "category filter: status 200"
                },
                "reviews by product: status 200": {
                    "id": "ff38d5a6484e85363435e2bde0050fd7",
                    "passes": 9038,
                    "fails": 0,
                    "name": "reviews by product: status 200",
                    "path": "::reviews by product: status 200"
                },
                "average rating: status 200": {
                    "path": "::average rating: status 200",
                    "id": "410881361114124b5478d42656b0fe57",
                    "passes": 9038,
                    "fails": 0,
                    "name": "average rating: status 200"
                },
                "add to cart: status 200 or 201": {
                    "name": "add to cart: status 200 or 201",
                    "path": "::add to cart: status 200 or 201",
                    "id": "1788e10b98590b202bef7a8dbc573220",
                    "passes": 9038,
                    "fails": 0
                },
                "get cart: status 200": {
                    "passes": 9038,
                    "fails": 0,
                    "name": "get cart: status 200",
                    "path": "::get cart: status 200",
                    "id": "28c7dad2666418e7df7959192396d5c0"
                },
                "create order: status 201": {
                    "fails": 0,
                    "name": "create order: status 201",
                    "path": "::create order: status 201",
                    "id": "1bcfa49d77d46f40d66acd4c4ffcf2a7",
                    "passes": 9038
                },
                "home page: status 200": {
                    "path": "::home page: status 200",
                    "id": "8d960afda292b63e7c50c7370794be43",
                    "passes": 9038,
                    "fails": 0,
                    "name": "home page: status 200"
                },
                "products page: status 200": {
                    "name": "products page: status 200",
                    "path": "::products page: status 200",
                    "id": "d3ec3a910ae752d937097964558034ff",
                    "passes": 9038,
                    "fails": 0
                },
                "product detail page: status 200": {
                    "name": "product detail page: status 200",
                    "path": "::product detail page: status 200",
                    "id": "b24b993fd6b4e43d3aa894d986fa618f",
                    "passes": 9038,
                    "fails": 0
                }
            },
        "name": "",
        "path": ""
    }
}