{
    "metrics": {
        "vus": {
            "value": 4,
            "min": 1,
            "max": 500
        },
        "iteration_duration": {
            "min": 64.7469,
            "med": 2820.4974,
            "max": 7417.2211,
            "p(90)": 6764.3868600000005,
            "p(95)": 6995.267919999999,
            "avg": 3109.8721255441105
        },
        "http_req_blocked": {
            "p(95)": 0,
            "avg": 0.006695932093870236,
            "min": 0,
            "med": 0,
            "max": 41.2492,
            "p(90)": 0
        },
        "http_req_connecting": {
            "min": 0,
            "med": 0,
            "max": 16.058,
            "p(90)": 0,
            "p(95)": 0,
            "avg": 0.0026954934844969193
        },
        "http_req_duration{expected_response:true}": {
            "p(90)": 543.6436,
            "p(95)": 675.9467,
            "avg": 238.86345328712198,
            "min": 0.5074,
            "med": 187.1779,
            "max": 1251.6379
        },
        "http_reqs": {
            "count": 102141,
            "rate": 851.0232909146729
        },
        "http_req_tls_handshaking": {
            "med": 0,
            "max": 0,
            "p(90)": 0,
            "p(95)": 0,
            "avg": 0,
            "min": 0
        },
        "iterations": {
            "rate": 65.46333007035945,
            "count": 7857
        },
        "data_received": {
            "count": 5180615739,
            "rate": 43164103.10421995
        },
        "vus_max": {
            "value": 500,
            "min": 500,
            "max": 500
        },
        "http_req_duration": {
            "p(95)": 675.9467,
            "avg": 238.86345328712198,
            "min": 0.5074,
            "med": 187.1779,
            "max": 1251.6379,
            "p(90)": 543.6436,
            "thresholds": {
                "p(95)<2000": false
            }
        },
        "data_sent": {
            "count": 11260619,
            "rate": 93821.76637311454
        },
        "checks": {
            "passes": 102141,
            "fails": 0,
            "value": 1
        },
        "http_req_sending": {
            "avg": 0.011857106352982604,
            "min": 0,
            "med": 0,
            "max": 22.2883,
            "p(90)": 0,
            "p(95)": 0
        },
        "http_req_receiving": {
            "med": 0,
            "max": 314.2448,
            "p(90)": 53.284,
            "p(95)": 77.0191,
            "avg": 10.397602016819805,
            "min": 0
        },
        "http_req_failed": {
            "passes": 0,
            "fails": 102141,
            "thresholds": {
                "rate<0.05": false
            },
            "value": 0
        },
        "http_req_waiting": {
            "avg": 228.45399416394864,
            "min": 0.5045,
            "med": 164.2715,
            "max": 1251.1117,
            "p(90)": 542.5492,
            "p(95)": 675.7989
        }
    },
    "root_group": {
        "name": "",
        "path": "",
        "id": "d41d8cd98f00b204e9800998ecf8427e",
        "groups": {},
        "checks": {
                "list products: status 200": {
                    "path": "::list products: status 200",
                    "id": "924a40c79df3d6bc39fdcdfcc923816e",
                    "passes": 7857,
                    "fails": 0,
                    "name": "list products: status 200"
                },
                "list products: has data": {
                    "path": "::list products: has data",
                    "id": "4290724cf781171eb17f384ed5f458d4",
                    "passes": 7857,
                    "fails": 0,
                    "name": "list products: has data"
                },
                "get product: status 200 or 404": {
                    "fails": 0,
                    "name": "get product: status 200 or 404",
                    "path": "::get product: status 200 or 404",
                    "id": "2cbbbbbba72fe3cd0c1b28772a24e4c9",
                    "passes": 7857
                },
                "search: status 200": {
                    "id": "cd68838b4cc6f7786becc08340f51f71",
                    "passes": 7857,
                    "fails": 0,
                    "name": "search: status 200",
                    "path": "::search: status 200"
                },
                "category filter: status 200": {
                    "name": "category filter: status 200",
                    "path": "::category filter: status 200",
                    "id": "08bdd22fe49b26bd9062a4063e91365b",
                    "passes": 7857,
                    "fails": 0
                },
                "reviews by product: status 200": {
                    "name": "reviews by product: status 200",
                    "path": "::reviews by product: status 200",
                    "id": "ff38d5a6484e85363435e2bde0050fd7",
                    "passes": 7857,
                    "fails": 0
                },
                "average rating: status 200": {
                    "id": "410881361114124b5478d42656b0fe57",
                    "passes": 7857,
                    "fails": 0,
                    "name": "average rating: status 200",
                    "path": "::average rating: status 200"
                },
                "add to cart: status 200 or 201": {
                    "name": "add to cart: status 200 or 201",
                    "path": "::add to cart: status 200 or 201",
                    "id": "1788e10b98590b202bef7a8dbc573220",
                    "passes": 7857,
                    "fails": 0
                },
                "get cart: status 200": {
                    "name": "get cart: status 200",
                    "path": "::get cart: status 200",
                    "id": "28c7dad2666418e7df7959192396d5c0",
                    "passes": 7857,
                    "fails": 0
                },
                "create order: status 201": {
                    "fails": 0,
                    "name": "create order: status 201",
                    "path": "::create order: status 201",
                    "id": "1bcfa49d77d46f40d66acd4c4ffcf2a7",
                    "passes": 7857
                },
                "home page: status 200": {
                    "name": "home page: status 200",
                    "path": "::home page: status 200",
                    "id": "8d960afda292b63e7c50c7370794be43",
                    "passes": 7857,
                    "fails": 0
                },
                "products page: status 200": {
                    "name": "products page: status 200",
                    "path": "::products page: status 200",
                    "id": "d3ec3a910ae752d937097964558034ff",
                    "passes": 7857,
                    "fails": 0
                },
                "product detail page: status 200": {
                    "id": "b24b993fd6b4e43d3aa894d986fa618f",
                    "passes": 7857,
                    "fails": 0,
                    "name": "product detail page: status 200",
                    "path": "::product detail page: status 200"
                }
            }
    }
}