{
    "metrics": {
        "http_req_duration": {
            "avg": 884.0824663577507,
            "min": 0,
            "med": 523.7239500000001,
            "max": 22946.62,
            "p(90)": 2117.13099,
            "p(95)": 3061.75422,
            "thresholds": {
                "p(95)<2000": true
            }
        },
        "iteration_duration": {
            "avg": 15833.467534901374,
            "min": 278.9775,
            "med": 14299.8006,
            "max": 44925.2832,
            "p(90)": 31709.14946,
            "p(95)": 32726.986659999995
        },
        "http_req_waiting": {
            "avg": 871.0145619696322,
            "min": 0,
            "med": 491.9848,
            "max": 22500.7377,
            "p(90)": 2112.0753,
            "p(95)": 3053.27539
        },
        "data_received": {
            "rate": 11809322.539076103,
            "count": 1674178211
        },
        "http_reqs": {
            "rate": 252.69542266182455,
            "count": 35824
        },
        "data_sent": {
            "count": 7220833,
            "rate": 50934.330250822095
        },
        "vus": {
            "value": 51,
            "min": 1,
            "max": 500
        },
        "http_req_failed": {
            "passes": 0,
            "fails": 35824,
            "thresholds": {
                "rate<0.05": false
            },
            "value": 0
        },
        "iterations": {
            "count": 1977,
            "rate": 13.945367647454978
        },
        "http_req_receiving": {
            "p(95)": 77.13430499999997,
            "avg": 13.027497094126838,
            "min": 0,
            "med": 0,
            "max": 1222.6283,
            "p(90)": 19.45919000000001
        },
        "http_req_duration{expected_response:true}": {
            "min": 0,
            "med": 523.7239500000001,
            "max": 22946.62,
            "p(90)": 2117.13099,
            "p(95)": 3061.75422,
            "avg": 884.0824663577507
        },
        "http_req_connecting": {
            "p(90)": 0,
            "p(95)": 0,
            "avg": 0.012326473872264408,
            "min": 0,
            "med": 0,
            "max": 19.1703
        },
        "http_req_sending": {
            "avg": 0.04040729399285396,
            "min": 0,
            "med": 0,
            "max": 189.4999,
            "p(90)": 0,
            "p(95)": 0
        },
        "http_req_blocked": {
            "max": 19.1703,
            "p(90)": 0,
            "p(95)": 0,
            "avg": 0.021900223313979443,
            "min": 0,
            "med": 0
        },
        "checks": {
            "passes": 35824,
            "fails": 0,
            "value": 1
        },
        "vus_max": {
            "value": 500,
            "min": 500,
            "max": 500
        },
        "http_req_tls_handshaking": {
            "max": 0,
            "p(90)": 0,
            "p(95)": 0,
            "avg": 0,
            "min": 0,
            "med": 0
        }
    },
    "root_group": {
        "checks": {
            "list products: status 200": {
                "passes": 1991,
                "fails": 0,
                "name": "list products: status 200",
                "path": "::list products: status 200",
                "id": "924a40c79df3d6bc39fdcdfcc923816e"
            },
            "list products: has data": {
                "name": "list products: has data",
                "path": "::list products: has data",
                "id": "4290724cf781171eb17f384ed5f458d4",
                "passes": 1991,
                "fails": 0
            },
            "get product: status 200 or 404": {
                "passes": 1991,
                "fails": 0,
                "name": "get product: status 200 or 404",
                "path": "::get product: status 200 or 404",
                "id": "2cbbbbbba72fe3cd0c1b28772a24e4c9"
            },
            "search: status 200": {
                "name": "search: status 200",
                "path": "::search: status 200",
                "id": "cd68838b4cc6f7786becc08340f51f71",
                "passes": 1991,
                "fails": 0
            },
            "category filter: status 200": {
                "name": "category filter: status 200",
                "path": "::category filter: status 200",
                "id": "08bdd22fe49b26bd9062a4063e91365b",
                "passes": 1991,
                "fails": 0
            },
            "reviews by product: status 200": {
                "name": "reviews by product: status 200",
                "path": "::reviews by product: status 200",
                "id": "ff38d5a6484e85363435e2bde0050fd7",
                "passes": 1991,
                "fails": 0
            },
            "average rating: status 200": {
                "passes": 1991,
                "fails": 0,
                "name": "average rating: status 200",
                "path": "::average rating: status 200",
                "id": "410881361114124b5478d42656b0fe57"
            },
            "add to cart: status 200 or 201": {
                "passes": 1991,
                "fails": 0,
                "name": "add to cart: status 200 or 201",
                "path": "::add to cart: status 200 or 201",
                "id": "1788e10b98590b202bef7a8dbc573220"
            },
            "get cart: status 200": {
                "passes": 1991,
                "fails": 0,
                "name": "get cart: status 200",
                "path": "::get cart: status 200",
                "id": "28c7dad2666418e7df7959192396d5c0"
            },
            "create order: status 201": {
                "path": "::create order: status 201",
                "id": "1bcfa49d77d46f40d66acd4c4ffcf2a7",
                "passes": 1991,
                "fails": 0,
                "name": "create order: status 201"
            },
            "home page: status 200": {
                "name": "home page: status 200",
                "path": "::home page: status 200",
                "id": "8d960afda292b63e7c50c7370794be43",
                "passes": 1991,
                "fails": 0
            },
            "products page: status 200": {
                "name": "products page: status 200",
                "path": "::products page: status 200",
                "id": "d3ec3a910ae752d937097964558034ff",
                "passes": 1991,
                "fails": 0
            },
            "product detail page: status 200": {
                "name": "product detail page: status 200",
                "path": "::product detail page: status 200",
                "id": "b24b993fd6b4e43d3aa894d986fa618f",
                "passes": 1991,
                "fails": 0
            },
            "add to cart (page): status 200": {
                "passes": 1991,
                "fails": 0,
                "name": "add to cart (page): status 200",
                "path": "::add to cart (page): status 200",
                "id": "f0cd3e144cbac350e1e6ac88a1b85040"
            },
            "cart page: status 200": {
                "name": "cart page: status 200",
                "path": "::cart page: status 200",
                "id": "71a46f5b7a13213d2d57118ccbab0ff3",
                "passes": 1991,
                "fails": 0
            },
            "checkout page: status 200": {
                "path": "::checkout page: status 200",
                "id": "4b6b469e2b3feffe3383d401258f1fac",
                "passes": 1991,
                "fails": 0,
                "name": "checkout page: status 200"
            },
            "checkout submit: status 200": {
                "name": "checkout submit: status 200",
                "path": "::checkout submit: status 200",
                "id": "231aef0da674621d55d3389af9895e8b",
                "passes": 1991,
                "fails": 0
            },
            "orders page: status 200": {
                "name": "orders page: status 200",