{
    "metrics": {
        "iteration_duration": {
            "avg": 2719.8484848119638,
            "min": 57.822,
            "med": 2378.5219,
            "max": 6601.019,
            "p(90)": 5877.9781,
            "p(95)": 6200.0173
        },
        "http_req_failed": {
            "passes": 0,
            "fails": 116493,
            "thresholds": {
                "rate<0.05": false
            },
            "value": 0
        },
        "data_received": {
            "rate": 49233186.12574807,
            "count": 5908817261
        },
        "vus": {
            "value": 3,
            "min": 1,
            "max": 500
        },
        "data_sent": {
            "count": 12845415,
            "rate": 107029.99934210964
        },
        "iterations": {
            "rate": 74.6644482957261,
            "count": 8961
        },
        "http_req_blocked": {
            "min": 0,
            "med": 0,
            "max": 26.2279,
            "p(90)": 0,
            "p(95)": 0,
            "avg": 0.005505826959559797
        },
        "http_req_sending": {
            "avg": 0.010254260771033462,
            "min": 0,
            "med": 0,
            "max": 31.7972,
            "p(90)": 0,
            "p(95)": 0
        },
        "http_reqs": {
            "count": 116493,
            "rate": 970.6378278444394
        },
        "http_req_duration{expected_response:true}": {
            "avg": 208.88704013545788,
            "min": 0.506,
            "med": 162.73,
            "max": 1026.259,
            "p(90)": 482.1358,
            "p(95)": 587.05272
        },
        "http_req_tls_handshaking": {
            "min": 0,
            "med": 0,
            "max": 0,
            "p(90)": 0,
            "p(95)": 0,
            "avg": 0
        },
        "http_req_waiting": {
            "avg": 200.14592484441096,
            "min": 0,
            "med": 142.7825,
            "max": 1026.2035,
            "p(90)": 480.05234,
            "p(95)": 586.80008
        },
        "checks": {
            "passes": 116493,
            "fails": 0,
            "value": 1
        },
        "http_req_receiving": {
            "min": 0,
            "med": 0,
            "max": 324.5894,
            "p(90)": 44.782540000000004,
            "p(95)": 63.865259999999985,
            "avg": 8.730861030276486
        },
        "vus_max": {
            "value": 500,
            "min": 500,
            "max": 500
        },
        "http_req_duration": {
            "min": 0.506,
            "med": 162.73,
            "max": 1026.259,
            "p(90)": 482.1358,
            "p(95)": 587.05272,
            "avg": 208.88704013545788,
            "thresholds": {
                "p(95)<2000": false
            }
        },
        "http_req_connecting": {
            "avg": 0.002432132402805319,
            "min": 0,
            "med": 0,
            "max": 26.2279,
            "p(90)": 0,
            "p(95)": 0
        }
    },
    "root_group": {
        "groups": {},
        "checks": {
                "list products: status 200": {
                    "name": "list products: status 200",
                    "path": "::list products: status 200",
                    "id": "924a40c79df3d6bc39fdcdfcc923816e",
                    "passes": 8961,
                    "fails": 0
                },
                "list products: has data": {
                    "name": "list products: has data",
                    "path": "::list products: has data",
                    "id": "4290724cf781171eb17f384ed5f458d4",
                    "passes": 8961,
                    "fails": 0
                },
                "get product: status 200 or 404": {
                    "id": "2cbbbbbba72fe3cd0c1b28772a24e4c9",
                    "passes": 8961,
                    "fails": 0,
                    "name": "get product: status 200 or 404",
                    "path": "::get product: status 200 or 404"
                },
                "search: status 200": {
                    "path": "::search: status 200",
                    "id": "cd68838b4cc6f7786becc08340f51f71",
                    "passes": 8961,
                    "fails": 0,
                    "name": "search: status 200"
                },
                "category filter: status 200": {
                    "name": "category filter: status 200",
                    "path": "::category filter: status 200",
                    "id": "08bdd22fe49b26bd9062a4063e91365b",
                    "passes": 8961,
                    "fails": 0
                },
                "reviews by product: status 200": {
                    "name": "reviews by product: status 200",
                    "path": "::reviews by product: status 200",
                    "id": "ff38d5a6484e85363435e2bde0050fd7",
                    "passes": 8961,
                    "fails": 0
                },
                "average rating: status 200": {
                    "name": "average rating: status 200",
                    "path": "::average rating: status 200",
                    "id": "410881361114124b5478d42656b0fe57",
                    "passes": 8961,
                    "fails": 0
                },
                "add to cart: status 200 or 201": {
                    "name": "add to cart: status 200 or 201",
                    "path": "::add to cart: status 200 or 201",
                    "id": "1788e10b98590b202bef7a8dbc573220",
                    "passes": 8961,
                    "fails": 0
                },
                "get cart: status 200": {
                    "path": "::get cart: status 200",
                    "id": "28c7dad2666418e7df7959192396d5c0",
                    "passes": 8961,
                    "fails": 0,
                    "name": "get cart: status 200"
                },
                "create order: status 201": {
                    "path": "::create order: status 201",
                    "id": "1bcfa49d77d46f40d66acd4c4ffcf2a7",
                    "passes": 8961,
                    "fails": 0,
                    "name": "create order: status 201"
                },
                "home page: status 200": {
                    "passes": 8961,
                    "fails": 0,
                    "name": "home page: status 200",
                    "path": "::home page: status 200",
                    "id": "8d960afda292b63e7c50c7370794be43"
                },
                "products page: status 200": {
                    "id": "d3ec3a910ae752d937097964558034ff",
                    "passes": 8961,
                    "fails": 0,
                    "name": "products page: status 200",
                    "path": "::products page: status 200"
                },
                "product detail page: status 200": {
                    "name": "product detail page: status 200",
                    "path": "::product detail page: status 200",
                    "id": "b24b993fd6b4e43d3aa894d986fa618f",
                    "passes": 8961,
                    "fails": 0
                }
            },
        "name": "",
        "path": "",
        "id": "d41d8cd98f00b204e9800998ecf8427e"
    }
}