{
    "metrics": {
        "http_req_failed": {
            "passes": 0,
            "fails": 38281,
            "thresholds": {
                "rate<0.03": false
            },
            "value": 0
        },
        "checks": {
            "fails": 0,
            "passes": 44660,
            "value": 1
        },
        "http_req_connecting": {
            "max": 12.6174,
            "p(90)": 0,
            "p(95)": 0,
            "avg": 0.002075664167602727,
            "min": 0,
            "med": 0
        },
        "data_received": {
            "count": 2663634974,
            "rate": 22030886.55828854
        },
        "http_req_duration": {
            "p(95)": 110.6425,
            "avg": 25.545380677098226,
            "min": 0,
            "med": 12.9977,
            "max": 353.2397,
            "p(90)": 72.1967,
            "thresholds": {
                "p(95)<1500": false
            }
        },
        "http_reqs": {
            "count": 38281,
            "rate": 316.6216003957018
        },
        "data_sent": {
            "count": 4513187,
            "rate": 37328.50476280861
        },
        "http_req_blocked": {
            "min": 0,
            "med": 0,
            "max": 12.6174,
            "p(90)": 0,
            "p(95)": 0,
            "avg": 0.005082994174655828
        },
        "iteration_duration": {
            "avg": 1460.4946526175509,
            "min": 1324.8057,
            "med": 1426.5451,
            "max": 2010.3963,
            "p(90)": 1623.5642,
            "p(95)": 1680.4572449999998
        },
        "http_req_receiving": {
            "avg": 1.3525466602230825,
            "min": 0,
            "med": 0,
            "max": 124.8406,
            "p(90)": 2.9516,
            "p(95)": 5.764
        },
        "vus": {
            "value": 6,
            "min": 1,
            "max": 199
        },
        "http_req_sending": {
            "min": 0,
            "med": 0,
            "max": 11.4591,
            "p(90)": 0,
            "p(95)": 0,
            "avg": 0.006889334134426991
        },
        "http_req_waiting": {
            "avg": 24.18594468274066,
            "min": 0,
            "med": 12.2101,
            "max": 353.2397,
            "p(90)": 70.0315,
            "p(95)": 106.8109
        },
        "vus_max": {
            "value": 200,
            "min": 200,
            "max": 200
        },
        "http_req_duration{expected_response:true}": {
            "max": 353.2397,
            "p(90)": 72.1967,
            "p(95)": 110.6425,
            "avg": 25.545380677098226,
            "min": 0,
            "med": 12.9977
        },
        "iterations": {
            "rate": 52.768888235014174,
            "count": 6380
        },
        "http_req_tls_handshaking": {
            "max": 0,
            "p(90)": 0,
            "p(95)": 0,
            "avg": 0,
            "min": 0,
            "med": 0
        }
    },
    "root_group": {
        "name": "",
        "path": "",
        "id": "d41d8cd98f00b204e9800998ecf8427e",
        "groups": {},
        "checks": {
                "create review: status 201": {
                    "name": "create review: status 201",
                    "path": "::create review: status 201",
                    "id": "c932329e2b3295bcd8e6c629e7ac0d13",
                    "passes": 6380,
                    "fails": 0
                },
                "list all reviews: status 200": {
                    "id": "f4e88e6d43443e544640686b0ffab8b2",
                    "passes": 6380,
                    "fails": 0,
                    "name": "list all reviews: status 200",
                    "path": "::list all reviews: status 200"
                },
                "get review by id: status 200": {
                    "name": "get review by id: status 200",
                    "path": "::get review by id: status 200",
                    "id": "1f3a78c739c7c8c3e5a40d8e733fd292",
                    "passes": 6380,
                    "fails": 0
                },
                "get review by id: rating matches": {
                    "path": "::get review by id: rating matches",
                    "id": "a1950b9cde3cedc5615a7e443c239f01",
                    "passes": 6380,
                    "fails": 0,
                    "name": "get review by id: rating matches"
                },
                "reviews by product: status 200": {
                    "path": "::reviews by product: status 200",
                    "id": "ff38d5a6484e85363435e2bde0050fd7",
                    "passes": 6380,
                    "fails": 0,
                    "name": "reviews by product: status 200"
                },
                "average rating: status 200": {
                    "id": "410881361114124b5478d42656b0fe57",
                    "passes": 6380,
                    "fails": 0,
                    "name": "average rating: status 200",
                    "path": "::average rating: status 200"
                },
                "delete review: status 200 or 204": {
                    "path": "::delete review: status 200 or 204",
                    "id": "57b5378af40d81f36ee360a25b812e46",
                    "passes": 6380,
                    "fails": 0,
                    "name": "delete review: status 200 or 204"
                }
            }
    }
}