{
    "metrics": {
        "http_req_sending": {
            "avg": 0.03653858380287616,
            "min": 0,
            "med": 0,
            "max": 41.0529,
            "p(90)": 0,
            "p(95)": 0
        },
        "http_req_tls_handshaking": {
            "avg": 0,
            "min": 0,
            "med": 0,
            "max": 0,
            "p(90)": 0,
            "p(95)": 0
        },
        "data_sent": {
            "count": 1856757,
            "rate": 15352.280323209332
        },
        "http_req_duration": {
            "p(90)": 1586.2833,
            "p(95)": 1986.805,
            "avg": 584.6625371205126,
            "min": 0,
            "med": 335.8125,
            "max": 3986.4283,
            "thresholds": {
                "p(95)<2000": false
            }
        },
        "http_req_duration{expected_response:true}": {
            "min": 0,
            "med": 335.8125,
            "max": 3986.4283,
            "p(90)": 1586.2833,
            "p(95)": 1986.805,
            "avg": 584.6625371205126
        },
        "vus": {
            "value": 11,
            "min": 1,
            "max": 200
        },
        "http_reqs": {
            "count": 11891,
            "rate": 98.31871662435212
        },
        "vus_max": {
            "value": 200,
            "min": 200,
            "max": 200
        },
        "iteration_duration": {
            "p(95)": 8493.012885,
            "avg": 4072.5479658957142,
            "min": 1259.1204,
            "med": 3406.38845,
            "max": 10436.1276,
            "p(90)": 7981.710220000001
        },
        "http_req_failed": {
            "passes": 0,
            "fails": 11891,
            "thresholds": {
                "rate<0.05": false
            },
            "value": 0
        },
        "http_req_connecting": {
            "avg": 0.03237477083508536,
            "min": 0,
            "med": 0,
            "max": 56.2551,
            "p(90)": 0,
            "p(95)": 0
        },
        "checks": {
            "passes": 14268,
            "fails": 0,
            "value": 1
        },
        "http_req_waiting": {
            "p(95)": 1986.805,
            "avg": 583.9302956017174,
            "min": 0,
            "med": 334.9954,
            "max": 3986.4283,
            "p(90)": 1586.2833
        },
        "http_req_receiving": {
            "p(90)": 1.6666,
            "p(95)": 3.5859,
            "avg": 0.6957029349928516,
            "min": 0,
            "med": 0,
            "max": 91.1764
        },
        "data_received": {
            "count": 7326110,
            "rate": 60574.69792690541
        },
        "iterations": {
            "count": 2378,
            "rate": 19.66208965879315
        },
        "http_req_blocked": {
            "p(95)": 0,
            "avg": 0.043398074173744854,
            "min": 0,
            "med": 0,
            "max": 62.1392,
            "p(90)": 0
        }
    },
    "setup_data": {
        "productCount": 1000
    },
    "root_group": {
        "checks": {
            "create order: status 201": {
                "name": "create order: status 201",
                "path": "::create order: status 201",
                "id": "1bcfa49d77d46f40d66acd4c4ffcf2a7",
                "passes": 2378,
                "fails": 0
            },
            "get order by id: status 200": {
                "name": "get order by id: status 200",
                "path": "::get order by id: status 200",
                "id": "05229a3c72e644b755b6ef58616276b1",
                "passes": 2378,
                "fails": 0
            },
            "orders by customer: status 200": {
                "name": "orders by customer: status 200",
                "path": "::orders by customer: status 200",
                "id": "a40d104ad4af89a1b8cd3ee45a9c83f6",
                "passes": 2378,
                "fails": 0
            },
            "orders by customer: has results": {
                "id": "cd29285d74105a7d0fdc6b8d68cd484b",
                "passes": 2378,
                "fails": 0,
                "name": "orders by customer: has results",
                "path": "::orders by customer: has results"
            },
            "update to Shipped: status 200 or 204": {
                "name": "update to Shipped: status 200 or 204",
                "path": "::update to Shipped: status 200 or 204",
                "id": "0612ab64fd42e505efc3b1aa01182531",
                "passes": 2378,
                "fails": 0
            },
            "update to Delivered: status 200 or 204": {
                "fails": 0,
                "name": "update to Delivered: status 200 or 204",
                "path": "::update to Delivered: status 200 or 204",
                "id": "9a46f2a8c6f6049e49f5299369175bd4",
                "passes": 2378
            }
        },
        "name": "",
        "path": "",
        "id": "d41d8cd98f00b204e9800998ecf8427e",
        "groups": {}
    }
}