{
    "metrics": {
        "data_sent": {
            "count": 2438158,
            "rate": 20268.886802695895
        },
        "vus": {
            "max": 199,
            "value": 1,
            "min": 1
        },
        "vus_max": {
            "value": 200,
            "min": 200,
            "max": 200
        },
        "http_req_tls_handshaking": {
            "max": 0,
            "p(90)": 0,
            "p(95)": 0,
            "avg": 0,
            "min": 0,
            "med": 0
        },
        "checks": {
            "passes": 28003,
            "fails": 0,
            "value": 1
        },
        "iteration_duration": {
            "p(95)": 437.79530999999974,
            "avg": 329.2751615898278,
            "min": 300.015,
            "med": 307.6056,
            "max": 979.1912,
            "p(90)": 389.50304
        },
        "http_req_connecting": {
            "avg": 0.00464960182837553,
            "min": 0,
            "med": 0,
            "max": 15.0956,
            "p(90)": 0,
            "p(95)": 0
        },
        "http_req_waiting": {
            "p(90)": 79.71537999999998,
            "p(95)": 126.40050999999985,
            "avg": 25.548797971645786,
            "min": 0,
            "med": 4.8178,
            "max": 658.5725
        },
        "data_received": {
            "count": 6205615851,
            "rate": 51588504.61083095
        },
        "http_req_receiving": {
            "avg": 2.235022169053308,
            "min": 0,
            "med": 0,
            "max": 213.1174,
            "p(90)": 4.409799999999997,
            "p(95)": 14.947369999999998
        },
        "iterations": {
            "count": 28003,
            "rate": 232.79444446828023
        },
        "http_reqs": {
            "count": 28003,
            "rate": 232.79444446828023
        },
        "http_req_failed": {
            "passes": 0,
            "fails": 28003,
            "thresholds": {
                "rate<0.05": false
            },
            "value": 0
        },
        "http_req_duration{expected_response:true}": {
            "avg": 27.79324057065302,
            "min": 0,
            "med": 6.1039,
            "max": 678.8132,
            "p(90)": 87.49023999999999,
            "p(95)": 136.42981999999998
        },
        "http_req_blocked": {
            "avg": 0.006856636788915473,
            "min": 0,
            "med": 0,
            "max": 16.1847,
            "p(90)": 0,
            "p(95)": 0
        },
        "http_req_duration": {
            "med": 6.1039,
            "max": 678.8132,
            "p(90)": 87.49023999999999,
            "p(95)": 136.42981999999998,
            "avg": 27.79324057065302,
            "min": 0,
            "thresholds": {
                "p(95)<1000": false
            }
        },
        "http_req_sending": {
            "avg": 0.009420429953933504,
            "min": 0,
            "med": 0,
            "max": 13.0608,
            "p(90)": 0,
            "p(95)": 0
        }
    },
    "root_group": {
        "name": "",
        "path": "",
        "id": "d41d8cd98f00b204e9800998ecf8427e",
        "groups": {},
        "checks": {
                "status is 200 or 404": {
                    "name": "status is 200 or 404",
                    "path": "::status is 200 or 404",
                    "id": "ef1456c8a1788ec4ce69f9b568c28265",
                    "passes": 28003,
                    "fails": 0
                }
            }
    }
}