{
    "metrics": {
        "vus": {
            "value": 4,
            "min": 1,
            "max": 199
        },
        "http_req_failed": {
            "passes": 13761,
            "fails": 36696,
            "thresholds": {
                "rate<0.05": true
            },
            "value": 0.2727272727272727
        },
        "http_req_connecting": {
            "avg": 0.0005040430465544918,
            "min": 0,
            "med": 0,
            "max": 2.9137,
            "p(90)": 0,
            "p(95)": 0
        },
        "http_req_duration{expected_response:true}": {
            "p(90)": 9.34825,
            "p(95)": 10.668425,
            "avg": 5.258339282210609,
            "min": 0,
            "med": 5.684,
            "max": 89.8763
        },
        "http_req_sending": {
            "avg": 0.0029096993479596467,
            "min": 0,
            "med": 0,
            "max": 7.5087,
            "p(90)": 0,
            "p(95)": 0
        },
        "http_req_waiting": {
            "avg": 3.5150092395505195,
            "min": 0,
            "med": 1.576,
            "max": 89.8763,
            "p(90)": 8.60832,
            "p(95)": 9.8156
        },
        "http_req_receiving": {
            "min": 0,
            "med": 0,
            "max": 12.1227,
            "p(90)": 0.9728400000000001,
            "p(95)": 1.8680199999999998,
            "avg": 0.3298503141288623
        },
        "iteration_duration": {
            "p(90)": 2055.29116,
            "p(95)": 2060.46463,
            "avg": 2046.1102210377046,
            "min": 2026.5397,
            "med": 2044.0904,
            "max": 2135.36
        },
        "http_req_blocked": {
            "max": 2.9137,
            "p(90)": 0,
            "p(95)": 0,
            "avg": 0.0013707909705293626,
            "min": 0,
            "med": 0
        },
        "data_received": {
            "count": 608284165,
            "rate": 4990500.544540299
        },
        "checks": {
            "passes": 36696,
            "fails": 13761,
            "value": 0.7272727272727273
        },
        "iterations": {
            "count": 4587,
            "rate": 37.632783023056916
        },
        "http_req_duration": {
            "p(90)": 8.84402,
            "p(95)": 10.0345,
            "avg": 3.8477692530273515,
            "min": 0,
            "med": 2.1305,
            "max": 89.8763,
            "thresholds": {
                "p(95)<3000": false
            }
        },
        "http_req_tls_handshaking": {
            "avg": 0,
            "min": 0,
            "med": 0,
            "max": 0,
            "p(90)": 0,
            "p(95)": 0
        },
        "vus_max": {
            "max": 200,
            "value": 200,
            "min": 200
        },
        "data_sent": {
            "count": 11801580,
            "rate": 96822.82526035492
        },
        "http_reqs": {
            "rate": 413.9606132536261,
            "count": 50457
        }
    },
    "root_group": {
        "name": "",
        "path": "",
        "id": "d41d8cd98f00b204e9800998ecf8427e",
        "groups": {},
        "checks": {
                "home: status 200": {
                    "path": "::home: status 200",
                    "id": "797ccedec8c86720a3b12b7d6a1695d9",
                    "passes": 4587,
                    "fails": 0,
                    "name": "home: status 200"
                },
                "products: status 200": {
                    "id": "00d9ade6020028464fb7795d42f375de",
                    "passes": 4587,
                    "fails": 0,
                    "name": "products: status 200",
                    "path": "::products: status 200"
                },
                "search: status 200": {
                    "name": "search: status 200",
                    "path": "::search: status 200",
                    "id": "cd68838b4cc6f7786becc08340f51f71",
                    "passes": 4587,
                    "fails": 0
                },
                "category filter: status 200": {
                    "path": "::category filter: status 200",
                    "id": "08bdd22fe49b26bd9062a4063e91365b",
                    "passes": 4587,
                    "fails": 0,
                    "name": "category filter: status 200"
                },
                "detail: status 200": {
                    "name": "detail: status 200",
                    "path": "::detail: status 200",
                    "id": "2d2bf01d9f31c3b8b35b2cc3644cc1c3",
                    "passes": 4587,
                    "fails": 0
                },
                "add to cart: status 200": {
                    "name": "add to cart: status 200",
                    "path": "::add to cart: status 200",
                    "id": "e4cde9d6761bb2afde2298dd9165b80e",
                    "passes": 0,
                    "fails": 4587
                },
                "add second item: status 200": {
                    "name": "add second item: status 200",
                    "path": "::add second item: status 200",
                    "id": "fc2779a520bbade54e1c5ee4555006f4",
                    "passes": 0,
                    "fails": 4587
                },
                "cart page: status 200": {
                    "id": "71a46f5b7a13213d2d57118ccbab0ff3",
                    "passes": 4587,
                    "fails": 0,
                    "name": "cart page: status 200",
                    "path": "::cart page: status 200"
                },
                "checkout page: status 200": {
                    "name": "checkout page: status 200",
                    "path": "::checkout page: status 200",
                    "id": "4b6b469e2b3feffe3383d401258f1fac",
                    "passes": 4587,
                    "fails": 0
                },
                "checkout submit: status 200": {
                    "name": "checkout submit: status 200",
                    "path": "::checkout submit: status 200",
                    "id": "231aef0da674621d55d3389af9895e8b",
                    "passes": 0,
                    "fails": 4587
                },
                "orders page: status 200": {
                    "name": "orders page: status 200",
                    "path": "::orders page: status 200",
                    "id": "327fb5b5110703aef832d58310868356",
                    "passes": 4587,
                    "fails": 0
                }
            }
    }
}