{
    "metrics": {
        "iterations": {
            "rate": 19.405373088472345,
            "count": 2598
        },
        "http_req_failed": {
            "passes": 0,
            "fails": 46764,
            "thresholds": {
                "rate<0.05": false
            },
            "value": 0
        },
        "http_req_duration": {
            "p(90)": 1641.779430000001,
            "p(95)": 2179.352104999999,
            "avg": 632.5551729599717,
            "min": 0,
            "med": 356.7992,
            "max": 16909.5722,
            "thresholds": {
                "p(95)<2000": true
            }
        },
        "checks": {
            "passes": 46764,
            "fails": 0,
            "value": 1
        },
        "iteration_duration": {
            "avg": 11397.364470631248,
            "min": 198.4067,
            "med": 9553.165649999999,
            "max": 37277.4906,
            "p(90)": 24711.48861,
            "p(95)": 25673.919664999998
        },
        "data_sent": {
            "count": 9422465,
            "rate": 70379.69543420807
        },
        "http_req_waiting": {
            "med": 333.85,
            "max": 16691.7704,
            "p(90)": 1638.5096400000014,
            "p(95)": 2177.96874,
            "avg": 621.8807450303653,
            "min": 0
        },
        "data_received": {
            "count": 2070910337,
            "rate": 15468355.551292915
        },
        "http_req_receiving": {
            "max": 967.5657,
            "p(90)": 15.407170000000034,
            "p(95)": 67.90088499999999,
            "avg": 10.64644635189465,
            "min": 0,
            "med": 0
        },
        "vus_max": {
            "value": 500,
            "min": 500,
            "max": 500
        },
        "http_req_duration{expected_response:true}": {
            "p(95)": 2179.352104999999,
            "avg": 632.5551729599717,
            "min": 0,
            "med": 356.7992,
            "max": 16909.5722,
            "p(90)": 1641.779430000001
        },
        "http_req_sending": {
            "max": 23.6835,
            "p(90)": 0,
            "p(95)": 0,
            "avg": 0.027981577709349097,
            "min": 0,
            "med": 0
        },
        "vus": {
            "value": 51,
            "min": 1,
            "max": 500
        },
        "http_req_blocked": {
            "avg": 0.01984936703447095,
            "min": 0,
            "med": 0,
            "max": 140.1543,
            "p(90)": 0,
            "p(95)": 0
        },
        "http_req_tls_handshaking": {
            "avg": 0,
            "min": 0,
            "med": 0,
            "max": 0,
            "p(90)": 0,
            "p(95)": 0
        },
        "http_reqs": {
            "rate": 349.2967155925022,
            "count": 46764
        },
        "http_req_connecting": {
            "avg": 0.010361628603199039,
            "min": 0,
            "med": 0,
            "max": 38.5484,
            "p(90)": 0,
            "p(95)": 0
        }
    },
    "root_group": {
        "checks": {
            "list products: status 200": {
                "passes": 2598,
                "fails": 0,
                "name": "list products: status 200",
                "path": "::list products: status 200",
                "id": "924a40c79df3d6bc39fdcdfcc923816e"
            },
            "list products: has data": {
                "passes": 2598,
                "fails": 0,
                "name": "list products: has data",
                "path": "::list products: has data",
                "id": "4290724cf781171eb17f384ed5f458d4"
            },
            "get product: status 200 or 404": {
                "passes": 2598,
                "fails": 0,
                "name": "get product: status 200 or 404",
                "path": "::get product: status 200 or 404",
                "id": "2cbbbbbba72fe3cd0c1b28772a24e4c9"
            },
            "search: status 200": {
                "fails": 0,
                "name": "search: status 200",
                "path": "::search: status 200",
                "id": "cd68838b4cc6f7786becc08340f51f71",
                "passes": 2598
            },
            "category filter: status 200": {
                "path": "::category filter: status 200",
                "id": "08bdd22fe49b26bd9062a4063e91365b",
                "passes": 2598,
                "fails": 0,
                "name": "category filter: status 200"
            },
            "reviews by product: status 200": {
                "fails": 0,
                "name": "reviews by product: status 200",
                "path": "::reviews by product: status 200",
                "id": "ff38d5a6484e85363435e2bde0050fd7",
                "passes": 2598
            },
            "average rating: status 200": {
                "path": "::average rating: status 200",
                "id": "410881361114124b5478d42656b0fe57",
                "passes": 2598,
                "fails": 0,
                "name": "average rating: status 200"
            },
            "add to cart: status 200 or 201": {
                "name": "add to cart: status 200 or 201",
                "path": "::add to cart: status 200 or 201",
                "id": "1788e10b98590b202bef7a8dbc573220",
                "passes": 2598,
                "fails": 0
            },
            "get cart: status 200": {
                "path": "::get cart: status 200",
                "id": "28c7dad2666418e7df7959192396d5c0",
                "passes": 2598,
                "fails": 0,
                "name": "get cart: status 200"
            },
            "create order: status 201": {
                "passes": 2598,
                "fails": 0,
                "name": "create order: status 201",
                "path": "::create order: status 201",
                "id": "1bcfa49d77d46f40d66acd4c4ffcf2a7"
            },
            "home page: status 200": {
                "id": "8d960afda292b63e7c50c7370794be43",
                "passes": 2598,
                "fails": 0,
                "name": "home page: status 200",
                "path": "::home page: status 200"
            },
            "products page: status 200": {
                "path": "::products page: status 200",
                "id": "d3ec3a910ae752d937097964558034ff",
                "passes": 2598,
                "fails": 0,
                "name": "products page: status 200"
            },
            "product detail page: status 200": {
                "name": "product detail page: status 200",
                "path": "::product detail page: status 200",
                "id": "b24b993fd6b4e43d3aa894d986fa618f",
                "passes": 2598,
                "fails": 0
            },
            "add to cart (page): status 200": {
                "id": "f0cd3e144cbac350e1e6ac88a1b85040",
                "passes": 2598,
                "fails": 0,
                "name": "add to cart (page): status 200",
                "path": "::add to cart (page): status 200"
            },
            "cart page: status 200": {
                "name": "cart page: status 200",
                "path": "::cart page: status 200",
                "id": "71a46f5b7a13213d2d57118ccbab0ff3",
                "passes": 2598,
                "fails": 0
            },
            "checkout page: status 200": {
                "id": "4b6b469e2b3feffe3383d401258f1fac",
                "passes": 2598,
                "fails": 0,
                "name": "checkout page: status 200",
                "path": "::checkout page: status 200"
            },
            "checkout submit: status 200": {
                "name": "checkout submit: status 200",
                "path": "::checkout submit: status 200",
                "id": "231aef0da674621d55d3389af9895e8b",
                "passes": 2598,
                "fails": 0
            },
            "orders page: status 200": {
                "passes": 2598,