{
    "metrics": {
        "http_req_receiving": {
            "avg": 5.600591441705728,
            "min": 0,
            "med": 0,
            "max": 155.6367,
            "p(90)": 4.251320000000007,
            "p(95)": 55.88428000000002
        },
        "data_received": {
            "count": 6075636180,
            "rate": 50621909.61074935
        },
        "data_sent": {
            "count": 29153571,
            "rate": 242906.15702939665
        },
        "vus": {
            "value": 3,
            "min": 1,
            "max": 500
        },
        "iteration_duration": {
            "p(90)": 5732.122920000001,
            "p(95)": 6106.900484999999,
            "avg": 2678.1099410211314,
            "min": 43.5962,
            "med": 2329.1849,
            "max": 6460.1008
        },
        "checks": {
            "passes": 145408,
            "fails": 18176,
            "value": 0.8888888888888888
        },
        "http_req_waiting": {
            "avg": 142.95657947843208,
            "min": 0,
            "med": 93.12469999999999,
            "max": 832.6186,
            "p(90)": 362.8069200000003,
            "p(95)": 479.35089000000005
        },
        "http_req_duration": {
            "min": 0,
            "med": 99.6145,
            "max": 835.2394,
            "p(90)": 363.12280000000015,
            "p(95)": 479.6186600000001,
            "avg": 148.56475778498913,
            "thresholds": {
                "p(95)<2000": false
            }
        },
        "iterations": {
            "count": 9088,
            "rate": 75.72078065781913
        },
        "http_req_failed": {
            "passes": 18176,
            "fails": 145408,
            "thresholds": {
                "rate<0.05": true
            },
            "value": 0.1111111111111111
        },
        "http_req_blocked": {
            "max": 8.4909,
            "p(90)": 0,
            "p(95)": 0,
            "avg": 0.002776286800665099,
            "min": 0,
            "med": 0
        },
        "http_req_connecting": {
            "min": 0,
            "med": 0,
            "max": 7.0007,
            "p(90)": 0,
            "p(95)": 0,
            "avg": 0.000683242859937402
        },
        "http_req_tls_handshaking": {
            "max": 0,
            "p(90)": 0,
            "p(95)": 0,
            "avg": 0,
            "min": 0,
            "med": 0
        },
        "http_req_sending": {
            "min": 0,
            "med": 0,
            "max": 3.477,
            "p(90)": 0,
            "p(95)": 0,
            "avg": 0.007586864852308279
        },
        "vus_max": {
            "value": 500,
            "min": 500,
            "max": 500
        },
        "http_reqs": {
            "count": 163584,
            "rate": 1362.9740518407443
        },
        "http_req_duration{expected_response:true}": {
            "min": 0.5057,
            "med": 122.1683,
            "max": 835.2394,
            "p(90)": 380.6276700000001,
            "p(95)": 493.4354149999997,
            "avg": 163.767705814672
        }
    },
    "root_group": {
        "id": "d41d8cd98f00b204e9800998ecf8427e",
        "groups": {},
        "checks": {
                "list products: status 200": {
                    "id": "924a40c79df3d6bc39fdcdfcc923816e",
                    "passes": 9088,
                    "fails": 0,
                    "name": "list products: status 200",
                    "path": "::list products: status 200"
                },
                "list products: has data": {
                    "path": "::list products: has data",
                    "id": "4290724cf781171eb17f384ed5f458d4",
                    "passes": 9088,
                    "fails": 0,
                    "name": "list products: has data"
                },
                "get product: status 200 or 404": {
                    "name": "get product: status 200 or 404",
                    "path": "::get product: status 200 or 404",
                    "id": "2cbbbbbba72fe3cd0c1b28772a24e4c9",
                    "passes": 9088,
                    "fails": 0
                },
                "search: status 200": {
                    "fails": 0,
                    "name": "search: status 200",
                    "path": "::search: status 200",
                    "id": "cd68838b4cc6f7786becc08340f51f71",
                    "passes": 9088
                },
                "category filter: status 200": {
                    "path": "::category filter: status 200",
                    "id": "08bdd22fe49b26bd9062a4063e91365b",
                    "passes": 9088,
                    "fails": 0,
                    "name": "category filter: status 200"
                },
                "reviews by product: status 200": {
                    "name": "reviews by product: status 200",
                    "path": "::reviews by product: status 200",
                    "id": "ff38d5a6484e85363435e2bde0050fd7",
                    "passes": 9088,
                    "fails": 0
                },
                "average rating: status 200": {
                    "id": "410881361114124b5478d42656b0fe57",
                    "passes": 9088,
                    "fails": 0,
                    "name": "average rating: status 200",
                    "path": "::average rating: status 200"
                },
                "add to cart: status 200 or 201": {
                    "id": "1788e10b98590b202bef7a8dbc573220",
                    "passes": 9088,
                    "fails": 0,
                    "name": "add to cart: status 200 or 201",
                    "path": "::add to cart: status 200 or 201"
                },
                "get cart: status 200": {
                    "passes": 9088,
                    "fails": 0,
                    "name": "get cart: status 200",
                    "path": "::get cart: status 200",
                    "id": "28c7dad2666418e7df7959192396d5c0"
                },
                "create order: status 201": {
                    "fails": 0,
                    "name": "create order: status 201",
                    "path": "::create order: status 201",
                    "id": "1bcfa49d77d46f40d66acd4c4ffcf2a7",
                    "passes": 9088
                },
                "home page: status 200": {
                    "name": "home page: status 200",
                    "path": "::home page: status 200",
                    "id": "8d960afda292b63e7c50c7370794be43",
                    "passes": 9088,
                    "fails": 0
                },
                "products page: status 200": {
                    "name": "products page: status 200",
                    "path": "::products page: status 200",
                    "id": "d3ec3a910ae752d937097964558034ff",
                    "passes": 9088,
                    "fails": 0
                },
                "product detail page: status 200": {
                    "id": "b24b993fd6b4e43d3aa894d986fa618f",
                    "passes": 9088,
                    "fails": 0,
                    "name": "product detail page: status 200",
                    "path": "::product detail page: status 200"
                },
                "add to cart (page): status 200": {
                    "path": "::add to cart (page): status 200",
                    "id": "f0cd3e144cbac350e1e6ac88a1b85040",
                    "passes": 0,
                    "fails": 9088,
                    "name": "add to cart (page): status 200"
                },
                "cart page: status 200": {
                    "name": "cart page: status 200",
                    "path": "::cart page: status 200",
                    "id": "71a46f5b7a13213d2d57118ccbab0ff3",
                    "passes": 9088,
                    "fails": 0
                },
                "checkout page: status 200": {
                    "name": "checkout page: status 200",