{
    "metrics": {
        "iteration_duration": {
            "p(90)": 19610.96945,
            "p(95)": 20560.262740000002,
            "avg": 8747.475131809644,
            "min": 154.8004,
            "med": 7275.2389,
            "max": 27291.7885
        },
        "http_reqs": {
            "count": 57492,
            "rate": 447.8771241304117
        },
        "http_req_duration": {
            "avg": 485.4837553816182,
            "min": 0,
            "med": 275.2578,
            "max": 12885.6217,
            "p(90)": 1239.1970000000006,
            "p(95)": 1701.0080049999995,
            "thresholds": {
                "p(95)<2000": false
            }
        },
        "http_req_blocked": {
            "max": 15.6548,
            "p(90)": 0,
            "p(95)": 0,
            "avg": 0.013194515758714267,
            "min": 0,
            "med": 0
        },
        "vus": {
            "value": 31,
            "min": 1,
            "max": 500
        },
        "checks": {
            "passes": 57492,
            "fails": 0,
            "value": 1
        },
        "http_req_connecting": {
            "max": 15.6548,
            "p(90)": 0,
            "p(95)": 0,
            "avg": 0.006186361580741659,
            "min": 0,
            "med": 0
        },
        "http_req_waiting": {
            "max": 12718.5063,
            "p(90)": 1234.9023100000002,
            "p(95)": 1698.9596949999984,
            "avg": 476.30417142384886,
            "min": 0,
            "med": 257.17814999999996
        },
        "http_req_receiving": {
            "med": 0,
            "max": 802.4543,
            "p(90)": 14.496380000000032,
            "p(95)": 66.33300999999993,
            "avg": 9.153677294232244,
            "min": 0
        },
        "data_sent": {
            "count": 11584912,
            "rate": 90249.37504111696
        },
        "iterations": {
            "count": 3194,
            "rate": 24.88206245168954
        },
        "http_req_failed": {
            "passes": 0,
            "fails": 57492,
            "thresholds": {
                "rate<0.05": false
            },
            "value": 0
        },
        "http_req_duration{expected_response:true}": {
            "avg": 485.4837553816182,
            "min": 0,
            "med": 275.2578,
            "max": 12885.6217,
            "p(90)": 1239.1970000000006,
            "p(95)": 1701.0080049999995
        },
        "http_req_sending": {
            "p(90)": 0,
            "p(95)": 0,
            "avg": 0.025906663535796272,
            "min": 0,
            "med": 0,
            "max": 166.5112
        },
        "vus_max": {
            "value": 500,
            "min": 500,
            "max": 500
        },
        "data_received": {
            "count": 2461490610,
            "rate": 19175630.26996474
        },
        "http_req_tls_handshaking": {
            "avg": 0,
            "min": 0,
            "med": 0,
            "max": 0,
            "p(90)": 0,
            "p(95)": 0
        }
    },
    "root_group": {
        "name": "",
        "path": "",
        "id": "d41d8cd98f00b204e9800998ecf8427e",
        "groups": {},
        "checks": {
                "list products: status 200": {
                    "passes": 3194,
                    "fails": 0,
                    "name": "list products: status 200",
                    "path": "::list products: status 200",
                    "id": "924a40c79df3d6bc39fdcdfcc923816e"
                },
                "list products: has data": {
                    "name": "list products: has data",
                    "path": "::list products: has data",
                    "id": "4290724cf781171eb17f384ed5f458d4",
                    "passes": 3194,
                    "fails": 0
                },
                "get product: status 200 or 404": {
                    "name": "get product: status 200 or 404",
                    "path": "::get product: status 200 or 404",
                    "id": "2cbbbbbba72fe3cd0c1b28772a24e4c9",
                    "passes": 3194,
                    "fails": 0
                },
                "search: status 200": {
                    "name": "search: status 200",
                    "path": "::search: status 200",
                    "id": "cd68838b4cc6f7786becc08340f51f71",
                    "passes": 3194,
                    "fails": 0
                },
                "category filter: status 200": {
                    "name": "category filter: status 200",
                    "path": "::category filter: status 200",
                    "id": "08bdd22fe49b26bd9062a4063e91365b",
                    "passes": 3194,
                    "fails": 0
                },
                "reviews by product: status 200": {
                    "passes": 3194,
                    "fails": 0,
                    "name": "reviews by product: status 200",
                    "path": "::reviews by product: status 200",
                    "id": "ff38d5a6484e85363435e2bde0050fd7"
                },
                "average rating: status 200": {
                    "passes": 3194,
                    "fails": 0,
                    "name": "average rating: status 200",
                    "path": "::average rating: status 200",
                    "id": "410881361114124b5478d42656b0fe57"
                },
                "add to cart: status 200 or 201": {
                    "name": "add to cart: status 200 or 201",
                    "path": "::add to cart: status 200 or 201",
                    "id": "1788e10b98590b202bef7a8dbc573220",
                    "passes": 3194,
                    "fails": 0
                },
                "get cart: status 200": {
                    "fails": 0,
                    "name": "get cart: status 200",
                    "path": "::get cart: status 200",
                    "id": "28c7dad2666418e7df7959192396d5c0",
                    "passes": 3194
                },
                "create order: status 201": {
                    "path": "::create order: status 201",
                    "id": "1bcfa49d77d46f40d66acd4c4ffcf2a7",
                    "passes": 3194,
                    "fails": 0,
                    "name": "create order: status 201"
                },
                "home page: status 200": {
                    "id": "8d960afda292b63e7c50c7370794be43",
                    "passes": 3194,
                    "fails": 0,
                    "name": "home page: status 200",
                    "path": "::home page: status 200"
                },
                "products page: status 200": {
                    "name": "products page: status 200",
                    "path": "::products page: status 200",
                    "id": "d3ec3a910ae752d937097964558034ff",
                    "passes": 3194,
                    "fails": 0
                },
                "product detail page: status 200": {
                    "id": "b24b993fd6b4e43d3aa894d986fa618f",
                    "passes": 3194,
                    "fails": 0,
                    "name": "product detail page: status 200",
                    "path": "::product detail page: status 200"
                },
                "add to cart (page): status 200": {
                    "id": "f0cd3e144cbac350e1e6ac88a1b85040",
                    "passes": 3194,
                    "fails": 0,
                    "name": "add to cart (page): status 200",
                    "path": "::add to cart (page): status 200"
                },
                "cart page: status 200": {
                    "passes": 3194,
                    "fails": 0,
                    "name": "cart page: status 200",
                    "path": "::cart page: status 200",
                    "id": "71a46f5b7a13213d2d57118ccbab0ff3"
                },
                "checkout page: status 200": {
                    "name": "checkout page: status 200",