{
    "metrics": {
        "checks": {
            "passes": 51240,
            "fails": 0,
            "value": 1
        },
        "http_req_waiting": {
            "min": 0,
            "med": 0.5924,
            "max": 20.1159,
            "p(90)": 1.119,
            "p(95)": 1.1988,
            "avg": 0.7430533042226709
        },
        "http_req_duration{expected_response:true}": {
            "med": 1.0525,
            "max": 20.6256,
            "p(90)": 1.2577,
            "p(95)": 1.3151,
            "avg": 0.9501601492937762,
            "min": 0
        },
        "vus": {
            "max": 199,
            "value": 8,
            "min": 1
        },
        "http_req_sending": {
            "min": 0,
            "med": 0,
            "max": 3.8034,
            "p(90)": 0,
            "p(95)": 0,
            "avg": 0.0023167370038787065
        },
        "data_received": {
            "count": 9423556,
            "rate": 78215.61134152907
        },
        "iteration_duration": {
            "avg": 905.1813337724386,
            "min": 902.7941,
            "med": 905.1189,
            "max": 926.8638,
            "p(90)": 905.81755,
            "p(95)": 906.0936
        },
        "http_req_receiving": {
            "p(90)": 0.6243,
            "p(95)": 0.6896,
            "avg": 0.20479010806723175,
            "min": 0,
            "med": 0.0294,
            "max": 13.61
        },
        "http_reqs": {
            "rate": 340.2423199610955,
            "count": 40993
        },
        "data_sent": {
            "count": 7223975,
            "rate": 59959.066507475785
        },
        "vus_max": {
            "value": 200,
            "min": 200,
            "max": 200
        },
        "http_req_tls_handshaking": {
            "p(95)": 0,
            "avg": 0,
            "min": 0,
            "med": 0,
            "max": 0,
            "p(90)": 0
        },
        "http_req_failed": {
            "passes": 0,
            "fails": 40993,
            "thresholds": {
                "rate<0.03": false
            },
            "value": 0
        },
        "http_req_duration": {
            "med": 1.0525,
            "max": 20.6256,
            "p(90)": 1.2577,
            "p(95)": 1.3151,
            "avg": 0.9501601492937762,
            "min": 0,
            "thresholds": {
                "p(95)<1500": false
            }
        },
        "iterations": {
            "count": 10248,
            "rate": 85.05850498771271
        },
        "http_req_blocked": {
            "med": 0,
            "max": 3.9254,
            "p(90)": 0,
            "p(95)": 0,
            "avg": 0.0012288097967945732,
            "min": 0
        },
        "http_req_connecting": {
            "max": 0.5641,
            "p(90)": 0,
            "p(95)": 0,
            "avg": 0.0003544678359719952,
            "min": 0,
            "med": 0
        }
    },
    "root_group": {
        "path": "",
        "id": "d41d8cd98f00b204e9800998ecf8427e",
        "groups": {},
        "checks": {
                "create product: status 201": {
                    "passes": 10248,
                    "fails": 0,
                    "name": "create product: status 201",
                    "path": "::create product: status 201",
                    "id": "d93f8db8db344695f776e44ec6b18c58"
                },
                "get created product: status 200": {
                    "name": "get created product: status 200",
                    "path": "::get created product: status 200",
                    "id": "afdc866b141a243ae294ef9ad1f445e9",
                    "passes": 10248,
                    "fails": 0
                },
                "get created product: name matches": {
                    "name": "get created product: name matches",
                    "path": "::get created product: name matches",
                    "id": "c11a53a8914fcb33931d909ab82d155e",
                    "passes": 10248,
                    "fails": 0
                },
                "update product: status 200 or 204": {
                    "name": "update product: status 200 or 204",
                    "path": "::update product: status 200 or 204",
                    "id": "fed812f077cab05d9d142603607e1679",
                    "passes": 10248,
                    "fails": 0
                },
                "delete product: status 200 or 204": {
                    "name": "delete product: status 200 or 204",
                    "path": "::delete product: status 200 or 204",
                    "id": "bc7117db1fa07e5c01728435a48a565a",
                    "passes": 10248,
                    "fails": 0
                }
            },
        "name": ""
    }
}