{
    "metrics": {
        "http_req_tls_handshaking": {
            "p(95)": 0,
            "avg": 0,
            "min": 0,
            "med": 0,
            "max": 0,
            "p(90)": 0
        },
        "data_sent": {
            "count": 1523228,
            "rate": 12665.969229621169
        },
        "iteration_duration": {
            "avg": 529.374419111438,
            "min": 300.0159,
            "med": 336.91015000000004,
            "max": 6210.1504,
            "p(90)": 977.5661500000003,
            "p(95)": 1298.6337499999997
        },
        "vus_max": {
            "min": 200,
            "max": 200,
            "value": 200
        },
        "http_req_duration": {
            "p(95)": 989.5667049999995,
            "avg": 222.40880460248772,
            "min": 0,
            "med": 28.61185,
            "max": 5909.6146,
            "p(90)": 673.7906400000002,
            "thresholds": {
                "p(95)<1000": false
            }
        },
        "http_req_sending": {
            "avg": 0.013997650279457052,
            "min": 0,
            "med": 0,
            "max": 31.3545,
            "p(90)": 0,
            "p(95)": 0
        },
        "http_reqs": {
            "count": 17534,
            "rate": 145.79899034955866
        },
        "http_req_blocked": {
            "max": 20.7768,
            "p(90)": 0,
            "p(95)": 0,
            "avg": 0.018219926998973433,
            "min": 0,
            "med": 0
        },
        "http_req_waiting": {
            "p(90)": 637.3630700000002,
            "p(95)": 948.0206,
            "avg": 194.60705069008802,
            "min": 0,
            "med": 27.948999999999998,
            "max": 4468.7001
        },
        "iterations": {
            "count": 17534,
            "rate": 145.79899034955866
        },
        "data_received": {
            "count": 11863331833,
            "rate": 98646161.93870077
        },
        "checks": {
            "passes": 17534,
            "fails": 0,
            "value": 1
        },
        "http_req_receiving": {
            "p(90)": 20.658560000000506,
            "p(95)": 76.43424499999985,
            "avg": 27.787756262119256,
            "min": 0,
            "med": 0,
            "max": 2929.8238
        },
        "http_req_connecting": {
            "p(95)": 0,
            "avg": 0.014670274894490706,
            "min": 0,
            "med": 0,
            "max": 20.7768,
            "p(90)": 0
        },
        "vus": {
            "value": 4,
            "min": 1,
            "max": 199
        },
        "http_req_duration{expected_response:true}": {
            "avg": 222.40880460248772,
            "min": 0,
            "med": 28.61185,
            "max": 5909.6146,
            "p(90)": 673.7906400000002,
            "p(95)": 989.5667049999995
        },
        "http_req_failed": {
            "passes": 0,
            "fails": 17534,
            "thresholds": {
                "rate<0.05": false
            },
            "value": 0
        }
    },
    "root_group": {
        "id": "d41d8cd98f00b204e9800998ecf8427e",
        "groups": {},
        "checks": {
                "status is 200 or 404": {
                    "id": "ef1456c8a1788ec4ce69f9b568c28265",
                    "passes": 17534,
                    "fails": 0,
                    "name": "status is 200 or 404",
                    "path": "::status is 200 or 404"
                }
            },
        "name": "",
        "path": ""
    }
}