{
    "metrics": {
        "http_reqs": {
            "count": 162630,
            "rate": 1355.1034512080162
        },
        "http_req_duration": {
            "avg": 147.69886292627297,
            "min": 0,
            "med": 120.4135,
            "max": 659.0887,
            "p(90)": 327.88816,
            "p(95)": 412.39772,
            "thresholds": {
                "p(95)<2000": false
            }
        },
        "http_req_receiving": {
            "avg": 6.134665070405214,
            "min": 0,
            "med": 0,
            "max": 121.8039,
            "p(90)": 35.5292,
            "p(95)": 52.075504999999986
        },
        "checks": {
            "passes": 162630,
            "fails": 0,
            "value": 1
        },
        "data_sent": {
            "count": 17936114,
            "rate": 149451.45411461857
        },
        "vus_max": {
            "max": 500,
            "value": 500,
            "min": 500
        },
        "http_req_failed": {
            "passes": 0,
            "fails": 162630,
            "thresholds": {
                "rate<0.05": false
            },
            "value": 0
        },
        "http_req_duration{expected_response:true}": {
            "avg": 147.69886292627297,
            "min": 0,
            "med": 120.4135,
            "max": 659.0887,
            "p(90)": 327.88816,
            "p(95)": 412.39772
        },
        "http_req_blocked": {
            "min": 0,
            "med": 0,
            "max": 5.7641,
            "p(90)": 0,
            "p(95)": 0,
            "avg": 0.0022975914652893017
        },
        "http_req_tls_handshaking": {
            "avg": 0,
            "min": 0,
            "med": 0,
            "max": 0,
            "p(90)": 0,
            "p(95)": 0
        },
        "vus": {
            "value": 2,
            "min": 1,
            "max": 499
        },
        "http_req_connecting": {
            "max": 5.7641,
            "p(90)": 0,
            "p(95)": 0,
            "avg": 0.000387610526963045,
            "min": 0,
            "med": 0
        },
        "iteration_duration": {
            "min": 27.7296,
            "med": 1710.78435,
            "max": 4731.5161,
            "p(90)": 4209.58483,
            "p(95)": 4487.032165,
            "avg": 1923.5309333413347
        },
        "iterations": {
            "rate": 104.23872701600125,
            "count": 12510
        },
        "http_req_sending": {
            "med": 0,
            "max": 7.4148,
            "p(90)": 0,
            "p(95)": 0,
            "avg": 0.007821591957203444,
            "min": 0
        },
        "http_req_waiting": {
            "max": 659.0887,
            "p(90)": 327.60163000000006,
            "p(95)": 412.2253,
            "avg": 141.55637626391095,
            "min": 0,
            "med": 105.044
        },
        "data_received": {
            "count": 8248261870,
            "rate": 68728082.92753173
        }
    },
    "root_group": {
        "checks": {
            "list products: status 200": {
                "name": "list products: status 200",
                "path": "::list products: status 200",
                "id": "924a40c79df3d6bc39fdcdfcc923816e",
                "passes": 12510,
                "fails": 0
            },
            "list products: has data": {
                "name": "list products: has data",
                "path": "::list products: has data",
                "id": "4290724cf781171eb17f384ed5f458d4",
                "passes": 12510,
                "fails": 0
            },
            "get product: status 200 or 404": {
                "name": "get product: status 200 or 404",
                "path": "::get product: status 200 or 404",
                "id": "2cbbbbbba72fe3cd0c1b28772a24e4c9",
                "passes": 12510,
                "fails": 0
            },
            "search: status 200": {
                "name": "search: status 200",
                "path": "::search: status 200",
                "id": "cd68838b4cc6f7786becc08340f51f71",
                "passes": 12510,
                "fails": 0
            },
            "category filter: status 200": {
                "name": "category filter: status 200",
                "path": "::category filter: status 200",
                "id": "08bdd22fe49b26bd9062a4063e91365b",
                "passes": 12510,
                "fails": 0
            },
            "reviews by product: status 200": {
                "id": "ff38d5a6484e85363435e2bde0050fd7",
                "passes": 12510,
                "fails": 0,
                "name": "reviews by product: status 200",
                "path": "::reviews by product: status 200"
            },
            "average rating: status 200": {
                "name": "average rating: status 200",
                "path": "::average rating: status 200",
                "id": "410881361114124b5478d42656b0fe57",
                "passes": 12510,
                "fails": 0
            },
            "add to cart: status 200 or 201": {
                "name": "add to cart: status 200 or 201",
                "path": "::add to cart: status 200 or 201",
                "id": "1788e10b98590b202bef7a8dbc573220",
                "passes": 12510,
                "fails": 0
            },
            "get cart: status 200": {
                "passes": 12510,
                "fails": 0,
                "name": "get cart: status 200",
                "path": "::get cart: status 200",
                "id": "28c7dad2666418e7df7959192396d5c0"
            },
            "create order: status 201": {
                "id": "1bcfa49d77d46f40d66acd4c4ffcf2a7",
                "passes": 12510,
                "fails": 0,
                "name": "create order: status 201",
                "path": "::create order: status 201"
            },
            "home page: status 200": {
                "path": "::home page: status 200",
                "id": "8d960afda292b63e7c50c7370794be43",
                "passes": 12510,
                "fails": 0,
                "name": "home page: status 200"
            },
            "products page: status 200": {
                "name": "products page: status 200",
                "path": "::products page: status 200",
                "id": "d3ec3a910ae752d937097964558034ff",
                "passes": 12510,
                "fails": 0
            },
            "product detail page: status 200": {
                "name": "product detail page: status 200",
                "path": "::product detail page: status 200",
                "id": "b24b993fd6b4e43d3aa894d986fa618f",
                "passes": 12510,
                "fails": 0
            }
        },
        "name": "",
        "path": "",
        "id": "d41d8cd98f00b204e9800998ecf8427e",
        "groups": {}
    }
}