{
    "metrics": {
        "http_req_failed": {
            "passes": 0,
            "fails": 162981,
            "thresholds": {
                "rate<0.05": false
            },
            "value": 0
        },
        "http_req_connecting": {
            "avg": 0.000433542560175726,
            "min": 0,
            "med": 0,
            "max": 30.5226,
            "p(90)": 0,
            "p(95)": 0
        },
        "iterations": {
            "count": 12537,
            "rate": 104.4511256932429
        },
        "iteration_duration": {
            "avg": 1919.1442084230766,
            "min": 28.0235,
            "med": 1690.3101,
            "max": 4746.7967,
            "p(90)": 4157.34426,
            "p(95)": 4452.739659999999
        },
        "http_reqs": {
            "count": 162981,
            "rate": 1357.8646340121577
        },
        "http_req_blocked": {
            "avg": 0.002461112645032242,
            "min": 0,
            "med": 0,
            "max": 30.5226,
            "p(90)": 0,
            "p(95)": 0
        },
        "checks": {
            "passes": 162981,
            "fails": 0,
            "value": 1
        },
        "vus": {
            "value": 2,
            "min": 1,
            "max": 499
        },
        "http_req_tls_handshaking": {
            "avg": 0,
            "min": 0,
            "med": 0,
            "max": 0,
            "p(90)": 0,
            "p(95)": 0
        },
        "http_req_duration": {
            "avg": 147.36448766052413,
            "min": 0,
            "med": 120.1562,
            "max": 670.028,
            "p(90)": 325.6927,
            "p(95)": 407.567,
            "thresholds": {
                "p(95)<2000": false
            }
        },
        "http_req_sending": {
            "p(95)": 0,
            "avg": 0.007807958596400796,
            "min": 0,
            "med": 0,
            "max": 10.6535,
            "p(90)": 0
        },
        "http_req_waiting": {
            "avg": 141.2636565986204,
            "min": 0,
            "med": 105.1995,
            "max": 670.028,
            "p(90)": 325.5025,
            "p(95)": 407.3611
        },
        "http_req_duration{expected_response:true}": {
            "avg": 147.36448766052413,
            "min": 0,
            "med": 120.1562,
            "max": 670.028,
            "p(90)": 325.6927,
            "p(95)": 407.567
        },
        "http_req_receiving": {
            "p(95)": 50.9316,
            "avg": 6.093023103306511,
            "min": 0,
            "med": 0,
            "max": 148.6929,
            "p(90)": 34.9273
        },
        "data_sent": {
            "count": 17974562,
            "rate": 149753.78756823702
        },
        "data_received": {
            "count": 8265972904,
            "rate": 68867366.57674436
        },
        "vus_max": {
            "value": 500,
            "min": 500,
            "max": 500
        }
    },
    "root_group": {
        "name": "",
        "path": "",
        "id": "d41d8cd98f00b204e9800998ecf8427e",
        "groups": {},
        "checks": {
                "list products: status 200": {
                    "name": "list products: status 200",
                    "path": "::list products: status 200",
                    "id": "924a40c79df3d6bc39fdcdfcc923816e",
                    "passes": 12537,
                    "fails": 0
                },
                "list products: has data": {
                    "path": "::list products: has data",
                    "id": "4290724cf781171eb17f384ed5f458d4",
                    "passes": 12537,
                    "fails": 0,
                    "name": "list products: has data"
                },
                "get product: status 200 or 404": {
                    "name": "get product: status 200 or 404",
                    "path": "::get product: status 200 or 404",
                    "id": "2cbbbbbba72fe3cd0c1b28772a24e4c9",
                    "passes": 12537,
                    "fails": 0
                },
                "search: status 200": {
                    "name": "search: status 200",
                    "path": "::search: status 200",
                    "id": "cd68838b4cc6f7786becc08340f51f71",
                    "passes": 12537,
                    "fails": 0
                },
                "category filter: status 200": {
                    "name": "category filter: status 200",
                    "path": "::category filter: status 200",
                    "id": "08bdd22fe49b26bd9062a4063e91365b",
                    "passes": 12537,
                    "fails": 0
                },
                "reviews by product: status 200": {
                    "fails": 0,
                    "name": "reviews by product: status 200",
                    "path": "::reviews by product: status 200",
                    "id": "ff38d5a6484e85363435e2bde0050fd7",
                    "passes": 12537
                },
                "average rating: status 200": {
                    "name": "average rating: status 200",
                    "path": "::average rating: status 200",
                    "id": "410881361114124b5478d42656b0fe57",
                    "passes": 12537,
                    "fails": 0
                },
                "add to cart: status 200 or 201": {
                    "passes": 12537,
                    "fails": 0,
                    "name": "add to cart: status 200 or 201",
                    "path": "::add to cart: status 200 or 201",
                    "id": "1788e10b98590b202bef7a8dbc573220"
                },
                "get cart: status 200": {
                    "fails": 0,
                    "name": "get cart: status 200",
                    "path": "::get cart: status 200",
                    "id": "28c7dad2666418e7df7959192396d5c0",
                    "passes": 12537
                },
                "create order: status 201": {
                    "name": "create order: status 201",
                    "path": "::create order: status 201",
                    "id": "1bcfa49d77d46f40d66acd4c4ffcf2a7",
                    "passes": 12537,
                    "fails": 0
                },
                "home page: status 200": {
                    "name": "home page: status 200",
                    "path": "::home page: status 200",
                    "id": "8d960afda292b63e7c50c7370794be43",
                    "passes": 12537,
                    "fails": 0
                },
                "products page: status 200": {
                    "passes": 12537,
                    "fails": 0,
                    "name": "products page: status 200",
                    "path": "::products page: status 200",
                    "id": "d3ec3a910ae752d937097964558034ff"
                },
                "product detail page: status 200": {
                    "name": "product detail page: status 200",
                    "path": "::product detail page: status 200",
                    "id": "b24b993fd6b4e43d3aa894d986fa618f",
                    "passes": 12537,
                    "fails": 0
                }
            }
    }
}