{
    "metrics": {
        "vus_max": {
            "value": 200,
            "min": 200,
            "max": 200
        },
        "iteration_duration": {
            "min": 1208.6968,
            "med": 1214.2138,
            "max": 1250.9315,
            "p(90)": 1218.7691,
            "p(95)": 1220.8369,
            "avg": 1214.9699329896862
        },
        "http_req_duration{expected_response:true}": {
            "avg": 1.7216920389450947,
            "min": 0,
            "med": 1.6109,
            "max": 27.1069,
            "p(90)": 2.62,
            "p(95)": 2.9111
        },
        "checks": {
            "passes": 53641,
            "fails": 7663,
            "value": 0.875
        },
        "http_req_connecting": {
            "p(95)": 0,
            "avg": 0.0005333705459270512,
            "min": 0,
            "med": 0,
            "max": 0.6093,
            "p(90)": 0
        },
        "http_req_duration": {
            "med": 1.6109,
            "max": 27.1069,
            "p(90)": 2.62,
            "p(95)": 2.9111,
            "avg": 1.7216920389450947,
            "min": 0,
            "thresholds": {
                "p(95)<1000": false
            }
        },
        "data_sent": {
            "rate": 65513.93863016401,
            "count": 7958058
        },
        "http_req_failed": {
            "passes": 0,
            "fails": 54641,
            "thresholds": {
                "rate<0.02": false
            },
            "value": 0
        },
        "vus": {
            "max": 199,
            "value": 0,
            "min": 0
        },
        "http_reqs": {
            "count": 54641,
            "rate": 449.8267191180049
        },
        "http_req_blocked": {
            "max": 1.0613,
            "p(90)": 0,
            "p(95)": 0,
            "avg": 0.0015644223202357236,
            "min": 0,
            "med": 0
        },
        "iterations": {
            "rate": 63.08490233709617,
            "count": 7663
        },
        "http_req_tls_handshaking": {
            "p(95)": 0,
            "avg": 0,
            "min": 0,
            "med": 0,
            "max": 0,
            "p(90)": 0
        },
        "http_req_waiting": {
            "p(95)": 2.8187,
            "avg": 1.4904313811972463,
            "min": 0,
            "med": 1.3707,
            "max": 26.6005,
            "p(90)": 2.4316
        },
        "http_req_sending": {
            "avg": 0.002806991087278784,
            "min": 0,
            "med": 0,
            "max": 2.7361,
            "p(90)": 0,
            "p(95)": 0
        },
        "http_req_receiving": {
            "p(90)": 0.9007,
            "p(95)": 1.1993,
            "avg": 0.2284536666605658,
            "min": 0,
            "med": 0,
            "max": 7.3388
        },
        "data_received": {
            "count": 15365543,
            "rate": 126495.33857646504
        }
    },
    "root_group": {
        "path": "",
        "id": "d41d8cd98f00b204e9800998ecf8427e",
        "groups": {},
        "checks": {
                "add item 1: status 200 or 201": {
                    "name": "add item 1: status 200 or 201",
                    "path": "::add item 1: status 200 or 201",
                    "id": "34ffb3452c09ac7174d9f647c20645f8",
                    "passes": 7663,
                    "fails": 0
                },
                "add item 2: status 200 or 201": {
                    "name": "add item 2: status 200 or 201",
                    "path": "::add item 2: status 200 or 201",
                    "id": "859dd62118f40bea70a4a5fe4a82c36c",
                    "passes": 7663,
                    "fails": 0
                },
                "add item 3: status 200 or 201": {
                    "path": "::add item 3: status 200 or 201",
                    "id": "6dfec2b2a8ef0686ff9003fbb64073ff",
                    "passes": 7663,
                    "fails": 0,
                    "name": "add item 3: status 200 or 201"
                },
                "get cart: status 200": {
                    "fails": 0,
                    "name": "get cart: status 200",
                    "path": "::get cart: status 200",
                    "id": "28c7dad2666418e7df7959192396d5c0",
                    "passes": 7663
                },
                "get cart: has items": {
                    "fails": 7663,
                    "name": "get cart: has items",
                    "path": "::get cart: has items",
                    "id": "ce5cb3c9d4d19a73e0257c50eea61a4c",
                    "passes": 0
                },
                "update quantity: status 200 or 204": {
                    "path": "::update quantity: status 200 or 204",
                    "id": "6cfa842eec59d2c26f64d983e1b9ad16",
                    "passes": 7663,
                    "fails": 0,
                    "name": "update quantity: status 200 or 204"
                },
                "delete item: status 200 or 204": {
                    "fails": 0,
                    "name": "delete item: status 200 or 204",
                    "path": "::delete item: status 200 or 204",
                    "id": "f05e6698ea497656bf987aa1783be142",
                    "passes": 7663
                },
                "clear cart session: status 200 or 204": {
                    "fails": 0,
                    "name": "clear cart session: status 200 or 204",
                    "path": "::clear cart session: status 200 or 204",
                    "id": "8f83318937121769e691a83b1b01cd11",
                    "passes": 7663
                }
            },
        "name": ""
    }
}