{
    "metrics": {
        "http_req_sending": {
            "p(90)": 0,
            "p(95)": 0,
            "avg": 0.021635836947706228,
            "min": 0,
            "med": 0,
            "max": 15.6886
        },
        "vus": {
            "min": 1,
            "max": 500,
            "value": 55
        },
        "http_req_failed": {
            "passes": 6302,
            "fails": 50416,
            "thresholds": {
                "rate<0.05": true
            },
            "value": 0.1111111111111111
        },
        "http_reqs": {
            "count": 56718,
            "rate": 427.2933841215645
        },
        "http_req_blocked": {
            "max": 31.3932,
            "p(90)": 0,
            "p(95)": 0,
            "avg": 0.014627848302126312,
            "min": 0,
            "med": 0
        },
        "http_req_connecting": {
            "p(90)": 0,
            "p(95)": 0,
            "avg": 0.008683121760287738,
            "min": 0,
            "med": 0,
            "max": 31.3932
        },
        "http_req_duration{expected_response:true}": {
            "med": 299.61885,
            "max": 8029.6453,
            "p(90)": 1401.696,
            "p(95)": 2187.3305250000003,
            "avg": 567.9536902848299,
            "min": 0
        },
        "iteration_duration": {
            "avg": 9220.405172326233,
            "min": 164.2591,
            "med": 7771.3581,
            "max": 25050.8757,
            "p(90)": 19990.1147,
            "p(95)": 22183.164149999997
        },
        "http_req_tls_handshaking": {
            "max": 0,
            "p(90)": 0,
            "p(95)": 0,
            "avg": 0,
            "min": 0,
            "med": 0
        },
        "checks": {
            "passes": 50416,
            "fails": 6302,
            "value": 0.8888888888888888
        },
        "http_req_waiting": {
            "avg": 499.83932510314077,
            "min": 0,
            "med": 222.20065,
            "max": 8029.6453,
            "p(90)": 1245.4691700000005,
            "p(95)": 2024.9025049999998
        },
        "iterations": {
            "count": 3151,
            "rate": 23.738521340086916
        },
        "data_sent": {
            "count": 10105329,
            "rate": 76129.98036023458
        },
        "data_received": {
            "count": 2106885304,
            "rate": 15872529.911177248
        },
        "vus_max": {
            "value": 500,
            "min": 500,
            "max": 500
        },
        "http_req_duration": {
            "p(90)": 1272.7783000000002,
            "p(95)": 2054.749924999996,
            "avg": 511.7536951726063,
            "min": 0,
            "med": 235.9316,
            "max": 8029.6453,
            "thresholds": {
                "p(95)<2000": true
            }
        },
        "http_req_receiving": {
            "avg": 11.892734232518713,
            "min": 0,
            "med": 0,
            "max": 2577.071,
            "p(90)": 8.120790000000012,
            "p(95)": 82.00184499999988
        }
    },
    "root_group": {
        "path": "",
        "id": "d41d8cd98f00b204e9800998ecf8427e",
        "groups": {},
        "checks": {
                "list products: status 200": {
                    "path": "::list products: status 200",
                    "id": "924a40c79df3d6bc39fdcdfcc923816e",
                    "passes": 3151,
                    "fails": 0,
                    "name": "list products: status 200"
                },
                "list products: has data": {
                    "id": "4290724cf781171eb17f384ed5f458d4",
                    "passes": 3151,
                    "fails": 0,
                    "name": "list products: has data",
                    "path": "::list products: has data"
                },
                "get product: status 200 or 404": {
                    "name": "get product: status 200 or 404",
                    "path": "::get product: status 200 or 404",
                    "id": "2cbbbbbba72fe3cd0c1b28772a24e4c9",
                    "passes": 3151,
                    "fails": 0
                },
                "search: status 200": {
                    "path": "::search: status 200",
                    "id": "cd68838b4cc6f7786becc08340f51f71",
                    "passes": 3151,
                    "fails": 0,
                    "name": "search: status 200"
                },
                "category filter: status 200": {
                    "name": "category filter: status 200",
                    "path": "::category filter: status 200",
                    "id": "08bdd22fe49b26bd9062a4063e91365b",
                    "passes": 3151,
                    "fails": 0
                },
                "reviews by product: status 200": {
                    "passes": 3151,
                    "fails": 0,
                    "name": "reviews by product: status 200",
                    "path": "::reviews by product: status 200",
                    "id": "ff38d5a6484e85363435e2bde0050fd7"
                },
                "average rating: status 200": {
                    "fails": 0,
                    "name": "average rating: status 200",
                    "path": "::average rating: status 200",
                    "id": "410881361114124b5478d42656b0fe57",
                    "passes": 3151
                },
                "add to cart: status 200 or 201": {
                    "name": "add to cart: status 200 or 201",
                    "path": "::add to cart: status 200 or 201",
                    "id": "1788e10b98590b202bef7a8dbc573220",
                    "passes": 3151,
                    "fails": 0
                },
                "get cart: status 200": {
                    "id": "28c7dad2666418e7df7959192396d5c0",
                    "passes": 3151,
                    "fails": 0,
                    "name": "get cart: status 200",
                    "path": "::get cart: status 200"
                },
                "create order: status 201": {
                    "name": "create order: status 201",
                    "path": "::create order: status 201",
                    "id": "1bcfa49d77d46f40d66acd4c4ffcf2a7",
                    "passes": 3151,
                    "fails": 0
                },
                "home page: status 200": {
                    "name": "home page: status 200",
                    "path": "::home page: status 200",
                    "id": "8d960afda292b63e7c50c7370794be43",
                    "passes": 3151,
                    "fails": 0
                },
                "products page: status 200": {
                    "id": "d3ec3a910ae752d937097964558034ff",
                    "passes": 3151,
                    "fails": 0,
                    "name": "products page: status 200",
                    "path": "::products page: status 200"
                },
                "product detail page: status 200": {
                    "name": "product detail page: status 200",
                    "path": "::product detail page: status 200",
                    "id": "b24b993fd6b4e43d3aa894d986fa618f",
                    "passes": 3151,
                    "fails": 0
                },
                "add to cart (page): status 200": {
                    "name": "add to cart (page): status 200",
                    "path": "::add to cart (page): status 200",
                    "id": "f0cd3e144cbac350e1e6ac88a1b85040",
                    "passes": 0,
                    "fails": 3151
                },
                "cart page: status 200": {
                    "fails": 0,
                    "name": "cart page: status 200",
                    "path": "::cart page: status 200",
                    "id": "71a46f5b7a13213d2d57118ccbab0ff3",
                    "passes": 3151
                },
                "checkout page: status 200": {
                    "name": "checkout page: status 200",