{
    "metrics": {
        "data_sent": {
            "count": 1519280,
            "rate": 32279.937409964547
        },
        "http_req_receiving": {
            "p(90)": 35.51705000000001,
            "p(95)": 47.082724999999996,
            "avg": 10.982266632004622,
            "min": 0,
            "med": 0,
            "max": 281.8668
        },
        "vus": {
            "value": 1,
            "min": 1,
            "max": 100
        },
        "data_received": {
            "count": 2062481793,
            "rate": 43821272.69972056
        },
        "http_req_connecting": {
            "max": 32.2997,
            "p(90)": 0,
            "p(95)": 0,
            "avg": 0.005426273830155979,
            "min": 0,
            "med": 0
        },
        "iterations": {
            "count": 3462,
            "rate": 73.55664743384844
        },
        "vus_max": {
            "value": 100,
            "min": 100,
            "max": 100
        },
        "http_req_tls_handshaking": {
            "avg": 0,
            "min": 0,
            "med": 0,
            "max": 0,
            "p(90)": 0,
            "p(95)": 0
        },
        "iteration_duration": {
            "med": 942.3418999999999,
            "max": 1326.4607,
            "p(90)": 1133.54116,
            "p(95)": 1173.8143349999998,
            "avg": 907.9853695551699,
            "min": 251.5032
        },
        "http_req_failed": {
            "passes": 0,
            "fails": 17310,
            "thresholds": {
                "rate<0.10": false
            },
            "value": 0
        },
        "http_req_blocked": {
            "avg": 0.01397816291161179,
            "min": 0,
            "med": 0,
            "max": 32.2997,
            "p(90)": 0,
            "p(95)": 0
        },
        "checks": {
            "passes": 17310,
            "fails": 0,
            "value": 1
        },
        "http_req_waiting": {
            "avg": 129.86079567879824,
            "min": 0.5055,
            "med": 108.3656,
            "max": 555.5122,
            "p(90)": 249.98292,
            "p(95)": 290.53248499999995
        },
        "http_req_duration{expected_response:true}": {
            "med": 120.03765,
            "max": 555.5122,
            "p(90)": 255.87122,
            "p(95)": 294.7724649999999,
            "avg": 140.87591575389962,
            "min": 0.5183
        },
        "http_reqs": {
            "count": 17310,
            "rate": 367.7832371692422
        },
        "http_req_sending": {
            "p(95)": 0,
            "avg": 0.03285344309647603,
            "min": 0,
            "med": 0,
            "max": 26.7879,
            "p(90)": 0
        },
        "http_req_duration": {
            "avg": 140.87591575389962,
            "min": 0.5183,
            "med": 120.03765,
            "max": 555.5122,
            "p(90)": 255.87122,
            "p(95)": 294.7724649999999,
            "thresholds": {
                "p(95)<2000": false
            }
        }
    },
    "root_group": {
        "groups": {},
        "checks": {
                "list: status 200": {
                    "name": "list: status 200",
                    "path": "::list: status 200",
                    "id": "ae210d7a519f353e769d3b3d185c78c3",
                    "passes": 3462,
                    "fails": 0
                },
                "search: status 200": {
                    "name": "search: status 200",
                    "path": "::search: status 200",
                    "id": "cd68838b4cc6f7786becc08340f51f71",
                    "passes": 3462,
                    "fails": 0
                },
                "reviews: status 200": {
                    "path": "::reviews: status 200",
                    "id": "b08007dd4d1dafe552104d04bed0f5a0",
                    "passes": 3462,
                    "fails": 0,
                    "name": "reviews: status 200"
                },
                "home page: status 200": {
                    "name": "home page: status 200",
                    "path": "::home page: status 200",
                    "id": "8d960afda292b63e7c50c7370794be43",
                    "passes": 3462,
                    "fails": 0
                },
                "detail page: status 200": {
                    "name": "detail page: status 200",
                    "path": "::detail page: status 200",
                    "id": "524bbb29a3adff2402c98e609fee384d",
                    "passes": 3462,
                    "fails": 0
                }
            },
        "name": "",
        "path": "",
        "id": "d41d8cd98f00b204e9800998ecf8427e"
    }
}