{
    "metrics": {
        "http_req_connecting": {
            "p(95)": 0,
            "avg": 0.0004597781316931187,
            "min": 0,
            "med": 0,
            "max": 1.0632,
            "p(90)": 0
        },
        "http_req_waiting": {
            "min": 0,
            "med": 1.227,
            "max": 37.3812,
            "p(90)": 2.5121,
            "p(95)": 2.92717,
            "avg": 1.5038095904955073
        },
        "data_received": {
            "count": 15361327,
            "rate": 126377.89168844583
        },
        "http_req_sending": {
            "avg": 0.0023793398868691288,
            "min": 0,
            "med": 0,
            "max": 15.6472,
            "p(90)": 0,
            "p(95)": 0
        },
        "checks": {
            "fails": 7661,
            "passes": 53627,
            "value": 0.875
        },
        "vus": {
            "max": 199,
            "value": 0,
            "min": 0
        },
        "iteration_duration": {
            "avg": 1215.0861377104764,
            "min": 1207.8136,
            "med": 1213.6897,
            "max": 1262.253,
            "p(90)": 1219.4058,
            "p(95)": 1223.6557
        },
        "http_req_receiving": {
            "med": 0,
            "max": 7.3035,
            "p(90)": 0.8736,
            "p(95)": 1.1592699999999998,
            "avg": 0.22859474435718705,
            "min": 0
        },
        "http_req_duration{expected_response:true}": {
            "p(95)": 3.0750599999999975,
            "avg": 1.7347836747395686,
            "min": 0,
            "med": 1.5903,
            "max": 37.8465,
            "p(90)": 2.6392
        },
        "http_req_blocked": {
            "p(90)": 0,
            "p(95)": 0,
            "avg": 0.0012727863510718154,
            "min": 0,
            "med": 0,
            "max": 1.0632
        },
        "iterations": {
            "count": 7661,
            "rate": 63.02717390399823
        },
        "http_req_duration": {
            "avg": 1.7347836747395686,
            "min": 0,
            "med": 1.5903,
            "max": 37.8465,
            "p(90)": 2.6392,
            "p(95)": 3.0750599999999975,
            "thresholds": {
                "p(95)<1000": false
            }
        },
        "http_req_failed": {
            "passes": 0,
            "fails": 54627,
            "thresholds": {
                "rate<0.02": false
            },
            "value": 0
        },
        "vus_max": {
            "value": 200,
            "min": 200,
            "max": 200
        },
        "http_reqs": {
            "count": 54627,
            "rate": 449.41723389292673
        },
        "http_req_tls_handshaking": {
            "max": 0,
            "p(90)": 0,
            "p(95)": 0,
            "avg": 0,
            "min": 0,
            "med": 0
        },
        "data_sent": {
            "count": 7955941,
            "rate": 65453.65839667793
        }
    },
    "root_group": {
        "id": "d41d8cd98f00b204e9800998ecf8427e",
        "groups": {},
        "checks": {
                "add item 1: status 200 or 201": {
                    "name": "add item 1: status 200 or 201",
                    "path": "::add item 1: status 200 or 201",
                    "id": "34ffb3452c09ac7174d9f647c20645f8",
                    "passes": 7661,
                    "fails": 0
                },
                "add item 2: status 200 or 201": {
                    "fails": 0,
                    "name": "add item 2: status 200 or 201",
                    "path": "::add item 2: status 200 or 201",
                    "id": "859dd62118f40bea70a4a5fe4a82c36c",
                    "passes": 7661
                },
                "add item 3: status 200 or 201": {
                    "name": "add item 3: status 200 or 201",
                    "path": "::add item 3: status 200 or 201",
                    "id": "6dfec2b2a8ef0686ff9003fbb64073ff",
                    "passes": 7661,
                    "fails": 0
                },
                "get cart: status 200": {
                    "name": "get cart: status 200",
                    "path": "::get cart: status 200",
                    "id": "28c7dad2666418e7df7959192396d5c0",
                    "passes": 7661,
                    "fails": 0
                },
                "get cart: has items": {
                    "path": "::get cart: has items",
                    "id": "ce5cb3c9d4d19a73e0257c50eea61a4c",
                    "passes": 0,
                    "fails": 7661,
                    "name": "get cart: has items"
                },
                "update quantity: status 200 or 204": {
                    "fails": 0,
                    "name": "update quantity: status 200 or 204",
                    "path": "::update quantity: status 200 or 204",
                    "id": "6cfa842eec59d2c26f64d983e1b9ad16",
                    "passes": 7661
                },
                "delete item: status 200 or 204": {
                    "passes": 7661,
                    "fails": 0,
                    "name": "delete item: status 200 or 204",
                    "path": "::delete item: status 200 or 204",
                    "id": "f05e6698ea497656bf987aa1783be142"
                },
                "clear cart session: status 200 or 204": {
                    "name": "clear cart session: status 200 or 204",
                    "path": "::clear cart session: status 200 or 204",
                    "id": "8f83318937121769e691a83b1b01cd11",
                    "passes": 7661,
                    "fails": 0
                }
            },
        "name": "",
        "path": ""
    }
}