{
    "metrics": {
        "http_req_duration{expected_response:true}": {
            "p(95)": 1.7249,
            "avg": 1.1015362081167535,
            "min": 0,
            "med": 1.0922,
            "max": 28.2855,
            "p(90)": 1.5812
        },
        "http_req_blocked": {
            "min": 0,
            "med": 0,
            "max": 10.2158,
            "p(90)": 0,
            "p(95)": 0,
            "avg": 0.002157783634721916
        },
        "http_reqs": {
            "count": 40977,
            "rate": 339.9969025657392
        },
        "http_req_tls_handshaking": {
            "avg": 0,
            "min": 0,
            "med": 0,
            "max": 0,
            "p(90)": 0,
            "p(95)": 0
        },
        "http_req_waiting": {
            "p(90)": 1.3979,
            "p(95)": 1.6105399999999994,
            "avg": 0.9029111281938856,
            "min": 0,
            "med": 0.7297,
            "max": 28.2855
        },
        "data_received": {
            "count": 9420007,
            "rate": 78160.26556721043
        },
        "http_req_sending": {
            "p(90)": 0,
            "p(95)": 0,
            "avg": 0.003619874563779681,
            "min": 0,
            "med": 0,
            "max": 1.4305
        },
        "http_req_failed": {
            "passes": 0,
            "fails": 40977,
            "thresholds": {
                "rate<0.03": false
            },
            "value": 0
        },
        "checks": {
            "fails": 0,
            "passes": 51220,
            "value": 1
        },
        "data_sent": {
            "count": 7221173,
            "rate": 59915.96390393018
        },
        "http_req_receiving": {
            "avg": 0.19500520535910493,
            "min": 0,
            "med": 0,
            "max": 7.9367,
            "p(90)": 0.6820400000000002,
            "p(95)": 0.8251
        },
        "vus": {
            "value": 6,
            "min": 1,
            "max": 199
        },
        "http_req_duration": {
            "avg": 1.1015362081167535,
            "min": 0,
            "med": 1.0922,
            "max": 28.2855,
            "p(90)": 1.5812,
            "p(95)": 1.7249,
            "thresholds": {
                "p(95)<1500": false
            }
        },
        "iteration_duration": {
            "max": 934.1515,
            "p(90)": 906.93712,
            "p(95)": 907.45022,
            "avg": 905.8520489261932,
            "min": 902.7205,
            "med": 905.6726
        },
        "vus_max": {
            "value": 200,
            "min": 200,
            "max": 200
        },
        "http_req_connecting": {
            "avg": 0.0006781291944261416,
            "min": 0,
            "med": 0,
            "max": 0.5503,
            "p(90)": 0,
            "p(95)": 0
        },
        "iterations": {
            "rate": 84.9971513259495,
            "count": 10244
        }
    },
    "root_group": {
        "name": "",
        "path": "",
        "id": "d41d8cd98f00b204e9800998ecf8427e",
        "groups": {},
        "checks": {
                "create product: status 201": {
                    "id": "d93f8db8db344695f776e44ec6b18c58",
                    "passes": 10244,
                    "fails": 0,
                    "name": "create product: status 201",
                    "path": "::create product: status 201"
                },
                "get created product: status 200": {
                    "passes": 10244,
                    "fails": 0,
                    "name": "get created product: status 200",
                    "path": "::get created product: status 200",
                    "id": "afdc866b141a243ae294ef9ad1f445e9"
                },
                "get created product: name matches": {
                    "passes": 10244,
                    "fails": 0,
                    "name": "get created product: name matches",
                    "path": "::get created product: name matches",
                    "id": "c11a53a8914fcb33931d909ab82d155e"
                },
                "update product: status 200 or 204": {
                    "fails": 0,
                    "name": "update product: status 200 or 204",
                    "path": "::update product: status 200 or 204",
                    "id": "fed812f077cab05d9d142603607e1679",
                    "passes": 10244
                },
                "delete product: status 200 or 204": {
                    "fails": 0,
                    "name": "delete product: status 200 or 204",
                    "path": "::delete product: status 200 or 204",
                    "id": "bc7117db1fa07e5c01728435a48a565a",
                    "passes": 10244
                }
            }
    }
}