{
    "metrics": {
        "data_received": {
            "count": 3803967669,
            "rate": 31693008.51430496
        },
        "http_req_connecting": {
            "avg": 0.0006208906958068032,
            "min": 0,
            "med": 0,
            "max": 2.9793,
            "p(90)": 0,
            "p(95)": 0
        },
        "http_req_sending": {
            "avg": 0.006750267452532566,
            "min": 0,
            "med": 0,
            "max": 10.5476,
            "p(90)": 0,
            "p(95)": 0
        },
        "checks": {
            "passes": 139464,
            "fails": 0,
            "value": 1
        },
        "vus": {
            "value": 3,
            "min": 1,
            "max": 500
        },
        "http_req_duration": {
            "avg": 175.08128847444448,
            "min": 0.5098,
            "med": 130.46359999999999,
            "max": 932.4728,
            "p(90)": 415.5791499999999,
            "p(95)": 516.6097700000003,
            "thresholds": {
                "p(95)<2000": false
            }
        },
        "http_req_blocked": {
            "min": 0,
            "med": 0,
            "max": 5.0123,
            "p(90)": 0,
            "p(95)": 0,
            "avg": 0.0020993510870188736
        },
        "http_req_waiting": {
            "med": 122.50955,
            "max": 932.4728,
            "p(90)": 414.6124899999999,
            "p(95)": 515.1338150000001,
            "avg": 171.32897915949877,
            "min": 0.5055
        },
        "iteration_duration": {
            "avg": 3154.3583084925117,
            "min": 37.4783,
            "med": 2881.39395,
            "max": 7521.3173,
            "p(90)": 6670.43115,
            "p(95)": 7150.808675
        },
        "iterations": {
            "count": 7748,
            "rate": 64.55297503445601
        },
        "http_req_tls_handshaking": {
            "avg": 0,
            "min": 0,
            "med": 0,
            "max": 0,
            "p(90)": 0,
            "p(95)": 0
        },
        "http_req_failed": {
            "passes": 0,
            "fails": 139464,
            "thresholds": {
                "rate<0.05": false
            },
            "value": 0
        },
        "http_reqs": {
            "count": 139464,
            "rate": 1161.953550620208
        },
        "data_sent": {
            "rate": 234188.72876578607,
            "count": 28108608
        },
        "http_req_receiving": {
            "med": 0,
            "max": 214.8705,
            "p(90)": 6.401219999999986,
            "p(95)": 32.04513000000001,
            "avg": 3.7455590474960903,
            "min": 0
        },
        "http_req_duration{expected_response:true}": {
            "p(95)": 516.6097700000003,
            "avg": 175.08128847444448,
            "min": 0.5098,
            "med": 130.46359999999999,
            "max": 932.4728,
            "p(90)": 415.5791499999999
        },
        "vus_max": {
            "value": 500,
            "min": 500,
            "max": 500
        }
    },
    "root_group": {
        "name": "",
        "path": "",
        "id": "d41d8cd98f00b204e9800998ecf8427e",
        "groups": {},
        "checks": {
                "list products: status 200": {
                    "id": "924a40c79df3d6bc39fdcdfcc923816e",
                    "passes": 7748,
                    "fails": 0,
                    "name": "list products: status 200",
                    "path": "::list products: status 200"
                },
                "list products: has data": {
                    "name": "list products: has data",
                    "path": "::list products: has data",
                    "id": "4290724cf781171eb17f384ed5f458d4",
                    "passes": 7748,
                    "fails": 0
                },
                "get product: status 200 or 404": {
                    "name": "get product: status 200 or 404",
                    "path": "::get product: status 200 or 404",
                    "id": "2cbbbbbba72fe3cd0c1b28772a24e4c9",
                    "passes": 7748,
                    "fails": 0
                },
                "search: status 200": {
                    "id": "cd68838b4cc6f7786becc08340f51f71",
                    "passes": 7748,
                    "fails": 0,
                    "name": "search: status 200",
                    "path": "::search: status 200"
                },
                "category filter: status 200": {
                    "passes": 7748,
                    "fails": 0,
                    "name": "category filter: status 200",
                    "path": "::category filter: status 200",
                    "id": "08bdd22fe49b26bd9062a4063e91365b"
                },
                "reviews by product: status 200": {
                    "fails": 0,
                    "name": "reviews by product: status 200",
                    "path": "::reviews by product: status 200",
                    "id": "ff38d5a6484e85363435e2bde0050fd7",
                    "passes": 7748
                },
                "average rating: status 200": {
                    "path": "::average rating: status 200",
                    "id": "410881361114124b5478d42656b0fe57",
                    "passes": 7748,
                    "fails": 0,
                    "name": "average rating: status 200"
                },
                "add to cart: status 200 or 201": {
                    "id": "1788e10b98590b202bef7a8dbc573220",
                    "passes": 7748,
                    "fails": 0,
                    "name": "add to cart: status 200 or 201",
                    "path": "::add to cart: status 200 or 201"
                },
                "get cart: status 200": {
                    "name": "get cart: status 200",
                    "path": "::get cart: status 200",
                    "id": "28c7dad2666418e7df7959192396d5c0",
                    "passes": 7748,
                    "fails": 0
                },
                "create order: status 201": {
                    "name": "create order: status 201",
                    "path": "::create order: status 201",
                    "id": "1bcfa49d77d46f40d66acd4c4ffcf2a7",
                    "passes": 7748,
                    "fails": 0
                },
                "home page: status 200": {
                    "path": "::home page: status 200",
                    "id": "8d960afda292b63e7c50c7370794be43",
                    "passes": 7748,
                    "fails": 0,
                    "name": "home page: status 200"
                },
                "products page: status 200": {
                    "path": "::products page: status 200",
                    "id": "d3ec3a910ae752d937097964558034ff",
                    "passes": 7748,
                    "fails": 0,
                    "name": "products page: status 200"
                },
                "product detail page: status 200": {
                    "name": "product detail page: status 200",
                    "path": "::product detail page: status 200",
                    "id": "b24b993fd6b4e43d3aa894d986fa618f",
                    "passes": 7748,
                    "fails": 0
                },
                "add to cart (page): status 200": {
                    "path": "::add to cart (page): status 200",
                    "id": "f0cd3e144cbac350e1e6ac88a1b85040",
                    "passes": 7748,
                    "fails": 0,
                    "name": "add to cart (page): status 200"
                },
                "cart page: status 200": {
                    "fails": 0,
                    "name": "cart page: status 200",
                    "path": "::cart page: status 200",
                    "id": "71a46f5b7a13213d2d57118ccbab0ff3",
                    "passes": 7748
                },