{
    "root_group": {
        "name": "",
        "path": "",
        "id": "d41d8cd98f00b204e9800998ecf8427e",
        "groups": {},
        "checks": {
                "status is 200 or 404": {
                    "name": "status is 200 or 404",
                    "path": "::status is 200 or 404",
                    "id": "ef1456c8a1788ec4ce69f9b568c28265",
                    "passes": 28100,
                    "fails": 0
                }
            }
    },
    "metrics": {
        "http_reqs": {
            "count": 28100,
            "rate": 233.86922360266595
        },
        "http_req_sending": {
            "avg": 0.01124954092526691,
            "min": 0,
            "med": 0,
            "max": 30.47,
            "p(90)": 0,
            "p(95)": 0
        },
        "data_sent": {
            "rate": 20127.284748135688,
            "count": 2418346
        },
        "http_req_receiving": {
            "max": 177.5274,
            "p(90)": 2.5515400000000006,
            "p(95)": 4.349174999999999,
            "avg": 1.33797644483986,
            "min": 0,
            "med": 0
        },
        "iterations": {
            "count": 28100,
            "rate": 233.86922360266595
        },
        "http_req_duration{expected_response:true}": {
            "p(95)": 117.61473999999998,
            "avg": 26.7708038149466,
            "min": 0,
            "med": 11.2441,
            "max": 379.2245,
            "p(90)": 73.10734000000001
        },
        "http_req_tls_handshaking": {
            "max": 0,
            "p(90)": 0,
            "p(95)": 0,
            "avg": 0,
            "min": 0,
            "med": 0
        },
        "vus": {
            "value": 4,
            "min": 1,
            "max": 199
        },
        "checks": {
            "passes": 28100,
            "fails": 0,
            "value": 1
        },
        "iteration_duration": {
            "max": 682.2262,
            "p(90)": 374.31933000000004,
            "p(95)": 419.09197499999993,
            "avg": 328.11062249466016,
            "min": 300.0356,
            "med": 312.72
        },
        "vus_max": {
            "min": 200,
            "max": 200,
            "value": 200
        },
        "http_req_duration": {
            "med": 11.2441,
            "max": 379.2245,
            "p(90)": 73.10734000000001,
            "p(95)": 117.61473999999998,
            "avg": 26.7708038149466,
            "min": 0,
            "thresholds": {
                "p(95)<1000": false
            }
        },
        "http_req_waiting": {
            "med": 10.135000000000002,
            "max": 379.2245,
            "p(90)": 69.62699000000009,
            "p(95)": 113.382435,
            "avg": 25.421577829181587,
            "min": 0
        },
        "http_req_blocked": {
            "avg": 0.008392693950177938,
            "min": 0,
            "med": 0,
            "max": 5.3414,
            "p(90)": 0,
            "p(95)": 0
        },
        "http_req_connecting": {
            "p(90)": 0,
            "p(95)": 0,
            "avg": 0.004961281138790034,
            "min": 0,
            "med": 0,
            "max": 5.2268
        },
        "http_req_failed": {
            "fails": 28100,
            "passes": 0,
            "thresholds": {
                "rate<0.05": false
            },
            "value": 0
        },
        "data_received": {
            "count": 1730924208,
            "rate": 14406046.28612169
        }
    }
}