{
    "metrics": {
        "vus_max": {
            "value": 200,
            "min": 200,
            "max": 200
        },
        "http_req_connecting": {
            "med": 0,
            "max": 1.5594,
            "p(90)": 0,
            "p(95)": 0,
            "avg": 0.002608053292389985,
            "min": 0
        },
        "http_req_waiting": {
            "avg": 3.6266564300042154,
            "min": 0,
            "med": 2.509,
            "max": 96.2826,
            "p(90)": 6.0604,
            "p(95)": 8.5725
        },
        "iteration_duration": {
            "min": 905.6851,
            "med": 914.9017,
            "max": 1035.2327,
            "p(90)": 929.6206,
            "p(95)": 946.0883,
            "avg": 919.2189453491787
        },
        "http_req_duration{expected_response:true}": {
            "min": 0,
            "med": 2.6925,
            "max": 96.2826,
            "p(90)": 6.1758,
            "p(95)": 8.6863,
            "avg": 3.834329258809861
        },
        "http_req_blocked": {
            "min": 0,
            "med": 0,
            "max": 1.9733,
            "p(90)": 0,
            "p(95)": 0,
            "avg": 0.006701485847304434
        },
        "http_req_sending": {
            "avg": 0.01248217230875906,
            "min": 0,
            "med": 0,
            "max": 30.1867,
            "p(90)": 0,
            "p(95)": 0.0115
        },
        "checks": {
            "passes": 50475,
            "fails": 0,
            "value": 1
        },
        "http_req_tls_handshaking": {
            "avg": 0,
            "min": 0,
            "med": 0,
            "max": 0,
            "p(90)": 0,
            "p(95)": 0
        },
        "vus": {
            "value": 8,
            "min": 1,
            "max": 199
        },
        "iterations": {
            "count": 10095,
            "rate": 83.87743769976935
        },
        "http_req_duration": {
            "min": 0,
            "med": 2.6925,
            "max": 96.2826,
            "p(90)": 6.1758,
            "p(95)": 8.6863,
            "avg": 3.834329258809861,
            "thresholds": {
                "p(95)<1500": false
            }
        },
        "data_sent": {
            "count": 7074870,
            "rate": 58783.75113016019
        },
        "http_req_failed": {
            "fails": 40381,
            "passes": 0,
            "thresholds": {
                "rate<0.03": false
            },
            "value": 0
        },
        "http_reqs": {
            "count": 40381,
            "rate": 335.51805960915163
        },
        "data_received": {
            "count": 9272052,
            "rate": 77039.71906676788
        },
        "http_req_receiving": {
            "avg": 0.19519065649686815,
            "min": 0,
            "med": 0,
            "max": 17.8713,
            "p(90)": 0.5887,
            "p(95)": 1.2291
        }
    },
    "root_group": {
        "checks": {
            "create product: status 201": {
                "name": "create product: status 201",
                "path": "::create product: status 201",
                "id": "d93f8db8db344695f776e44ec6b18c58",
                "passes": 10095,
                "fails": 0
            },
            "get created product: status 200": {
                "path": "::get created product: status 200",
                "id": "afdc866b141a243ae294ef9ad1f445e9",
                "passes": 10095,
                "fails": 0,
                "name": "get created product: status 200"
            },
            "get created product: name matches": {
                "name": "get created product: name matches",
                "path": "::get created product: name matches",
                "id": "c11a53a8914fcb33931d909ab82d155e",
                "passes": 10095,
                "fails": 0
            },
            "update product: status 200 or 204": {
                "name": "update product: status 200 or 204",
                "path": "::update product: status 200 or 204",
                "id": "fed812f077cab05d9d142603607e1679",
                "passes": 10095,
                "fails": 0
            },
            "delete product: status 200 or 204": {
                "fails": 0,
                "name": "delete product: status 200 or 204",
                "path": "::delete product: status 200 or 204",
                "id": "bc7117db1fa07e5c01728435a48a565a",
                "passes": 10095
            }
        },
        "name": "",
        "path": "",
        "id": "d41d8cd98f00b204e9800998ecf8427e",
        "groups": {}
    }
}