{
  "Timestamp": "2026-03-06T02:10:37.9783326+11:00",
  "Iteration": 0,
  "HttpReqDuration": {
    "Avg": 369.25247626120387,
    "P50": 350.3623,
    "P90": 613.6103300000004,
    "P95": 707.8441199999996,
    "P99": null,
    "Max": 1200.0947
  },
  "HttpReqs": {
    "Count": 7810,
    "Rate": 165.32251208797567
  },
  "HttpReqFailed": {
    "Count": 0,
    "Rate": 0
  }
}
