{
  "Timestamp": "2026-03-04T17:19:12.9079785+11:00",
  "Iteration": 0,
  "HttpReqDuration": {
    "Avg": 116.67063947002383,
    "P50": 50.4711,
    "P90": 334.06632,
    "P95": 449.44746999999995,
    "P99": null,
    "Max": 1036.3625
  },
  "HttpReqs": {
    "Count": 28039,
    "Rate": 231.08513773905088
  },
  "HttpReqFailed": {
    "Count": 0,
    "Rate": 0
  }
}
