{
  "Timestamp": "2026-03-09T16:47:04.9172441-07:00",
  "Experiment": 0,
  "HttpReqDuration": {
    "Avg": 957.3056286680094,
    "P50": 473.1538,
    "P90": 2733.4703,
    "P95": 3480.8814,
    "P99": null,
    "Max": 5795.7574
  },
  "HttpReqs": {
    "Count": 8431,
    "Rate": 69.83369031690182
  },
  "HttpReqFailed": {
    "Count": 0,
    "Rate": 0
  }
}
