{
  "Timestamp": "2026-03-15T03:19:32.0488450-07:00",
  "Experiment": 0,
  "HttpReqDuration": {
    "Avg": 140.87591575389962,
    "P50": 120.03765,
    "P90": 255.87122,
    "P95": 294.7724649999999,
    "P99": null,
    "Max": 555.5122
  },
  "HttpReqs": {
    "Count": 17310,
    "Rate": 367.7832371692422
  },
  "HttpReqFailed": {
    "Count": 0,
    "Rate": 0
  }
}
