{
  "Timestamp": "2026-03-15T03:27:50.1163028-07:00",
  "Experiment": 0,
  "HttpReqDuration": {
    "Avg": 22.851809543450756,
    "P50": 12.5196,
    "P90": 63.4001,
    "P95": 91.8133,
    "P99": null,
    "Max": 310.4517
  },
  "HttpReqs": {
    "Count": 38791,
    "Rate": 319.6568873131122
  },
  "HttpReqFailed": {
    "Count": 0,
    "Rate": 0
  }
}
