{
  "Timestamp": "2026-03-14T11:21:12.4408721-07:00",
  "Experiment": 0,
  "HttpReqDuration": {
    "Avg": 9.271728135679046,
    "P50": 1.335,
    "P90": 3.0114,
    "P95": 4.8032,
    "P99": null,
    "Max": 647.9491
  },
  "HttpReqs": {
    "Count": 39505,
    "Rate": 328.3121931639785
  },
  "HttpReqFailed": {
    "Count": 0,
    "Rate": 0
  }
}
