{
  "Timestamp": "2026-03-04T17:10:54.3947660+11:00",
  "Iteration": 0,
  "HttpReqDuration": {
    "Avg": 373.0675950614073,
    "P50": 357.0965,
    "P90": 612.4659800000001,
    "P95": 683.99951,
    "P99": null,
    "Max": 1072.3636
  },
  "HttpReqs": {
    "Count": 7735,
    "Rate": 164.12728618275887
  },
  "HttpReqFailed": {
    "Count": 0,
    "Rate": 0
  }
}
