{
  "Timestamp": "2026-03-09T16:49:09.8887770-07:00",
  "Experiment": 0,
  "HttpReqDuration": {
    "Avg": 12.78792863820498,
    "P50": 2.68835,
    "P90": 20.4875,
    "P95": 69.4872749999999,
    "P99": null,
    "Max": 317.4651
  },
  "HttpReqs": {
    "Count": 51344,
    "Rate": 422.362919173326
  },
  "HttpReqFailed": {
    "Count": 0,
    "Rate": 0
  }
}
