{
  "Timestamp": "2026-03-06T02:16:52.4689229+11:00",
  "Iteration": 0,
  "HttpReqDuration": {
    "Avg": 25.762309369722388,
    "P50": 6.5637,
    "P90": 77.71716,
    "P95": 101.13323,
    "P99": null,
    "Max": 253.4433
  },
  "HttpReqs": {
    "Count": 47963,
    "Rate": 391.9210451647768
  },
  "HttpReqFailed": {
    "Count": 0,
    "Rate": 0
  }
}
