{
  "Timestamp": "2026-03-05T05:20:00.1387024+11:00",
  "Iteration": 0,
  "HttpReqDuration": {
    "Avg": 93.52061878882535,
    "P50": 38.2418,
    "P90": 270.27031999999997,
    "P95": 356.15063,
    "P99": null,
    "Max": 812.5066
  },
  "HttpReqs": {
    "Count": 30103,
    "Rate": 248.65712124047838
  },
  "HttpReqFailed": {
    "Count": 0,
    "Rate": 0
  }
}
