{
  "Timestamp": "2026-03-09T16:45:00.8418058-07:00",
  "Experiment": 0,
  "HttpReqDuration": {
    "Avg": 1.059487694297368,
    "P50": 1.0697,
    "P90": 1.45,
    "P95": 1.6679,
    "P99": null,
    "Max": 34.0015
  },
  "HttpReqs": {
    "Count": 40981,
    "Rate": 339.99197422815536
  },
  "HttpReqFailed": {
    "Count": 0,
    "Rate": 0
  }
}
