{
  "Timestamp": "2026-03-14T11:25:22.1029521-07:00",
  "Experiment": 0,
  "HttpReqDuration": {
    "Avg": 1.7347836747395686,
    "P50": 1.5903,
    "P90": 2.6392,
    "P95": 3.0750599999999975,
    "P99": null,
    "Max": 37.8465
  },
  "HttpReqs": {
    "Count": 54627,
    "Rate": 449.41723389292673
  },
  "HttpReqFailed": {
    "Count": 0,
    "Rate": 0
  }
}
