{
  "Timestamp": "2026-03-05T05:13:46.0629056+11:00",
  "Iteration": 0,
  "HttpReqDuration": {
    "Avg": 2.927680170948603,
    "P50": 2.2757,
    "P90": 4.93426,
    "P95": 6.2223399999999955,
    "P99": null,
    "Max": 43.3795
  },
  "HttpReqs": {
    "Count": 40597,
    "Rate": 335.82528677915633
  },
  "HttpReqFailed": {
    "Count": 0,
    "Rate": 0
  }
}
