{
  "Timestamp": "2026-03-15T09:42:40.6496030-07:00",
  "Experiment": 0,
  "HttpReqDuration": {
    "Avg": 1.1052604326911197,
    "P50": 1.1181,
    "P90": 1.6283800000000004,
    "P95": 1.8311400000000009,
    "P99": null,
    "Max": 27.5144
  },
  "HttpReqs": {
    "Count": 40953,
    "Rate": 339.4837611789626
  },
  "HttpReqFailed": {
    "Count": 0,
    "Rate": 0
  }
}
