{
  "Timestamp": "2026-03-15T03:23:39.9959186-07:00",
  "Experiment": 0,
  "HttpReqDuration": {
    "Avg": 533.5067608942522,
    "P50": 293.2365,
    "P90": 1477.124,
    "P95": 1817.9196,
    "P99": null,
    "Max": 3924.7352
  },
  "HttpReqs": {
    "Count": 12681,
    "Rate": 105.15942402535707
  },
  "HttpReqFailed": {
    "Count": 0,
    "Rate": 0
  }
}
