{
  "Timestamp": "2026-03-05T05:08:09.8651947+11:00",
  "Iteration": 0,
  "HttpReqDuration": {
    "Avg": 23.05945494505499,
    "P50": 13.12175,
    "P90": 66.23338000000008,
    "P95": 88.63780499999997,
    "P99": null,
    "Max": 169.1524
  },
  "HttpReqs": {
    "Count": 4004,
    "Rate": 115.02804920483959
  },
  "HttpReqFailed": {
    "Count": 0,
    "Rate": 0
  }
}
