{
  "Timestamp": "2026-03-15T09:46:50.1501774-07:00",
  "Experiment": 0,
  "HttpReqDuration": {
    "Avg": 4.901210404365901,
    "P50": 3.375,
    "P90": 7.7607,
    "P95": 11.384719999999994,
    "P99": null,
    "Max": 261.1717
  },
  "HttpReqs": {
    "Count": 53689,
    "Rate": 440.11441397568535
  },
  "HttpReqFailed": {
    "Count": 0,
    "Rate": 0
  }
}
