{
  "Timestamp": "2026-03-05T05:11:41.7458917+11:00",
  "Iteration": 0,
  "HttpReqDuration": {
    "Avg": 326.08637562212147,
    "P50": 316.9107,
    "P90": 539.2692,
    "P95": 610.2650449999996,
    "P99": null,
    "Max": 1026.2543
  },
  "HttpReqs": {
    "Count": 8680,
    "Rate": 184.08068185028458
  },
  "HttpReqFailed": {
    "Count": 0,
    "Rate": 0
  }
}
