{
  "Timestamp": "2026-03-14T11:16:12.0660773-07:00",
  "Experiment": 0,
  "HttpReqDuration": {
    "Avg": 511.7536951726063,
    "P50": 235.9316,
    "P90": 1272.7783000000002,
    "P95": 2054.749924999996,
    "P99": null,
    "Max": 8029.6453
  },
  "HttpReqs": {
    "Count": 56718,
    "Rate": 427.2933841215645
  },
  "HttpReqFailed": {
    "Count": 6302,
    "Rate": 0.1111111111111111
  }
}
