{
  "Timestamp": "2026-03-09T16:42:56.9628185-07:00",
  "Experiment": 0,
  "HttpReqDuration": {
    "Avg": 139.1144400400583,
    "P50": 113.6446,
    "P90": 263.8381,
    "P95": 315.17452999999995,
    "P99": null,
    "Max": 498.2138
  },
  "HttpReqs": {
    "Count": 17475,
    "Rate": 370.9052750101517
  },
  "HttpReqFailed": {
    "Count": 0,
    "Rate": 0
  }
}
