{
  "Timestamp": "2026-03-05T05:10:51.0238311+11:00",
  "Iteration": 0,
  "HttpReqDuration": {
    "Avg": 43.50316839527412,
    "P50": 18.12695,
    "P90": 124.5017,
    "P95": 184.56742500000001,
    "P99": null,
    "Max": 561.3674
  },
  "HttpReqs": {
    "Count": 26746,
    "Rate": 222.81452894950883
  },
  "HttpReqFailed": {
    "Count": 0,
    "Rate": 0
  }
}
