{
  "Timestamp": "2026-03-14T11:18:17.0309576-07:00",
  "Experiment": 0,
  "HttpReqDuration": {
    "Avg": 252.1864871914127,
    "P50": 10.53195,
    "P90": 758.30143,
    "P95": 1195.9447299999995,
    "P99": null,
    "Max": 2591.7186
  },
  "HttpReqs": {
    "Count": 16770,
    "Rate": 139.34945288749927
  },
  "HttpReqFailed": {
    "Count": 0,
    "Rate": 0
  }
}
