{
  "Timestamp": "2026-03-15T09:51:00.9667562-07:00",
  "Experiment": 0,
  "HttpReqDuration": {
    "Avg": 360.06106980676344,
    "P50": 109.89965,
    "P90": 1102.5165200000001,
    "P95": 1553.547455,
    "P99": null,
    "Max": 3910.2939
  },
  "HttpReqs": {
    "Count": 19044,
    "Rate": 155.00553882714647
  },
  "HttpReqFailed": {
    "Count": 0,
    "Rate": 0
  }
}
