{
  "Timestamp": "2026-03-06T02:12:42.1751755+11:00",
  "Iteration": 0,
  "HttpReqDuration": {
    "Avg": 2.907527006921691,
    "P50": 2.496,
    "P90": 4.5104,
    "P95": 5.685739999999995,
    "P99": null,
    "Max": 85.4256
  },
  "HttpReqs": {
    "Count": 40597,
    "Rate": 336.30795595514445
  },
  "HttpReqFailed": {
    "Count": 0,
    "Rate": 0
  }
}
