{
  "Timestamp": "2026-03-15T09:28:09.2023447-07:00",
  "Experiment": 0,
  "HttpReqDuration": {
    "Avg": 1911.4993591262053,
    "P50": 305.7443,
    "P90": 5853.559980000001,
    "P95": 7546.103045,
    "P99": null,
    "Max": 19823.2357
  },
  "HttpReqs": {
    "Count": 18540,
    "Rate": 125.5271391692526
  },
  "HttpReqFailed": {
    "Count": 0,
    "Rate": 0
  }
}
