{
  "Timestamp": "2026-03-14T11:23:17.1372040-07:00",
  "Experiment": 0,
  "HttpReqDuration": {
    "Avg": 497.30008919646843,
    "P50": 298.88805,
    "P90": 1400.7411,
    "P95": 1742.3396,
    "P99": null,
    "Max": 3160.4749
  },
  "HttpReqs": {
    "Count": 13366,
    "Rate": 110.45124941410472
  },
  "HttpReqFailed": {
    "Count": 0,
    "Rate": 0
  }
}
