{
  "Timestamp": "2026-03-15T03:12:03.6285510-07:00",
  "Experiment": 0,
  "HttpReqDuration": {
    "Avg": 461.39475332905187,
    "P50": 262.97479999999996,
    "P90": 1260.7468100000003,
    "P95": 1596.242785,
    "P99": null,
    "Max": 2970.1937
  },
  "HttpReqs": {
    "Count": 60768,
    "Rate": 468.4841482265651
  },
  "HttpReqFailed": {
    "Count": 6752,
    "Rate": 0.1111111111111111
  }
}
