{
  "Timestamp": "2026-03-14T11:29:31.8594715-07:00",
  "Experiment": 0,
  "HttpReqDuration": {
    "Avg": 291.3848542802037,
    "P50": 10.9955,
    "P90": 634.8982600000005,
    "P95": 1829.3989099999978,
    "P99": null,
    "Max": 7418.9321
  },
  "HttpReqs": {
    "Count": 20735,
    "Rate": 169.65832246562067
  },
  "HttpReqFailed": {
    "Count": 5655,
    "Rate": 0.2727272727272727
  }
}
