{
  "Timestamp": "2026-03-15T09:48:54.6616481-07:00",
  "Experiment": 0,
  "HttpReqDuration": {
    "Avg": 25.762657323594684,
    "P50": 13.1311,
    "P90": 69.88003999999998,
    "P95": 104.1535,
    "P99": null,
    "Max": 316.9376
  },
  "HttpReqs": {
    "Count": 38335,
    "Rate": 316.66858783899625
  },
  "HttpReqFailed": {
    "Count": 0,
    "Rate": 0
  }
}
