{
  "Timestamp": "2026-03-15T03:18:41.5353646-07:00",
  "Experiment": 0,
  "HttpReqDuration": {
    "Avg": 35.810022220188074,
    "P50": 11.615,
    "P90": 105.84403999999996,
    "P95": 156.79075999999984,
    "P99": null,
    "Max": 606.1494
  },
  "HttpReqs": {
    "Count": 27313,
    "Rate": 227.48382593787176
  },
  "HttpReqFailed": {
    "Count": 0,
    "Rate": 0
  }
}
