{
  "Timestamp": "2026-03-04T17:12:58.1508271+11:00",
  "Iteration": 0,
  "HttpReqDuration": {
    "Avg": 4.804999226925867,
    "P50": 3.8748,
    "P90": 7.243900000000003,
    "P95": 9.6143,
    "P99": null,
    "Max": 108.1476
  },
  "HttpReqs": {
    "Count": 40229,
    "Rate": 334.49596755877525
  },
  "HttpReqFailed": {
    "Count": 0,
    "Rate": 0
  }
}
