{
  "Timestamp": "2026-03-14T11:19:08.1143530-07:00",
  "Experiment": 0,
  "HttpReqDuration": {
    "Avg": 280.7102733007821,
    "P50": 76.2744,
    "P90": 1128.2854500000005,
    "P95": 1503.697655,
    "P99": null,
    "Max": 2987.4327
  },
  "HttpReqs": {
    "Count": 10240,
    "Rate": 217.62985261332776
  },
  "HttpReqFailed": {
    "Count": 0,
    "Rate": 0
  }
}
