{
  "Timestamp": "2026-03-04T17:15:02.2050030+11:00",
  "Iteration": 0,
  "HttpReqDuration": {
    "Avg": 229.19070979828493,
    "P50": 154.201,
    "P90": 594.0571,
    "P95": 725.6296,
    "P99": null,
    "Max": 1469.9485
  },
  "HttpReqs": {
    "Count": 20871,
    "Rate": 173.13416267719106
  },
  "HttpReqFailed": {
    "Count": 0,
    "Rate": 0
  }
}
