{
  "Timestamp": "2026-03-04T17:17:08.1196572Z",
  "Iteration": 0,
  "HttpReqDuration": {
    "Avg": 43.37157982040422,
    "P50": 16.1423,
    "P90": 111.61488000000013,
    "P95": 138.5273,
    "P99": null,
    "Max": 428.3993
  },
  "HttpReqs": {
    "Count": 44099,
    "Rate": 360.0990366011189
  },
  "HttpReqFailed": {
    "Count": 0,
    "Rate": 0
  }
}
