{
  "Timestamp": "2026-03-15T03:21:36.0031788-07:00",
  "Experiment": 0,
  "HttpReqDuration": {
    "Avg": 1.1015362081167535,
    "P50": 1.0922,
    "P90": 1.5812,
    "P95": 1.7249,
    "P99": null,
    "Max": 28.2855
  },
  "HttpReqs": {
    "Count": 40977,
    "Rate": 339.9969025657392
  },
  "HttpReqFailed": {
    "Count": 0,
    "Rate": 0
  }
}
