{
  "Timestamp": "2026-03-15T03:25:45.3266841-07:00",
  "Experiment": 0,
  "HttpReqDuration": {
    "Avg": 3.3277327919739026,
    "P50": 2.5915,
    "P90": 5.481700000000001,
    "P95": 6.835669999999992,
    "P99": null,
    "Max": 114.5794
  },
  "HttpReqs": {
    "Count": 54123,
    "Rate": 444.14652205921817
  },
  "HttpReqFailed": {
    "Count": 0,
    "Rate": 0
  }
}
