{
  "Timestamp": "2026-03-09T16:33:51.1082693-07:00",
  "Experiment": 0,
  "HttpReqDuration": {
    "Avg": 310.7973760114518,
    "P50": 216.9813,
    "P90": 773.03742,
    "P95": 894.6886899999997,
    "P99": null,
    "Max": 1658.2989
  },
  "HttpReqs": {
    "Count": 79638,
    "Rate": 663.3619301066367
  },
  "HttpReqFailed": {
    "Count": 0,
    "Rate": 0
  }
}
