{
  "Timestamp": "2026-03-09T16:51:14.1957824-07:00",
  "Experiment": 0,
  "HttpReqDuration": {
    "Avg": 44.78581847517272,
    "P50": 13.4362,
    "P90": 129.76486000000025,
    "P95": 262.9145799999998,
    "P99": null,
    "Max": 565.8572
  },
  "HttpReqs": {
    "Count": 35545,
    "Rate": 293.95114349728
  },
  "HttpReqFailed": {
    "Count": 0,
    "Rate": 0
  }
}
