{
  "Timestamp": "2026-03-05T05:15:50.3053537+11:00",
  "Iteration": 0,
  "HttpReqDuration": {
    "Avg": 203.54480502689697,
    "P50": 92.145,
    "P90": 585.664,
    "P95": 729.8883,
    "P99": null,
    "Max": 1444.4063
  },
  "HttpReqs": {
    "Count": 22121,
    "Rate": 183.32815043107286
  },
  "HttpReqFailed": {
    "Count": 0,
    "Rate": 0
  }
}
