{
  "Timestamp": "2026-03-06T02:14:46.6508072Z",
  "Iteration": 0,
  "HttpReqDuration": {
    "Avg": 221.87960031446514,
    "P50": 105.59105,
    "P90": 633.3047,
    "P95": 758.385525,
    "P99": null,
    "Max": 1562.3566
  },
  "HttpReqs": {
    "Count": 21306,
    "Rate": 176.07575308133042
  },
  "HttpReqFailed": {
    "Count": 0,
    "Rate": 0
  }
}
