{
  "Timestamp": "2026-03-06T02:09:47.3286481+11:00",
  "Iteration": 0,
  "HttpReqDuration": {
    "Avg": 58.336487314218665,
    "P50": 22.482,
    "P90": 170.35662000000005,
    "P95": 244.52732999999998,
    "P99": null,
    "Max": 691.3195
  },
  "HttpReqs": {
    "Count": 25635,
    "Rate": 213.18888571450302
  },
  "HttpReqFailed": {
    "Count": 0,
    "Rate": 0
  }
}
