{
  "Timestamp": "2026-03-05T05:17:55.6293648+11:00",
  "Iteration": 0,
  "HttpReqDuration": {
    "Avg": 19.166323069636405,
    "P50": 6.1767,
    "P90": 59.933759999999985,
    "P95": 77.76658999999997,
    "P99": null,
    "Max": 208.8925
  },
  "HttpReqs": {
    "Count": 49615,
    "Rate": 407.1009619345675
  },
  "HttpReqFailed": {
    "Count": 0,
    "Rate": 0
  }
}
