{
    "metrics": {
        "iteration_duration": {
            "avg": 4240.620001568622,
            "min": 1271.4121,
            "med": 3470.1969,
            "max": 11191.1604,
            "p(90)": 8197.60792,
            "p(95)": 9029.812479999999
        },
        "vus": {
            "value": 1,
            "min": 1,
            "max": 199
        },
        "vus_max": {
            "value": 200,
            "min": 200,
            "max": 200
        },
        "http_req_failed": {
            "passes": 0,
            "fails": 11476,
            "thresholds": {
                "rate<0.05": false
            },
            "value": 0
        },
        "checks": {
            "passes": 13770,
            "fails": 0,
            "value": 1
        },
        "http_req_tls_handshaking": {
            "p(90)": 0,
            "p(95)": 0,
            "avg": 0,
            "min": 0,
            "med": 0,
            "max": 0
        },
        "http_req_waiting": {
            "med": 338.8347,
            "max": 4757.0718,
            "p(90)": 1719.2461,
            "p(95)": 2204.53235,
            "avg": 619.3579253398369,
            "min": 0
        },
        "http_req_receiving": {
            "p(95)": 4.4971250000000005,
            "avg": 0.7237754182642033,
            "min": 0,
            "med": 0,
            "max": 70.6784,
            "p(90)": 1.9525000000000001
        },
        "http_reqs": {
            "count": 11476,
            "rate": 94.76581492213059
        },
        "http_req_duration{expected_response:true}": {
            "p(95)": 2204.53235,
            "avg": 620.1141375217823,
            "min": 0,
            "med": 339.51215,
            "max": 4757.0718,
            "p(90)": 1719.2461
        },
        "http_req_connecting": {
            "avg": 0.015093281631230393,
            "min": 0,
            "med": 0,
            "max": 15.7019,
            "p(90)": 0,
            "p(95)": 0
        },
        "data_sent": {
            "count": 1791514,
            "rate": 14793.855363750947
        },
        "data_received": {
            "count": 6986312,
            "rate": 57691.14238238585
        },
        "iterations": {
            "count": 2295,
            "rate": 18.951511436588508
        },
        "http_req_blocked": {
            "p(90)": 0,
            "p(95)": 0,
            "avg": 0.023194013593586606,
            "min": 0,
            "med": 0,
            "max": 15.7019
        },
        "http_req_sending": {
            "p(90)": 0,
            "p(95)": 0,
            "avg": 0.032436763680724984,
            "min": 0,
            "med": 0,
            "max": 59.9416
        },
        "http_req_duration": {
            "p(95)": 2204.53235,
            "avg": 620.1141375217823,
            "min": 0,
            "med": 339.51215,
            "max": 4757.0718,
            "p(90)": 1719.2461,
            "thresholds": {
                "p(95)<2000": true
            }
        }
    },
    "setup_data": {
        "productCount": 1000
    },
    "root_group": {
        "name": "",
        "path": "",
        "id": "d41d8cd98f00b204e9800998ecf8427e",
        "groups": {},
        "checks": {
                "create order: status 201": {
                    "id": "1bcfa49d77d46f40d66acd4c4ffcf2a7",
                    "passes": 2295,
                    "fails": 0,
                    "name": "create order: status 201",
                    "path": "::create order: status 201"
                },
                "get order by id: status 200": {
                    "name": "get order by id: status 200",
                    "path": "::get order by id: status 200",
                    "id": "05229a3c72e644b755b6ef58616276b1",
                    "passes": 2295,
                    "fails": 0
                },
                "orders by customer: status 200": {
                    "path": "::orders by customer: status 200",
                    "id": "a40d104ad4af89a1b8cd3ee45a9c83f6",
                    "passes": 2295,
                    "fails": 0,
                    "name": "orders by customer: status 200"
                },
                "orders by customer: has results": {
                    "id": "cd29285d74105a7d0fdc6b8d68cd484b",
                    "passes": 2295,
                    "fails": 0,
                    "name": "orders by customer: has results",
                    "path": "::orders by customer: has results"
                },
                "update to Shipped: status 200 or 204": {
                    "name": "update to Shipped: status 200 or 204",
                    "path": "::update to Shipped: status 200 or 204",
                    "id": "0612ab64fd42e505efc3b1aa01182531",
                    "passes": 2295,
                    "fails": 0
                },
                "update to Delivered: status 200 or 204": {
                    "id": "9a46f2a8c6f6049e49f5299369175bd4",
                    "passes": 2295,
                    "fails": 0,
                    "name": "update to Delivered: status 200 or 204",
                    "path": "::update to Delivered: status 200 or 204"
                }
            }
    }
}