{
    "metrics": {
        "data_sent": {
            "count": 18205894,
            "rate": 151684.56942982847
        },
        "http_req_duration{expected_response:true}": {
            "p(90)": 325.1879,
            "p(95)": 401.8242,
            "avg": 145.40490676053165,
            "min": 0,
            "med": 117.1755,
            "max": 640.7674
        },
        "http_req_waiting": {
            "med": 103.0988,
            "max": 640.7674,
            "p(90)": 324.8655,
            "p(95)": 401.4195,
            "avg": 139.08553647984695,
            "min": 0
        },
        "http_req_tls_handshaking": {
            "p(95)": 0,
            "avg": 0,
            "min": 0,
            "med": 0,
            "max": 0,
            "p(90)": 0
        },
        "http_req_receiving": {
            "min": 0,
            "med": 0,
            "max": 137.8094,
            "p(90)": 36.5641,
            "p(95)": 52.8076,
            "avg": 6.311327832134811
        },
        "http_req_failed": {
            "passes": 0,
            "fails": 165061,
            "thresholds": {
                "rate<0.05": false
            },
            "value": 0
        },
        "iteration_duration": {
            "max": 4663.0051,
            "p(90)": 4097.562599999999,
            "p(95)": 4429.13766,
            "avg": 1893.7291271875315,
            "min": 27.7297,
            "med": 1654.322
        },
        "vus": {
            "value": 2,
            "min": 1,
            "max": 499
        },
        "vus_max": {
            "value": 500,
            "min": 500,
            "max": 500
        },
        "http_req_connecting": {
            "p(95)": 0,
            "avg": 0.0003886478332252923,
            "min": 0,
            "med": 0,
            "max": 13.4746,
            "p(90)": 0
        },
        "http_req_sending": {
            "p(95)": 0,
            "avg": 0.008042448549324148,
            "min": 0,
            "med": 0,
            "max": 15.6263,
            "p(90)": 0
        },
        "http_req_blocked": {
            "p(95)": 0,
            "avg": 0.0024834079522116055,
            "min": 0,
            "med": 0,
            "max": 15.6249,
            "p(90)": 0
        },
        "http_reqs": {
            "count": 165061,
            "rate": 1375.225337171408
        },
        "checks": {
            "passes": 165061,
            "fails": 0,
            "value": 1
        },
        "data_received": {
            "count": 8372075764,
            "rate": 69752944.15622996
        },
        "http_req_duration": {
            "med": 117.1755,
            "max": 640.7674,
            "p(90)": 325.1879,
            "p(95)": 401.8242,
            "avg": 145.40490676053165,
            "min": 0,
            "thresholds": {
                "p(95)<2000": false
            }
        },
        "iterations": {
            "count": 12697,
            "rate": 105.78656439780062
        }
    },
    "root_group": {
        "name": "",
        "path": "",
        "id": "d41d8cd98f00b204e9800998ecf8427e",
        "groups": {},
        "checks": {
                "list products: status 200": {
                    "passes": 12697,
                    "fails": 0,
                    "name": "list products: status 200",
                    "path": "::list products: status 200",
                    "id": "924a40c79df3d6bc39fdcdfcc923816e"
                },
                "list products: has data": {
                    "name": "list products: has data",
                    "path": "::list products: has data",
                    "id": "4290724cf781171eb17f384ed5f458d4",
                    "passes": 12697,
                    "fails": 0
                },
                "get product: status 200 or 404": {
                    "fails": 0,
                    "name": "get product: status 200 or 404",
                    "path": "::get product: status 200 or 404",
                    "id": "2cbbbbbba72fe3cd0c1b28772a24e4c9",
                    "passes": 12697
                },
                "search: status 200": {
                    "passes": 12697,
                    "fails": 0,
                    "name": "search: status 200",
                    "path": "::search: status 200",
                    "id": "cd68838b4cc6f7786becc08340f51f71"
                },
                "category filter: status 200": {
                    "id": "08bdd22fe49b26bd9062a4063e91365b",
                    "passes": 12697,
                    "fails": 0,
                    "name": "category filter: status 200",
                    "path": "::category filter: status 200"
                },
                "reviews by product: status 200": {
                    "name": "reviews by product: status 200",
                    "path": "::reviews by product: status 200",
                    "id": "ff38d5a6484e85363435e2bde0050fd7",
                    "passes": 12697,
                    "fails": 0
                },
                "average rating: status 200": {
                    "fails": 0,
                    "name": "average rating: status 200",
                    "path": "::average rating: status 200",
                    "id": "410881361114124b5478d42656b0fe57",
                    "passes": 12697
                },
                "add to cart: status 200 or 201": {
                    "name": "add to cart: status 200 or 201",
                    "path": "::add to cart: status 200 or 201",
                    "id": "1788e10b98590b202bef7a8dbc573220",
                    "passes": 12697,
                    "fails": 0
                },
                "get cart: status 200": {
                    "fails": 0,
                    "name": "get cart: status 200",
                    "path": "::get cart: status 200",
                    "id": "28c7dad2666418e7df7959192396d5c0",
                    "passes": 12697
                },
                "create order: status 201": {
                    "name": "create order: status 201",
                    "path": "::create order: status 201",
                    "id": "1bcfa49d77d46f40d66acd4c4ffcf2a7",
                    "passes": 12697,
                    "fails": 0
                },
                "home page: status 200": {
                    "name": "home page: status 200",
                    "path": "::home page: status 200",
                    "id": "8d960afda292b63e7c50c7370794be43",
                    "passes": 12697,
                    "fails": 0
                },
                "products page: status 200": {
                    "passes": 12697,
                    "fails": 0,
                    "name": "products page: status 200",
                    "path": "::products page: status 200",
                    "id": "d3ec3a910ae752d937097964558034ff"
                },
                "product detail page: status 200": {
                    "name": "product detail page: status 200",
                    "path": "::product detail page: status 200",
                    "id": "b24b993fd6b4e43d3aa894d986fa618f",
                    "passes": 12697,
                    "fails": 0
                }
            }
    }
}