{
    "metrics": {
        "vus": {
            "value": 2,
            "min": 1,
            "max": 499
        },
        "http_req_blocked": {
            "med": 0,
            "max": 16.1628,
            "p(90)": 0,
            "p(95)": 0,
            "avg": 0.002356712947381944,
            "min": 0
        },
        "http_req_waiting": {
            "p(95)": 407.0253,
            "avg": 140.61682395623865,
            "min": 0,
            "med": 105.405,
            "max": 656.939,
            "p(90)": 324.51738
        },
        "http_req_duration": {
            "avg": 146.89359690312958,
            "min": 0,
            "med": 120.887,
            "max": 657.2643,
            "p(90)": 324.7557,
            "p(95)": 407.2260899999999,
            "thresholds": {
                "p(95)<2000": false
            }
        },
        "http_req_sending": {
            "max": 9.5123,
            "p(90)": 0,
            "p(95)": 0,
            "avg": 0.007937642192347417,
            "min": 0,
            "med": 0
        },
        "iterations": {
            "count": 12571,
            "rate": 104.74667494112349
        },
        "data_sent": {
            "count": 18023188,
            "rate": 150176.51856167032
        },
        "data_received": {
            "count": 8289016255,
            "rate": 69067448.19379316
        },
        "http_req_tls_handshaking": {
            "avg": 0,
            "min": 0,
            "med": 0,
            "max": 0,
            "p(90)": 0,
            "p(95)": 0
        },
        "http_req_failed": {
            "passes": 0,
            "fails": 163423,
            "thresholds": {
                "rate<0.05": false
            },
            "value": 0
        },
        "checks": {
            "passes": 163423,
            "fails": 0,
            "value": 1
        },
        "iteration_duration": {
            "min": 27.7718,
            "med": 1709.72,
            "max": 4604.4283,
            "p(90)": 4160.7023,
            "p(95)": 4395.7985499999995,
            "avg": 1913.0402646249277
        },
        "http_req_duration{expected_response:true}": {
            "p(90)": 324.7557,
            "p(95)": 407.2260899999999,
            "avg": 146.89359690312958,
            "min": 0,
            "med": 120.887,
            "max": 657.2643
        },
        "http_req_connecting": {
            "p(90)": 0,
            "p(95)": 0,
            "avg": 0.000463709514572612,
            "min": 0,
            "med": 0,
            "max": 15.657
        },
        "vus_max": {
            "min": 500,
            "max": 500,
            "value": 500
        },
        "http_reqs": {
            "rate": 1361.7067742346055,
            "count": 163423
        },
        "http_req_receiving": {
            "avg": 6.268835304700037,
            "min": 0,
            "med": 0,
            "max": 135.0479,
            "p(90)": 37.16302000000021,
            "p(95)": 52.86990999999999
        }
    },
    "root_group": {
        "name": "",
        "path": "",
        "id": "d41d8cd98f00b204e9800998ecf8427e",
        "groups": {},
        "checks": {
                "list products: status 200": {
                    "name": "list products: status 200",
                    "path": "::list products: status 200",
                    "id": "924a40c79df3d6bc39fdcdfcc923816e",
                    "passes": 12571,
                    "fails": 0
                },
                "list products: has data": {
                    "fails": 0,
                    "name": "list products: has data",
                    "path": "::list products: has data",
                    "id": "4290724cf781171eb17f384ed5f458d4",
                    "passes": 12571
                },
                "get product: status 200 or 404": {
                    "name": "get product: status 200 or 404",
                    "path": "::get product: status 200 or 404",
                    "id": "2cbbbbbba72fe3cd0c1b28772a24e4c9",
                    "passes": 12571,
                    "fails": 0
                },
                "search: status 200": {
                    "id": "cd68838b4cc6f7786becc08340f51f71",
                    "passes": 12571,
                    "fails": 0,
                    "name": "search: status 200",
                    "path": "::search: status 200"
                },
                "category filter: status 200": {
                    "name": "category filter: status 200",
                    "path": "::category filter: status 200",
                    "id": "08bdd22fe49b26bd9062a4063e91365b",
                    "passes": 12571,
                    "fails": 0
                },
                "reviews by product: status 200": {
                    "id": "ff38d5a6484e85363435e2bde0050fd7",
                    "passes": 12571,
                    "fails": 0,
                    "name": "reviews by product: status 200",
                    "path": "::reviews by product: status 200"
                },
                "average rating: status 200": {
                    "fails": 0,
                    "name": "average rating: status 200",
                    "path": "::average rating: status 200",
                    "id": "410881361114124b5478d42656b0fe57",
                    "passes": 12571
                },
                "add to cart: status 200 or 201": {
                    "passes": 12571,
                    "fails": 0,
                    "name": "add to cart: status 200 or 201",
                    "path": "::add to cart: status 200 or 201",
                    "id": "1788e10b98590b202bef7a8dbc573220"
                },
                "get cart: status 200": {
                    "name": "get cart: status 200",
                    "path": "::get cart: status 200",
                    "id": "28c7dad2666418e7df7959192396d5c0",
                    "passes": 12571,
                    "fails": 0
                },
                "create order: status 201": {
                    "path": "::create order: status 201",
                    "id": "1bcfa49d77d46f40d66acd4c4ffcf2a7",
                    "passes": 12571,
                    "fails": 0,
                    "name": "create order: status 201"
                },
                "home page: status 200": {
                    "passes": 12571,
                    "fails": 0,
                    "name": "home page: status 200",
                    "path": "::home page: status 200",
                    "id": "8d960afda292b63e7c50c7370794be43"
                },
                "products page: status 200": {
                    "passes": 12571,
                    "fails": 0,
                    "name": "products page: status 200",
                    "path": "::products page: status 200",
                    "id": "d3ec3a910ae752d937097964558034ff"
                },
                "product detail page: status 200": {
                    "name": "product detail page: status 200",
                    "path": "::product detail page: status 200",
                    "id": "b24b993fd6b4e43d3aa894d986fa618f",
                    "passes": 12571,
                    "fails": 0
                }
            }
    }
}