{
    "metrics": {
        "iterations": {
            "count": 121438,
            "rate": 811.6702143669039
        },
        "http_reqs": {
            "count": 123082,
            "rate": 822.6584209613735
        },
        "checks": {
            "passes": 2062,
            "fails": 242889,
            "value": 0.008418010132638773
        },
        "vus": {
            "value": 35,
            "min": 1,
            "max": 500
        },
        "http_req_connecting": {
            "avg": 0.0009338887895874292,
            "min": 0,
            "med": 0,
            "max": 0.7137,
            "p(90)": 0,
            "p(95)": 0
        },
        "http_req_blocked": {
            "avg": 0.0010011350156806029,
            "min": 0,
            "med": 0,
            "max": 1.5212,
            "p(90)": 0,
            "p(95)": 0
        },
        "http_req_tls_handshaking": {
            "min": 0,
            "med": 0,
            "max": 0,
            "p(90)": 0,
            "p(95)": 0,
            "avg": 0
        },
        "http_req_receiving": {
            "min": 0,
            "med": 0,
            "max": 31037.8058,
            "p(90)": 0,
            "p(95)": 0,
            "avg": 3.220235654279265
        },
        "vus_max": {
            "value": 500,
            "min": 500,
            "max": 500
        },
        "iteration_duration": {
            "med": 0,
            "max": 139600.8723,
            "p(90)": 3.052,
            "p(95)": 10.0317,
            "avg": 16.93260138177507,
            "min": 0
        },
        "http_req_failed": {
            "passes": 121465,
            "fails": 1617,
            "thresholds": {
                "rate<0.05": true
            },
            "value": 0.9868624169253019
        },
        "http_req_duration{expected_response:true}": {
            "max": 59275.181,
            "p(90)": 31159.6662,
            "p(95)": 31352.79612,
            "avg": 10696.741014161986,
            "min": 3.5784,
            "med": 529.3615
        },
        "http_req_duration": {
            "min": 0,
            "med": 0,
            "max": 60000.239,
            "p(90)": 0,
            "p(95)": 0,
            "avg": 158.34560000649918,
            "thresholds": {
                "p(95)<2000": false
            }
        },
        "http_req_sending": {
            "avg": 0.00028728814936383886,
            "min": 0,
            "med": 0,
            "max": 14.5125,
            "p(90)": 0,
            "p(95)": 0
        },
        "data_received": {
            "count": 213175658,
            "rate": 1424828.5711776034
        },
        "data_sent": {
            "count": 232489,
            "rate": 1553.915549234565
        },
        "http_req_waiting": {
            "max": 60000.239,
            "p(90)": 0,
            "p(95)": 0,
            "avg": 155.12507706407123,
            "min": 0,
            "med": 0
        }
    },
    "root_group": {
        "checks": {
            "list products: status 200": {
                "name": "list products: status 200",
                "path": "::list products: status 200",
                "id": "924a40c79df3d6bc39fdcdfcc923816e",
                "passes": 474,
                "fails": 121424
            },
            "list products: has data": {
                "name": "list products: has data",
                "path": "::list products: has data",
                "id": "4290724cf781171eb17f384ed5f458d4",
                "passes": 474,
                "fails": 121424
            },
            "get product: status 200 or 404": {
                "passes": 470,
                "fails": 0,
                "name": "get product: status 200 or 404",
                "path": "::get product: status 200 or 404",
                "id": "2cbbbbbba72fe3cd0c1b28772a24e4c9"
            },
            "search: status 200": {
                "name": "search: status 200",
                "path": "::search: status 200",
                "id": "cd68838b4cc6f7786becc08340f51f71",
                "passes": 256,
                "fails": 7
            },
            "category filter: status 200": {
                "name": "category filter: status 200",
                "path": "::category filter: status 200",
                "id": "08bdd22fe49b26bd9062a4063e91365b",
                "passes": 127,
                "fails": 4
            },
            "reviews by product: status 200": {
                "passes": 9,
                "fails": 30,
                "name": "reviews by product: status 200",
                "path": "::reviews by product: status 200",
                "id": "ff38d5a6484e85363435e2bde0050fd7"
            },
            "average rating: status 200": {
                "id": "410881361114124b5478d42656b0fe57",
                "passes": 36,
                "fails": 0,
                "name": "average rating: status 200",
                "path": "::average rating: status 200"
            },
            "add to cart: status 200 or 201": {
                "path": "::add to cart: status 200 or 201",
                "id": "1788e10b98590b202bef7a8dbc573220",
                "passes": 31,
                "fails": 0,
                "name": "add to cart: status 200 or 201"
            },
            "get cart: status 200": {
                "path": "::get cart: status 200",
                "id": "28c7dad2666418e7df7959192396d5c0",
                "passes": 31,
                "fails": 0,
                "name": "get cart: status 200"
            },
            "create order: status 201": {
                "path": "::create order: status 201",
                "id": "1bcfa49d77d46f40d66acd4c4ffcf2a7",
                "passes": 24,
                "fails": 0,
                "name": "create order: status 201"
            },
            "home page: status 200": {
                "name": "home page: status 200",
                "path": "::home page: status 200",
                "id": "8d960afda292b63e7c50c7370794be43",
                "passes": 22,
                "fails": 0
            },
            "products page: status 200": {
                "id": "d3ec3a910ae752d937097964558034ff",
                "passes": 18,
                "fails": 0,
                "name": "products page: status 200",
                "path": "::products page: status 200"
            },
            "product detail page: status 200": {
                "passes": 17,
                "fails": 0,
                "name": "product detail page: status 200",
                "path": "::product detail page: status 200",
                "id": "b24b993fd6b4e43d3aa894d986fa618f"
            },
            "add to cart (page): status 200": {
                "name": "add to cart (page): status 200",
                "path": "::add to cart (page): status 200",
                "id": "f0cd3e144cbac350e1e6ac88a1b85040",
                "passes": 16,
                "fails": 0
            },
            "cart page: status 200": {
                "fails": 0,
                "name": "cart page: status 200",
                "path": "::cart page: status 200",
                "id": "71a46f5b7a13213d2d57118ccbab0ff3",
                "passes": 15
            },
            "checkout page: status 200": {
                "name": "checkout page: status 200",
                "path": "::checkout page: status 200",
                "id": "4b6b469e2b3feffe3383d401258f1fac",
                "passes": 14,
                "fails": 0
            },
            "checkout submit: status 200": {
                "id": "231aef0da674621d55d3389af9895e8b",
                "passes": 14,
                "fails": 0,
                "name": "checkout submit: status 200",
                "path": "::checkout submit: status 200"
            },
            "orders page: status 200": {
                "path": "::orders page: status 200",
                "id": "327fb5b5110703aef832d58310868356",
                "passes": 14,
                "fails": 0,