{
    "metrics": {
        "vus": {
            "value": 7,
            "min": 1,
            "max": 199
        },
        "http_req_duration{expected_response:true}": {
            "p(95)": 13.1454,
            "avg": 4.0456642423366045,
            "min": 0,
            "med": 1.3101,
            "max": 83.8271,
            "p(90)": 11.565
        },
        "http_req_connecting": {
            "avg": 0.0004085068440331598,
            "min": 0,
            "med": 0,
            "max": 0.6368,
            "p(90)": 0,
            "p(95)": 0
        },
        "http_req_tls_handshaking": {
            "med": 0,
            "max": 0,
            "p(90)": 0,
            "p(95)": 0,
            "avg": 0,
            "min": 0
        },
        "data_received": {
            "count": 45844533,
            "rate": 379114.14684882236
        },
        "iteration_duration": {
            "avg": 1122.1334608386562,
            "min": 1107.1318,
            "med": 1119.5287,
            "max": 1241.1682,
            "p(90)": 1131.30884,
            "p(95)": 1135.4914199999998
        },
        "http_req_waiting": {
            "max": 78.2918,
            "p(90)": 11.2397,
            "p(95)": 12.8635,
            "avg": 3.6465533979178972,
            "min": 0,
            "med": 1.1036
        },
        "checks": {
            "passes": 49794,
            "fails": 0,
            "value": 1
        },
        "http_req_duration": {
            "avg": 4.0456642423366045,
            "min": 0,
            "med": 1.3101,
            "max": 83.8271,
            "p(90)": 11.565,
            "p(95)": 13.1454,
            "thresholds": {
                "p(95)<2000": false
            }
        },
        "http_req_blocked": {
            "p(95)": 0,
            "avg": 0.000977096587622903,
            "min": 0,
            "med": 0,
            "max": 1.0485,
            "p(90)": 0
        },
        "iterations": {
            "count": 8299,
            "rate": 68.62908396729391
        },
        "http_req_sending": {
            "avg": 0.0019429559475612082,
            "min": 0,
            "med": 0,
            "max": 8.4387,
            "p(90)": 0,
            "p(95)": 0
        },
        "vus_max": {
            "value": 200,
            "min": 200,
            "max": 200
        },
        "http_req_failed": {
            "passes": 0,
            "fails": 41496,
            "thresholds": {
                "rate<0.05": false
            },
            "value": 0
        },
        "http_reqs": {
            "rate": 343.15368939713557,
            "count": 41496
        },
        "http_req_receiving": {
            "min": 0,
            "med": 0,
            "max": 15.1513,
            "p(90)": 0.8652,
            "p(95)": 1.619675,
            "avg": 0.39716788847117623
        },
        "data_sent": {
            "count": 6479849,
            "rate": 53585.50441214429
        }
    },
    "setup_data": {
        "productCount": 1000
    },
    "root_group": {
        "name": "",
        "path": "",
        "id": "d41d8cd98f00b204e9800998ecf8427e",
        "groups": {},
        "checks": {
                "create order: status 201": {
                    "passes": 8299,
                    "fails": 0,
                    "name": "create order: status 201",
                    "path": "::create order: status 201",
                    "id": "1bcfa49d77d46f40d66acd4c4ffcf2a7"
                },
                "get order by id: status 200": {
                    "name": "get order by id: status 200",
                    "path": "::get order by id: status 200",
                    "id": "05229a3c72e644b755b6ef58616276b1",
                    "passes": 8299,
                    "fails": 0
                },
                "orders by customer: status 200": {
                    "id": "a40d104ad4af89a1b8cd3ee45a9c83f6",
                    "passes": 8299,
                    "fails": 0,
                    "name": "orders by customer: status 200",
                    "path": "::orders by customer: status 200"
                },
                "orders by customer: has results": {
                    "id": "cd29285d74105a7d0fdc6b8d68cd484b",
                    "passes": 8299,
                    "fails": 0,
                    "name": "orders by customer: has results",
                    "path": "::orders by customer: has results"
                },
                "update to Shipped: status 200 or 204": {
                    "name": "update to Shipped: status 200 or 204",
                    "path": "::update to Shipped: status 200 or 204",
                    "id": "0612ab64fd42e505efc3b1aa01182531",
                    "passes": 8299,
                    "fails": 0
                },
                "update to Delivered: status 200 or 204": {
                    "name": "update to Delivered: status 200 or 204",
                    "path": "::update to Delivered: status 200 or 204",
                    "id": "9a46f2a8c6f6049e49f5299369175bd4",
                    "passes": 8299,
                    "fails": 0
                }
            }
    }
}