{
    "metrics": {
        "http_req_waiting": {
            "min": 0,
            "med": 0.7114,
            "max": 24.3474,
            "p(90)": 1.3447,
            "p(95)": 1.5708199999999997,
            "avg": 0.8841882787905376
        },
        "http_req_duration{expected_response:true}": {
            "avg": 1.0964200893183897,
            "min": 0,
            "med": 1.0994,
            "max": 24.3474,
            "p(90)": 1.54084,
            "p(95)": 1.6749199999999997
        },
        "checks": {
            "passes": 51220,
            "fails": 0,
            "value": 1
        },
        "http_req_sending": {
            "med": 0,
            "max": 0.982,
            "p(90)": 0,
            "p(95)": 0,
            "avg": 0.00299822827439783,
            "min": 0
        },
        "iterations": {
            "count": 10244,
            "rate": 84.96586469844276
        },
        "data_received": {
            "rate": 78130.99787861203,
            "count": 9419947
        },
        "iteration_duration": {
            "med": 905.66155,
            "max": 931.3029,
            "p(90)": 906.8425,
            "p(95)": 907.2838,
            "avg": 905.8163226278742,
            "min": 902.5444
        },
        "http_req_blocked": {
            "p(95)": 0,
            "avg": 0.00179626131732435,
            "min": 0,
            "med": 0,
            "max": 0.6945,
            "p(90)": 0
        },
        "http_req_connecting": {
            "p(95)": 0,
            "avg": 0.0006412133635942112,
            "min": 0,
            "med": 0,
            "max": 0.5874,
            "p(90)": 0
        },
        "vus_max": {
            "value": 200,
            "min": 200,
            "max": 200
        },
        "data_sent": {
            "count": 7221076,
            "rate": 59893.10488023938
        },
        "http_reqs": {
            "count": 40977,
            "rate": 339.87175300157054
        },
        "vus": {
            "value": 6,
            "min": 1,
            "max": 199
        },
        "http_req_receiving": {
            "med": 0,
            "max": 7.9478,
            "p(90)": 0.7125,
            "p(95)": 0.8533,
            "avg": 0.20923358225346056,
            "min": 0
        },
        "http_req_tls_handshaking": {
            "avg": 0,
            "min": 0,
            "med": 0,
            "max": 0,
            "p(90)": 0,
            "p(95)": 0
        },
        "http_req_duration": {
            "max": 24.3474,
            "p(90)": 1.54084,
            "p(95)": 1.6749199999999997,
            "avg": 1.0964200893183897,
            "min": 0,
            "med": 1.0994,
            "thresholds": {
                "p(95)<1500": false
            }
        },
        "http_req_failed": {
            "passes": 0,
            "fails": 40977,
            "thresholds": {
                "rate<0.03": false
            },
            "value": 0
        }
    },
    "root_group": {
        "name": "",
        "path": "",
        "id": "d41d8cd98f00b204e9800998ecf8427e",
        "groups": {},
        "checks": {
                "create product: status 201": {
                    "path": "::create product: status 201",
                    "id": "d93f8db8db344695f776e44ec6b18c58",
                    "passes": 10244,
                    "fails": 0,
                    "name": "create product: status 201"
                },
                "get created product: status 200": {
                    "fails": 0,
                    "name": "get created product: status 200",
                    "path": "::get created product: status 200",
                    "id": "afdc866b141a243ae294ef9ad1f445e9",
                    "passes": 10244
                },
                "get created product: name matches": {
                    "name": "get created product: name matches",
                    "path": "::get created product: name matches",
                    "id": "c11a53a8914fcb33931d909ab82d155e",
                    "passes": 10244,
                    "fails": 0
                },
                "update product: status 200 or 204": {
                    "path": "::update product: status 200 or 204",
                    "id": "fed812f077cab05d9d142603607e1679",
                    "passes": 10244,
                    "fails": 0,
                    "name": "update product: status 200 or 204"
                },
                "delete product: status 200 or 204": {
                    "passes": 10244,
                    "fails": 0,
                    "name": "delete product: status 200 or 204",
                    "path": "::delete product: status 200 or 204",
                    "id": "bc7117db1fa07e5c01728435a48a565a"
                }
            }
    }
}