{
    "metrics": {
        "iteration_duration": {
            "med": 1687.4962,
            "max": 4833.6557,
            "p(90)": 4202.78398,
            "p(95)": 4578.15258,
            "avg": 1915.3649936610186,
            "min": 27.8432
        },
        "iterations": {
            "count": 12573,
            "rate": 104.76909599951769
        },
        "http_req_failed": {
            "passes": 0,
            "fails": 163449,
            "thresholds": {
                "rate<0.05": false
            },
            "value": 0
        },
        "checks": {
            "passes": 163449,
            "fails": 0,
            "value": 1
        },
        "vus": {
            "value": 2,
            "min": 1,
            "max": 500
        },
        "http_req_duration": {
            "p(95)": 407.63730000000004,
            "avg": 147.07105563447772,
            "min": 0.5099,
            "med": 120.6621,
            "max": 669.9465,
            "p(90)": 325.09402,
            "thresholds": {
                "p(95)<2000": false
            }
        },
        "http_req_sending": {
            "med": 0,
            "max": 3.5877,
            "p(90)": 0,
            "p(95)": 0,
            "avg": 0.007682721215792044,
            "min": 0
        },
        "http_req_waiting": {
            "p(95)": 407.21222000000006,
            "avg": 140.72516483123113,
            "min": 0.504,
            "med": 105.0474,
            "max": 669.9465,
            "p(90)": 324.7756
        },
        "data_received": {
            "count": 8289588755,
            "rate": 69076013.68560545
        },
        "data_sent": {
            "count": 18025307,
            "rate": 150202.4273843775
        },
        "vus_max": {
            "value": 500,
            "min": 500,
            "max": 500
        },
        "http_req_connecting": {
            "avg": 0.00042999345361550084,
            "min": 0,
            "med": 0,
            "max": 9.4398,
            "p(90)": 0,
            "p(95)": 0
        },
        "http_reqs": {
            "count": 163449,
            "rate": 1361.9982479937298
        },
        "http_req_blocked": {
            "p(90)": 0,
            "p(95)": 0,
            "avg": 0.0023944900244112863,
            "min": 0,
            "med": 0,
            "max": 9.4398
        },
        "http_req_duration{expected_response:true}": {
            "avg": 147.07105563447772,
            "min": 0.5099,
            "med": 120.6621,
            "max": 669.9465,
            "p(90)": 325.09402,
            "p(95)": 407.63730000000004
        },
        "http_req_tls_handshaking": {
            "med": 0,
            "max": 0,
            "p(90)": 0,
            "p(95)": 0,
            "avg": 0,
            "min": 0
        },
        "http_req_receiving": {
            "min": 0,
            "med": 0,
            "max": 136.7154,
            "p(90)": 36.45328000000001,
            "p(95)": 53.03972,
            "avg": 6.338208082031697
        }
    },
    "root_group": {
        "checks": {
            "list products: status 200": {
                "path": "::list products: status 200",
                "id": "924a40c79df3d6bc39fdcdfcc923816e",
                "passes": 12573,
                "fails": 0,
                "name": "list products: status 200"
            },
            "list products: has data": {
                "fails": 0,
                "name": "list products: has data",
                "path": "::list products: has data",
                "id": "4290724cf781171eb17f384ed5f458d4",
                "passes": 12573
            },
            "get product: status 200 or 404": {
                "name": "get product: status 200 or 404",
                "path": "::get product: status 200 or 404",
                "id": "2cbbbbbba72fe3cd0c1b28772a24e4c9",
                "passes": 12573,
                "fails": 0
            },
            "search: status 200": {
                "fails": 0,
                "name": "search: status 200",
                "path": "::search: status 200",
                "id": "cd68838b4cc6f7786becc08340f51f71",
                "passes": 12573
            },
            "category filter: status 200": {
                "id": "08bdd22fe49b26bd9062a4063e91365b",
                "passes": 12573,
                "fails": 0,
                "name": "category filter: status 200",
                "path": "::category filter: status 200"
            },
            "reviews by product: status 200": {
                "id": "ff38d5a6484e85363435e2bde0050fd7",
                "passes": 12573,
                "fails": 0,
                "name": "reviews by product: status 200",
                "path": "::reviews by product: status 200"
            },
            "average rating: status 200": {
                "name": "average rating: status 200",
                "path": "::average rating: status 200",
                "id": "410881361114124b5478d42656b0fe57",
                "passes": 12573,
                "fails": 0
            },
            "add to cart: status 200 or 201": {
                "passes": 12573,
                "fails": 0,
                "name": "add to cart: status 200 or 201",
                "path": "::add to cart: status 200 or 201",
                "id": "1788e10b98590b202bef7a8dbc573220"
            },
            "get cart: status 200": {
                "id": "28c7dad2666418e7df7959192396d5c0",
                "passes": 12573,
                "fails": 0,
                "name": "get cart: status 200",
                "path": "::get cart: status 200"
            },
            "create order: status 201": {
                "path": "::create order: status 201",
                "id": "1bcfa49d77d46f40d66acd4c4ffcf2a7",
                "passes": 12573,
                "fails": 0,
                "name": "create order: status 201"
            },
            "home page: status 200": {
                "id": "8d960afda292b63e7c50c7370794be43",
                "passes": 12573,
                "fails": 0,
                "name": "home page: status 200",
                "path": "::home page: status 200"
            },
            "products page: status 200": {
                "fails": 0,
                "name": "products page: status 200",
                "path": "::products page: status 200",
                "id": "d3ec3a910ae752d937097964558034ff",
                "passes": 12573
            },
            "product detail page: status 200": {
                "path": "::product detail page: status 200",
                "id": "b24b993fd6b4e43d3aa894d986fa618f",
                "passes": 12573,
                "fails": 0,
                "name": "product detail page: status 200"
            }
        },
        "name": "",
        "path": "",
        "id": "d41d8cd98f00b204e9800998ecf8427e",
        "groups": {}
    }
}