{
    "metrics": {
        "http_req_blocked": {
            "min": 0,
            "med": 0,
            "max": 15.4624,
            "p(90)": 0,
            "p(95)": 0,
            "avg": 0.003533625205991583
        },
        "http_req_waiting": {
            "p(95)": 51.6296799999999,
            "avg": 11.102367356174778,
            "min": 0,
            "med": 2.1685,
            "max": 191.6253,
            "p(90)": 26.79972000000001
        },
        "data_sent": {
            "count": 4793628,
            "rate": 39530.31628433967
        },
        "checks": {
            "passes": 47432,
            "fails": 0,
            "value": 1
        },
        "vus": {
            "value": 2,
            "min": 1,
            "max": 199
        },
        "iterations": {
            "count": 6776,
            "rate": 55.877807610996435
        },
        "http_req_duration": {
            "avg": 11.957254831886269,
            "min": 0,
            "med": 2.4582,
            "max": 204.996,
            "p(90)": 28.1341,
            "p(95)": 53.09633999999997,
            "thresholds": {
                "p(95)<1500": false
            }
        },
        "http_req_connecting": {
            "p(95)": 0,
            "avg": 0.0016469095112772712,
            "min": 0,
            "med": 0,
            "max": 15.4624,
            "p(90)": 0
        },
        "iteration_duration": {
            "avg": 1376.928623037186,
            "min": 1316.282,
            "med": 1357.4648,
            "max": 1645.2623,
            "p(90)": 1460.76945,
            "p(95)": 1489.816675
        },
        "http_req_duration{expected_response:true}": {
            "p(95)": 53.09633999999997,
            "avg": 11.957254831886269,
            "min": 0,
            "med": 2.4582,
            "max": 204.996,
            "p(90)": 28.1341
        },
        "data_received": {
            "count": 2833651784,
            "rate": 23367510.215895634
        },
        "http_req_tls_handshaking": {
            "p(90)": 0,
            "p(95)": 0,
            "avg": 0,
            "min": 0,
            "med": 0,
            "max": 0
        },
        "http_req_receiving": {
            "avg": 0.8491293061465495,
            "min": 0,
            "med": 0,
            "max": 133.5836,
            "p(90)": 2.2223,
            "p(95)": 3.5673199999999996
        },
        "http_req_failed": {
            "passes": 0,
            "fails": 40657,
            "thresholds": {
                "rate<0.03": false
            },
            "value": 0
        },
        "vus_max": {
            "value": 200,
            "min": 200,
            "max": 200
        },
        "http_req_sending": {
            "med": 0,
            "max": 13.3707,
            "p(90)": 0,
            "p(95)": 0,
            "avg": 0.005758169564896579,
            "min": 0
        },
        "http_reqs": {
            "count": 40657,
            "rate": 335.27509209567324
        }
    },
    "root_group": {
        "groups": {},
        "checks": {
                "create review: status 201": {
                    "name": "create review: status 201",
                    "path": "::create review: status 201",
                    "id": "c932329e2b3295bcd8e6c629e7ac0d13",
                    "passes": 6776,
                    "fails": 0
                },
                "list all reviews: status 200": {
                    "fails": 0,
                    "name": "list all reviews: status 200",
                    "path": "::list all reviews: status 200",
                    "id": "f4e88e6d43443e544640686b0ffab8b2",
                    "passes": 6776
                },
                "get review by id: status 200": {
                    "id": "1f3a78c739c7c8c3e5a40d8e733fd292",
                    "passes": 6776,
                    "fails": 0,
                    "name": "get review by id: status 200",
                    "path": "::get review by id: status 200"
                },
                "get review by id: rating matches": {
                    "name": "get review by id: rating matches",
                    "path": "::get review by id: rating matches",
                    "id": "a1950b9cde3cedc5615a7e443c239f01",
                    "passes": 6776,
                    "fails": 0
                },
                "reviews by product: status 200": {
                    "fails": 0,
                    "name": "reviews by product: status 200",
                    "path": "::reviews by product: status 200",
                    "id": "ff38d5a6484e85363435e2bde0050fd7",
                    "passes": 6776
                },
                "average rating: status 200": {
                    "name": "average rating: status 200",
                    "path": "::average rating: status 200",
                    "id": "410881361114124b5478d42656b0fe57",
                    "passes": 6776,
                    "fails": 0
                },
                "delete review: status 200 or 204": {
                    "name": "delete review: status 200 or 204",
                    "path": "::delete review: status 200 or 204",
                    "id": "57b5378af40d81f36ee360a25b812e46",
                    "passes": 6776,
                    "fails": 0
                }
            },
        "name": "",
        "path": "",
        "id": "d41d8cd98f00b204e9800998ecf8427e"
    }
}