{
    "metrics": {
        "http_req_sending": {
            "p(90)": 0,
            "p(95)": 0,
            "avg": 0.007474510214901264,
            "min": 0,
            "med": 0,
            "max": 5.6314
        },
        "checks": {
            "passes": 162214,
            "fails": 0,
            "value": 1
        },
        "iteration_duration": {
            "med": 1655.8870499999998,
            "max": 4859.8866,
            "p(90)": 4311.9314,
            "p(95)": 4580.1568449999995,
            "avg": 1929.7170634637039,
            "min": 27.4167
        },
        "http_reqs": {
            "count": 162214,
            "rate": 1351.7003682175662
        },
        "vus": {
            "value": 2,
            "min": 1,
            "max": 499
        },
        "http_req_blocked": {
            "avg": 0.0021206209081830203,
            "min": 0,
            "med": 0,
            "max": 3.01,
            "p(90)": 0,
            "p(95)": 0
        },
        "http_req_waiting": {
            "p(95)": 417.57996,
            "avg": 141.7933588672989,
            "min": 0,
            "med": 104.14985,
            "max": 664.753,
            "p(90)": 326.544
        },
        "http_req_duration{expected_response:true}": {
            "p(90)": 326.81753000000003,
            "p(95)": 417.8400550000002,
            "avg": 148.17639230769407,
            "min": 0,
            "med": 119.8719,
            "max": 665.6309
        },
        "http_req_tls_handshaking": {
            "p(90)": 0,
            "p(95)": 0,
            "avg": 0,
            "min": 0,
            "med": 0,
            "max": 0
        },
        "iterations": {
            "count": 12478,
            "rate": 103.97695140135124
        },
        "http_req_failed": {
            "fails": 162214,
            "passes": 0,
            "thresholds": {
                "rate<0.05": false
            },
            "value": 0
        },
        "data_received": {
            "count": 8227052170,
            "rate": 68554560.31867857
        },
        "data_sent": {
            "count": 17889741,
            "rate": 149072.02520754613
        },
        "http_req_receiving": {
            "min": 0,
            "med": 0,
            "max": 142.7764,
            "p(90)": 37.177910000000054,
            "p(95)": 53.398745000000005,
            "avg": 6.375558930178653
        },
        "vus_max": {
            "value": 500,
            "min": 500,
            "max": 500
        },
        "http_req_duration": {
            "max": 665.6309,
            "p(90)": 326.81753000000003,
            "p(95)": 417.8400550000002,
            "avg": 148.17639230769407,
            "min": 0,
            "med": 119.8719,
            "thresholds": {
                "p(95)<2000": false
            }
        },
        "http_req_connecting": {
            "min": 0,
            "med": 0,
            "max": 1.3791,
            "p(90)": 0,
            "p(95)": 0,
            "avg": 0.00023154844834601208
        }
    },
    "root_group": {
        "checks": {
            "list products: status 200": {
                "id": "924a40c79df3d6bc39fdcdfcc923816e",
                "passes": 12478,
                "fails": 0,
                "name": "list products: status 200",
                "path": "::list products: status 200"
            },
            "list products: has data": {
                "path": "::list products: has data",
                "id": "4290724cf781171eb17f384ed5f458d4",
                "passes": 12478,
                "fails": 0,
                "name": "list products: has data"
            },
            "get product: status 200 or 404": {
                "name": "get product: status 200 or 404",
                "path": "::get product: status 200 or 404",
                "id": "2cbbbbbba72fe3cd0c1b28772a24e4c9",
                "passes": 12478,
                "fails": 0
            },
            "search: status 200": {
                "name": "search: status 200",
                "path": "::search: status 200",
                "id": "cd68838b4cc6f7786becc08340f51f71",
                "passes": 12478,
                "fails": 0
            },
            "category filter: status 200": {
                "fails": 0,
                "name": "category filter: status 200",
                "path": "::category filter: status 200",
                "id": "08bdd22fe49b26bd9062a4063e91365b",
                "passes": 12478
            },
            "reviews by product: status 200": {
                "name": "reviews by product: status 200",
                "path": "::reviews by product: status 200",
                "id": "ff38d5a6484e85363435e2bde0050fd7",
                "passes": 12478,
                "fails": 0
            },
            "average rating: status 200": {
                "name": "average rating: status 200",
                "path": "::average rating: status 200",
                "id": "410881361114124b5478d42656b0fe57",
                "passes": 12478,
                "fails": 0
            },
            "add to cart: status 200 or 201": {
                "name": "add to cart: status 200 or 201",
                "path": "::add to cart: status 200 or 201",
                "id": "1788e10b98590b202bef7a8dbc573220",
                "passes": 12478,
                "fails": 0
            },
            "get cart: status 200": {
                "name": "get cart: status 200",
                "path": "::get cart: status 200",
                "id": "28c7dad2666418e7df7959192396d5c0",
                "passes": 12478,
                "fails": 0
            },
            "create order: status 201": {
                "name": "create order: status 201",
                "path": "::create order: status 201",
                "id": "1bcfa49d77d46f40d66acd4c4ffcf2a7",
                "passes": 12478,
                "fails": 0
            },
            "home page: status 200": {
                "name": "home page: status 200",
                "path": "::home page: status 200",
                "id": "8d960afda292b63e7c50c7370794be43",
                "passes": 12478,
                "fails": 0
            },
            "products page: status 200": {
                "passes": 12478,
                "fails": 0,
                "name": "products page: status 200",
                "path": "::products page: status 200",
                "id": "d3ec3a910ae752d937097964558034ff"
            },
            "product detail page: status 200": {
                "name": "product detail page: status 200",
                "path": "::product detail page: status 200",
                "id": "b24b993fd6b4e43d3aa894d986fa618f",
                "passes": 12478,
                "fails": 0
            }
        },
        "name": "",
        "path": "",
        "id": "d41d8cd98f00b204e9800998ecf8427e",
        "groups": {}
    }
}