{
    "metrics": {
        "http_req_tls_handshaking": {
            "avg": 0,
            "min": 0,
            "med": 0,
            "max": 0,
            "p(90)": 0,
            "p(95)": 0
        },
        "http_req_blocked": {
            "avg": 0.0028793478960029823,
            "min": 0,
            "med": 0,
            "max": 13.0343,
            "p(90)": 0,
            "p(95)": 0
        },
        "http_req_waiting": {
            "med": 97.26544999999999,
            "max": 1280.991,
            "p(90)": 376.03459999999995,
            "p(95)": 495.95844999999997,
            "avg": 150.8806476535047,
            "min": 0
        },
        "vus": {
            "value": 2,
            "min": 1,
            "max": 500
        },
        "data_sent": {
            "count": 27704641,
            "rate": 230842.04830572562
        },
        "iteration_duration": {
            "max": 7022.6165,
            "p(90)": 6464.630080000001,
            "p(95)": 6647.3389,
            "avg": 2822.422367917081,
            "min": 42.4218,
            "med": 2513.475
        },
        "iterations": {
            "rate": 71.9656598768615,
            "count": 8637
        },
        "http_req_failed": {
            "fails": 138192,
            "passes": 17274,
            "thresholds": {
                "rate<0.05": true
            },
            "value": 0.1111111111111111
        },
        "http_req_receiving": {
            "p(90)": 4.330550000000001,
            "p(95)": 56.029925000000006,
            "avg": 5.6920795550153125,
            "min": 0,
            "med": 0,
            "max": 609.9078
        },
        "http_req_duration{expected_response:true}": {
            "med": 129.32065,
            "max": 1280.991,
            "p(90)": 390.1338,
            "p(95)": 512.3303499999996,
            "avg": 172.7016758234894,
            "min": 0
        },
        "http_reqs": {
            "count": 155466,
            "rate": 1295.381877783507
        },
        "http_req_connecting": {
            "min": 0,
            "med": 0,
            "max": 11.7479,
            "p(90)": 0,
            "p(95)": 0,
            "avg": 0.0008443756191064281
        },
        "data_received": {
            "rate": 48115758.95612741,
            "count": 5774640444
        },
        "http_req_duration": {
            "max": 1280.991,
            "p(90)": 376.38105,
            "p(95)": 496.6681,
            "avg": 156.58093447570312,
            "min": 0,
            "med": 104.04974999999999,
            "thresholds": {
                "p(95)<2000": false
            }
        },
        "checks": {
            "passes": 138192,
            "fails": 17274,
            "value": 0.8888888888888888
        },
        "http_req_sending": {
            "max": 4.5125,
            "p(90)": 0,
            "p(95)": 0,
            "avg": 0.008207267183821523,
            "min": 0,
            "med": 0
        },
        "vus_max": {
            "min": 500,
            "max": 500,
            "value": 500
        }
    },
    "root_group": {
        "path": "",
        "id": "d41d8cd98f00b204e9800998ecf8427e",
        "groups": {},
        "checks": {
                "list products: status 200": {
                    "path": "::list products: status 200",
                    "id": "924a40c79df3d6bc39fdcdfcc923816e",
                    "passes": 8637,
                    "fails": 0,
                    "name": "list products: status 200"
                },
                "list products: has data": {
                    "name": "list products: has data",
                    "path": "::list products: has data",
                    "id": "4290724cf781171eb17f384ed5f458d4",
                    "passes": 8637,
                    "fails": 0
                },
                "get product: status 200 or 404": {
                    "name": "get product: status 200 or 404",
                    "path": "::get product: status 200 or 404",
                    "id": "2cbbbbbba72fe3cd0c1b28772a24e4c9",
                    "passes": 8637,
                    "fails": 0
                },
                "search: status 200": {
                    "id": "cd68838b4cc6f7786becc08340f51f71",
                    "passes": 8637,
                    "fails": 0,
                    "name": "search: status 200",
                    "path": "::search: status 200"
                },
                "category filter: status 200": {
                    "name": "category filter: status 200",
                    "path": "::category filter: status 200",
                    "id": "08bdd22fe49b26bd9062a4063e91365b",
                    "passes": 8637,
                    "fails": 0
                },
                "reviews by product: status 200": {
                    "name": "reviews by product: status 200",
                    "path": "::reviews by product: status 200",
                    "id": "ff38d5a6484e85363435e2bde0050fd7",
                    "passes": 8637,
                    "fails": 0
                },
                "average rating: status 200": {
                    "path": "::average rating: status 200",
                    "id": "410881361114124b5478d42656b0fe57",
                    "passes": 8637,
                    "fails": 0,
                    "name": "average rating: status 200"
                },
                "add to cart: status 200 or 201": {
                    "name": "add to cart: status 200 or 201",
                    "path": "::add to cart: status 200 or 201",
                    "id": "1788e10b98590b202bef7a8dbc573220",
                    "passes": 8637,
                    "fails": 0
                },
                "get cart: status 200": {
                    "name": "get cart: status 200",
                    "path": "::get cart: status 200",
                    "id": "28c7dad2666418e7df7959192396d5c0",
                    "passes": 8637,
                    "fails": 0
                },
                "create order: status 201": {
                    "name": "create order: status 201",
                    "path": "::create order: status 201",
                    "id": "1bcfa49d77d46f40d66acd4c4ffcf2a7",
                    "passes": 8637,
                    "fails": 0
                },
                "home page: status 200": {
                    "id": "8d960afda292b63e7c50c7370794be43",
                    "passes": 8637,
                    "fails": 0,
                    "name": "home page: status 200",
                    "path": "::home page: status 200"
                },
                "products page: status 200": {
                    "name": "products page: status 200",
                    "path": "::products page: status 200",
                    "id": "d3ec3a910ae752d937097964558034ff",
                    "passes": 8637,
                    "fails": 0
                },
                "product detail page: status 200": {
                    "passes": 8637,
                    "fails": 0,
                    "name": "product detail page: status 200",
                    "path": "::product detail page: status 200",
                    "id": "b24b993fd6b4e43d3aa894d986fa618f"
                },
                "add to cart (page): status 200": {
                    "name": "add to cart (page): status 200",
                    "path": "::add to cart (page): status 200",
                    "id": "f0cd3e144cbac350e1e6ac88a1b85040",
                    "passes": 0,
                    "fails": 8637
                },
                "cart page: status 200": {
                    "passes": 8637,
                    "fails": 0,
                    "name": "cart page: status 200",
                    "path": "::cart page: status 200",
                    "id": "71a46f5b7a13213d2d57118ccbab0ff3"
                },
                "checkout page: status 200": {
                    "path": "::checkout page: status 200",