{
    "metrics": {
        "http_req_waiting": {
            "p(95)": 1.4777,
            "avg": 0.8517581139441238,
            "min": 0,
            "med": 0.6511,
            "max": 28.5036,
            "p(90)": 1.2901
        },
        "data_sent": {
            "count": 7222501,
            "rate": 59921.917218604205
        },
        "http_req_tls_handshaking": {
            "max": 0,
            "p(90)": 0,
            "p(95)": 0,
            "avg": 0,
            "min": 0,
            "med": 0
        },
        "checks": {
            "passes": 51230,
            "fails": 0,
            "value": 1
        },
        "http_req_duration{expected_response:true}": {
            "avg": 1.0646015542271472,
            "min": 0,
            "med": 1.079,
            "max": 28.5036,
            "p(90)": 1.4657,
            "p(95)": 1.6240399999999988
        },
        "vus": {
            "value": 7,
            "min": 1,
            "max": 199
        },
        "iteration_duration": {
            "min": 902.832,
            "med": 905.53545,
            "max": 932.4545,
            "p(90)": 906.6901,
            "p(95)": 907.1616,
            "avg": 905.6977277669264
        },
        "http_req_sending": {
            "p(90)": 0,
            "p(95)": 0.010179999999999564,
            "avg": 0.0032913626936684104,
            "min": 0,
            "med": 0,
            "max": 1.4535
        },
        "data_received": {
            "count": 9421801,
            "rate": 78168.54294269565
        },
        "vus_max": {
            "value": 200,
            "min": 200,
            "max": 200
        },
        "http_req_blocked": {
            "avg": 0.0018073246309625456,
            "min": 0,
            "med": 0,
            "max": 1.0305,
            "p(90)": 0,
            "p(95)": 0
        },
        "http_req_connecting": {
            "med": 0,
            "max": 0.5777,
            "p(90)": 0,
            "p(95)": 0,
            "avg": 0.0006095132365499574,
            "min": 0
        },
        "http_req_receiving": {
            "min": 0,
            "med": 0,
            "max": 14.3622,
            "p(90)": 0.6902,
            "p(95)": 0.8134799999999995,
            "avg": 0.20955207758936184
        },
        "http_req_failed": {
            "passes": 0,
            "fails": 40985,
            "thresholds": {
                "rate<0.03": false
            },
            "value": 0
        },
        "iterations": {
            "count": 10246,
            "rate": 85.0065598913477
        },
        "http_req_duration": {
            "max": 28.5036,
            "p(90)": 1.4657,
            "p(95)": 1.6240399999999988,
            "avg": 1.0646015542271472,
            "min": 0,
            "med": 1.079,
            "thresholds": {
                "p(95)<1500": false
            }
        },
        "http_reqs": {
            "count": 40985,
            "rate": 340.03453612598923
        }
    },
    "root_group": {
        "name": "",
        "path": "",
        "id": "d41d8cd98f00b204e9800998ecf8427e",
        "groups": {},
        "checks": {
                "create product: status 201": {
                    "path": "::create product: status 201",
                    "id": "d93f8db8db344695f776e44ec6b18c58",
                    "passes": 10246,
                    "fails": 0,
                    "name": "create product: status 201"
                },
                "get created product: status 200": {
                    "name": "get created product: status 200",
                    "path": "::get created product: status 200",
                    "id": "afdc866b141a243ae294ef9ad1f445e9",
                    "passes": 10246,
                    "fails": 0
                },
                "get created product: name matches": {
                    "name": "get created product: name matches",
                    "path": "::get created product: name matches",
                    "id": "c11a53a8914fcb33931d909ab82d155e",
                    "passes": 10246,
                    "fails": 0
                },
                "update product: status 200 or 204": {
                    "path": "::update product: status 200 or 204",
                    "id": "fed812f077cab05d9d142603607e1679",
                    "passes": 10246,
                    "fails": 0,
                    "name": "update product: status 200 or 204"
                },
                "delete product: status 200 or 204": {
                    "passes": 10246,
                    "fails": 0,
                    "name": "delete product: status 200 or 204",
                    "path": "::delete product: status 200 or 204",
                    "id": "bc7117db1fa07e5c01728435a48a565a"
                }
            }
    }
}