{
    "metrics": {
        "checks": {
            "passes": 162786,
            "fails": 0,
            "value": 1
        },
        "iteration_duration": {
            "min": 27.7782,
            "med": 1709.33615,
            "max": 4499.2333,
            "p(90)": 4083.53346,
            "p(95)": 4288.3475849999995,
            "avg": 1918.3142767529143
        },
        "http_reqs": {
            "count": 162786,
            "rate": 1356.3886564389927
        },
        "http_req_blocked": {
            "med": 0,
            "max": 15.15,
            "p(90)": 0,
            "p(95)": 0,
            "avg": 0.002410859041932354,
            "min": 0
        },
        "iterations": {
            "count": 12522,
            "rate": 104.3375889568456
        },
        "vus": {
            "value": 2,
            "min": 1,
            "max": 500
        },
        "http_req_duration{expected_response:true}": {
            "min": 0,
            "med": 122.23910000000001,
            "max": 638.3419,
            "p(90)": 328.09524999999996,
            "p(95)": 399.80604999999997,
            "avg": 147.30158353605358
        },
        "data_sent": {
            "count": 17953593,
            "rate": 149595.48049293246
        },
        "http_req_tls_handshaking": {
            "avg": 0,
            "min": 0,
            "med": 0,
            "max": 0,
            "p(90)": 0,
            "p(95)": 0
        },
        "http_req_duration": {
            "med": 122.23910000000001,
            "max": 638.3419,
            "p(90)": 328.09524999999996,
            "p(95)": 399.80604999999997,
            "avg": 147.30158353605358,
            "min": 0,
            "thresholds": {
                "p(95)<2000": false
            }
        },
        "http_req_failed": {
            "fails": 162786,
            "passes": 0,
            "thresholds": {
                "rate<0.05": false
            },
            "value": 0
        },
        "vus_max": {
            "value": 500,
            "min": 500,
            "max": 500
        },
        "http_req_waiting": {
            "avg": 140.88961697443202,
            "min": 0,
            "med": 106.6582,
            "max": 638.3419,
            "p(90)": 327.88985,
            "p(95)": 399.43532500000003
        },
        "http_req_sending": {
            "avg": 0.0076889843106900824,
            "min": 0,
            "med": 0,
            "max": 6.4205,
            "p(90)": 0,
            "p(95)": 0
        },
        "http_req_connecting": {
            "p(95)": 0,
            "avg": 0.00046043824407504357,
            "min": 0,
            "med": 0,
            "max": 15.15,
            "p(90)": 0
        },
        "data_received": {
            "count": 8255867361,
            "rate": 68790711.96248648
        },
        "http_req_receiving": {
            "avg": 6.404277577310123,
            "min": 0,
            "med": 0,
            "max": 127.8138,
            "p(90)": 37.47085,
            "p(95)": 53.183025
        }
    },
    "root_group": {
        "name": "",
        "path": "",
        "id": "d41d8cd98f00b204e9800998ecf8427e",
        "groups": {},
        "checks": {
                "list products: status 200": {
                    "name": "list products: status 200",
                    "path": "::list products: status 200",
                    "id": "924a40c79df3d6bc39fdcdfcc923816e",
                    "passes": 12522,
                    "fails": 0
                },
                "list products: has data": {
                    "name": "list products: has data",
                    "path": "::list products: has data",
                    "id": "4290724cf781171eb17f384ed5f458d4",
                    "passes": 12522,
                    "fails": 0
                },
                "get product: status 200 or 404": {
                    "fails": 0,
                    "name": "get product: status 200 or 404",
                    "path": "::get product: status 200 or 404",
                    "id": "2cbbbbbba72fe3cd0c1b28772a24e4c9",
                    "passes": 12522
                },
                "search: status 200": {
                    "fails": 0,
                    "name": "search: status 200",
                    "path": "::search: status 200",
                    "id": "cd68838b4cc6f7786becc08340f51f71",
                    "passes": 12522
                },
                "category filter: status 200": {
                    "passes": 12522,
                    "fails": 0,
                    "name": "category filter: status 200",
                    "path": "::category filter: status 200",
                    "id": "08bdd22fe49b26bd9062a4063e91365b"
                },
                "reviews by product: status 200": {
                    "name": "reviews by product: status 200",
                    "path": "::reviews by product: status 200",
                    "id": "ff38d5a6484e85363435e2bde0050fd7",
                    "passes": 12522,
                    "fails": 0
                },
                "average rating: status 200": {
                    "fails": 0,
                    "name": "average rating: status 200",
                    "path": "::average rating: status 200",
                    "id": "410881361114124b5478d42656b0fe57",
                    "passes": 12522
                },
                "add to cart: status 200 or 201": {
                    "name": "add to cart: status 200 or 201",
                    "path": "::add to cart: status 200 or 201",
                    "id": "1788e10b98590b202bef7a8dbc573220",
                    "passes": 12522,
                    "fails": 0
                },
                "get cart: status 200": {
                    "fails": 0,
                    "name": "get cart: status 200",
                    "path": "::get cart: status 200",
                    "id": "28c7dad2666418e7df7959192396d5c0",
                    "passes": 12522
                },
                "create order: status 201": {
                    "path": "::create order: status 201",
                    "id": "1bcfa49d77d46f40d66acd4c4ffcf2a7",
                    "passes": 12522,
                    "fails": 0,
                    "name": "create order: status 201"
                },
                "home page: status 200": {
                    "name": "home page: status 200",
                    "path": "::home page: status 200",
                    "id": "8d960afda292b63e7c50c7370794be43",
                    "passes": 12522,
                    "fails": 0
                },
                "products page: status 200": {
                    "path": "::products page: status 200",
                    "id": "d3ec3a910ae752d937097964558034ff",
                    "passes": 12522,
                    "fails": 0,
                    "name": "products page: status 200"
                },
                "product detail page: status 200": {
                    "name": "product detail page: status 200",
                    "path": "::product detail page: status 200",
                    "id": "b24b993fd6b4e43d3aa894d986fa618f",
                    "passes": 12522,
                    "fails": 0
                }
            }
    }
}