{
    "metrics": {
        "data_received": {
            "rate": 23715529.164487414,
            "count": 2873563188
        },
        "http_req_waiting": {
            "min": 0,
            "med": 1.5923,
            "max": 259.5017,
            "p(90)": 15.761780000000009,
            "p(95)": 35.78919999999994,
            "avg": 7.76491674140157
        },
        "http_req_duration{expected_response:true}": {
            "med": 1.6735,
            "max": 264.7775,
            "p(90)": 17.80636,
            "p(95)": 38.17617999999996,
            "avg": 8.304567132850256,
            "min": 0
        },
        "http_req_blocked": {
            "avg": 0.0031878541823205753,
            "min": 0,
            "med": 0,
            "max": 20.2764,
            "p(90)": 0,
            "p(95)": 0
        },
        "http_req_sending": {
            "avg": 0.004086370797682817,
            "min": 0,
            "med": 0,
            "max": 21.5638,
            "p(90)": 0,
            "p(95)": 0
        },
        "iterations": {
            "count": 6876,
            "rate": 56.74765713034861
        },
        "http_req_failed": {
            "passes": 0,
            "fails": 41257,
            "thresholds": {
                "rate<0.03": false
            },
            "value": 0
        },
        "http_req_receiving": {
            "max": 153.1545,
            "p(90)": 1.9986,
            "p(95)": 2.334659999999999,
            "avg": 0.5355640206510401,
            "min": 0,
            "med": 0
        },
        "http_req_duration": {
            "avg": 8.304567132850256,
            "min": 0,
            "med": 1.6735,
            "max": 264.7775,
            "p(90)": 17.80636,
            "p(95)": 38.17617999999996,
            "thresholds": {
                "p(95)<1500": false
            }
        },
        "http_req_connecting": {
            "p(90)": 0,
            "p(95)": 0,
            "avg": 0.0010533897278037665,
            "min": 0,
            "med": 0,
            "max": 11.0042
        },
        "http_req_tls_handshaking": {
            "avg": 0,
            "min": 0,
            "med": 0,
            "max": 0,
            "p(90)": 0,
            "p(95)": 0
        },
        "data_sent": {
            "count": 4864392,
            "rate": 40145.84778412023
        },
        "iteration_duration": {
            "min": 1316.4318,
            "med": 1330.9377,
            "max": 1602.2273,
            "p(90)": 1419.8413500000001,
            "p(95)": 1442.0685250000001,
            "avg": 1354.6940300174529
        },
        "vus_max": {
            "value": 200,
            "min": 200,
            "max": 200
        },
        "http_reqs": {
            "count": 41257,
            "rate": 340.49419578632813
        },
        "checks": {
            "passes": 48132,
            "fails": 0,
            "value": 1
        },
        "vus": {
            "max": 199,
            "value": 2,
            "min": 1
        }
    },
    "root_group": {
        "name": "",
        "path": "",
        "id": "d41d8cd98f00b204e9800998ecf8427e",
        "groups": {},
        "checks": {
                "create review: status 201": {
                    "name": "create review: status 201",
                    "path": "::create review: status 201",
                    "id": "c932329e2b3295bcd8e6c629e7ac0d13",
                    "passes": 6876,
                    "fails": 0
                },
                "list all reviews: status 200": {
                    "name": "list all reviews: status 200",
                    "path": "::list all reviews: status 200",
                    "id": "f4e88e6d43443e544640686b0ffab8b2",
                    "passes": 6876,
                    "fails": 0
                },
                "get review by id: status 200": {
                    "name": "get review by id: status 200",
                    "path": "::get review by id: status 200",
                    "id": "1f3a78c739c7c8c3e5a40d8e733fd292",
                    "passes": 6876,
                    "fails": 0
                },
                "get review by id: rating matches": {
                    "name": "get review by id: rating matches",
                    "path": "::get review by id: rating matches",
                    "id": "a1950b9cde3cedc5615a7e443c239f01",
                    "passes": 6876,
                    "fails": 0
                },
                "reviews by product: status 200": {
                    "name": "reviews by product: status 200",
                    "path": "::reviews by product: status 200",
                    "id": "ff38d5a6484e85363435e2bde0050fd7",
                    "passes": 6876,
                    "fails": 0
                },
                "average rating: status 200": {
                    "name": "average rating: status 200",
                    "path": "::average rating: status 200",
                    "id": "410881361114124b5478d42656b0fe57",
                    "passes": 6876,
                    "fails": 0
                },
                "delete review: status 200 or 204": {
                    "passes": 6876,
                    "fails": 0,
                    "name": "delete review: status 200 or 204",
                    "path": "::delete review: status 200 or 204",
                    "id": "57b5378af40d81f36ee360a25b812e46"
                }
            }
    }
}