{
    "metrics": {
        "http_req_blocked": {
            "min": 0,
            "med": 0,
            "max": 5.2073,
            "p(90)": 0,
            "p(95)": 0,
            "avg": 0.0028317158821596026
        },
        "http_req_sending": {
            "max": 2.5219,
            "p(90)": 0,
            "p(95)": 0,
            "avg": 0.008922048367844696,
            "min": 0,
            "med": 0
        },
        "http_req_tls_handshaking": {
            "avg": 0,
            "min": 0,
            "med": 0,
            "max": 0,
            "p(90)": 0,
            "p(95)": 0
        },
        "data_sent": {
            "rate": 194063.65593771855,
            "count": 23300042
        },
        "http_req_failed": {
            "passes": 0,
            "fails": 115614,
            "thresholds": {
                "rate<0.05": false
            },
            "value": 0
        },
        "http_req_duration": {
            "max": 1121.6338,
            "p(90)": 494.41324,
            "p(95)": 609.9397399999997,
            "avg": 213.07437414240283,
            "min": 0,
            "med": 165.78750000000002,
            "thresholds": {
                "p(95)<2000": false
            }
        },
        "http_reqs": {
            "count": 115614,
            "rate": 962.9371276491
        },
        "iterations": {
            "count": 6423,
            "rate": 53.496507091616664
        },
        "http_req_waiting": {
            "avg": 205.63173244330318,
            "min": 0,
            "med": 147.30845,
            "max": 1120.7753,
            "p(90)": 489.20052000000004,
            "p(95)": 599.5039649999999
        },
        "checks": {
            "passes": 115614,
            "fails": 0,
            "value": 1
        },
        "http_req_receiving": {
            "p(95)": 57.940870000000004,
            "avg": 7.433719650734313,
            "min": 0,
            "med": 0,
            "max": 510.5096,
            "p(90)": 32.42607999999998
        },
        "http_req_duration{expected_response:true}": {
            "med": 165.78750000000002,
            "max": 1121.6338,
            "p(90)": 494.41324,
            "p(95)": 609.9397399999997,
            "avg": 213.07437414240283,
            "min": 0
        },
        "http_req_connecting": {
            "max": 3.6869,
            "p(90)": 0,
            "p(95)": 0,
            "avg": 0.0007089271195529957,
            "min": 0,
            "med": 0
        },
        "vus": {
            "value": 5,
            "min": 1,
            "max": 500
        },
        "data_received": {
            "count": 6852085274,
            "rate": 57070314.25391611
        },
        "iteration_duration": {
            "min": 76.1412,
            "med": 3395.9598,
            "max": 9141.7139,
            "p(90)": 8061.119340000001,
            "p(95)": 8578.776029999999,
            "avg": 3839.636916985811
        },
        "vus_max": {
            "max": 500,
            "value": 500,
            "min": 500
        }
    },
    "root_group": {
        "name": "",
        "path": "",
        "id": "d41d8cd98f00b204e9800998ecf8427e",
        "groups": {},
        "checks": {
                "list products: status 200": {
                    "name": "list products: status 200",
                    "path": "::list products: status 200",
                    "id": "924a40c79df3d6bc39fdcdfcc923816e",
                    "passes": 6423,
                    "fails": 0
                },
                "list products: has data": {
                    "path": "::list products: has data",
                    "id": "4290724cf781171eb17f384ed5f458d4",
                    "passes": 6423,
                    "fails": 0,
                    "name": "list products: has data"
                },
                "get product: status 200 or 404": {
                    "name": "get product: status 200 or 404",
                    "path": "::get product: status 200 or 404",
                    "id": "2cbbbbbba72fe3cd0c1b28772a24e4c9",
                    "passes": 6423,
                    "fails": 0
                },
                "search: status 200": {
                    "fails": 0,
                    "name": "search: status 200",
                    "path": "::search: status 200",
                    "id": "cd68838b4cc6f7786becc08340f51f71",
                    "passes": 6423
                },
                "category filter: status 200": {
                    "name": "category filter: status 200",
                    "path": "::category filter: status 200",
                    "id": "08bdd22fe49b26bd9062a4063e91365b",
                    "passes": 6423,
                    "fails": 0
                },
                "reviews by product: status 200": {
                    "passes": 6423,
                    "fails": 0,
                    "name": "reviews by product: status 200",
                    "path": "::reviews by product: status 200",
                    "id": "ff38d5a6484e85363435e2bde0050fd7"
                },
                "average rating: status 200": {
                    "name": "average rating: status 200",
                    "path": "::average rating: status 200",
                    "id": "410881361114124b5478d42656b0fe57",
                    "passes": 6423,
                    "fails": 0
                },
                "add to cart: status 200 or 201": {
                    "fails": 0,
                    "name": "add to cart: status 200 or 201",
                    "path": "::add to cart: status 200 or 201",
                    "id": "1788e10b98590b202bef7a8dbc573220",
                    "passes": 6423
                },
                "get cart: status 200": {
                    "name": "get cart: status 200",
                    "path": "::get cart: status 200",
                    "id": "28c7dad2666418e7df7959192396d5c0",
                    "passes": 6423,
                    "fails": 0
                },
                "create order: status 201": {
                    "passes": 6423,
                    "fails": 0,
                    "name": "create order: status 201",
                    "path": "::create order: status 201",
                    "id": "1bcfa49d77d46f40d66acd4c4ffcf2a7"
                },
                "home page: status 200": {
                    "name": "home page: status 200",
                    "path": "::home page: status 200",
                    "id": "8d960afda292b63e7c50c7370794be43",
                    "passes": 6423,
                    "fails": 0
                },
                "products page: status 200": {
                    "path": "::products page: status 200",
                    "id": "d3ec3a910ae752d937097964558034ff",
                    "passes": 6423,
                    "fails": 0,
                    "name": "products page: status 200"
                },
                "product detail page: status 200": {
                    "name": "product detail page: status 200",
                    "path": "::product detail page: status 200",
                    "id": "b24b993fd6b4e43d3aa894d986fa618f",
                    "passes": 6423,
                    "fails": 0
                },
                "add to cart (page): status 200": {
                    "name": "add to cart (page): status 200",
                    "path": "::add to cart (page): status 200",
                    "id": "f0cd3e144cbac350e1e6ac88a1b85040",
                    "passes": 6423,
                    "fails": 0
                },
                "cart page: status 200": {
                    "id": "71a46f5b7a13213d2d57118ccbab0ff3",
                    "passes": 6423,
                    "fails": 0,
                    "name": "cart page: status 200",
                    "path": "::cart page: status 200"
                },
                "checkout page: status 200": {
                    "fails": 0,