{
    "root_group": {
        "name": "",
        "path": "",
        "id": "d41d8cd98f00b204e9800998ecf8427e",
        "groups": {},
        "checks": {
                "status is 200 or 404": {
                    "fails": 0,
                    "name": "status is 200 or 404",
                    "path": "::status is 200 or 404",
                    "id": "ef1456c8a1788ec4ce69f9b568c28265",
                    "passes": 27444
                }
            }
    },
    "metrics": {
        "http_req_waiting": {
            "avg": 30.213604671330852,
            "min": 0,
            "med": 2.4058,
            "max": 660.4575,
            "p(90)": 105.54974000000001,
            "p(95)": 168.22857999999988
        },
        "http_req_receiving": {
            "avg": 4.1536208351552295,
            "min": 0,
            "med": 0,
            "max": 535.1137,
            "p(90)": 2.4255300000000006,
            "p(95)": 39.84182499999999
        },
        "iteration_duration": {
            "avg": 336.18802794782084,
            "min": 300.0002,
            "med": 304.1925,
            "max": 1014.2187,
            "p(90)": 429.0303400000001,
            "p(95)": 494.171905
        },
        "iterations": {
            "count": 27444,
            "rate": 228.28830240232438
        },
        "http_req_duration{expected_response:true}": {
            "avg": 34.376732794053304,
            "min": 0,
            "med": 2.83995,
            "max": 714.0425,
            "p(90)": 127.52940000000001,
            "p(95)": 191.55525499999996
        },
        "http_req_tls_handshaking": {
            "max": 0,
            "p(90)": 0,
            "p(95)": 0,
            "avg": 0,
            "min": 0,
            "med": 0
        },
        "checks": {
            "passes": 27444,
            "fails": 0,
            "value": 1
        },
        "data_received": {
            "count": 16329043015,
            "rate": 135830400.44267902
        },
        "http_req_duration": {
            "p(90)": 127.52940000000001,
            "p(95)": 191.55525499999996,
            "avg": 34.376732794053304,
            "min": 0,
            "med": 2.83995,
            "max": 714.0425,
            "thresholds": {
                "p(95)<1000": false
            }
        },
        "http_req_sending": {
            "med": 0,
            "max": 16.8225,
            "p(90)": 0,
            "p(95)": 0,
            "avg": 0.009507287567409995,
            "min": 0
        },
        "http_req_connecting": {
            "max": 7.1931,
            "p(90)": 0,
            "p(95)": 0,
            "avg": 0.002545354175776127,
            "min": 0,
            "med": 0
        },
        "vus": {
            "value": 4,
            "min": 1,
            "max": 199
        },
        "data_sent": {
            "count": 2389338,
            "rate": 19875.30665665956
        },
        "vus_max": {
            "value": 200,
            "min": 200,
            "max": 200
        },
        "http_req_failed": {
            "passes": 0,
            "fails": 27444,
            "thresholds": {
                "rate<0.05": false
            },
            "value": 0
        },
        "http_reqs": {
            "rate": 228.28830240232438,
            "count": 27444
        },
        "http_req_blocked": {
            "p(95)": 0,
            "avg": 0.003599416994607199,
            "min": 0,
            "med": 0,
            "max": 7.1931,
            "p(90)": 0
        }
    }
}