{
    "metrics": {
        "http_req_failed": {
            "passes": 0,
            "fails": 123426,
            "thresholds": {
                "rate<0.05": false
            },
            "value": 0
        },
        "iterations": {
            "count": 6857,
            "rate": 57.124763020853074
        },
        "vus": {
            "value": 5,
            "min": 1,
            "max": 500
        },
        "http_req_duration": {
            "p(90)": 454.37815,
            "p(95)": 541.641325,
            "avg": 198.87441286357625,
            "min": 0,
            "med": 157.20235,
            "max": 1040.2638,
            "thresholds": {
                "p(95)<2000": false
            }
        },
        "data_received": {
            "count": 6956170674,
            "rate": 57950940.831975766
        },
        "iteration_duration": {
            "avg": 3584.0202403820854,
            "min": 71.024,
            "med": 3251.4017,
            "max": 8636.928,
            "p(90)": 7597.72338,
            "p(95)": 7964.899599999999
        },
        "http_reqs": {
            "count": 123426,
            "rate": 1028.2457343753554
        },
        "http_req_tls_handshaking": {
            "max": 0,
            "p(90)": 0,
            "p(95)": 0,
            "avg": 0,
            "min": 0,
            "med": 0
        },
        "http_req_receiving": {
            "min": 0,
            "med": 0,
            "max": 578.4583,
            "p(90)": 31.80345,
            "p(95)": 54.819075,
            "avg": 6.927240941130752
        },
        "data_sent": {
            "count": 24873485,
            "rate": 207217.72438788737
        },
        "http_req_duration{expected_response:true}": {
            "min": 0,
            "med": 157.20235,
            "max": 1040.2638,
            "p(90)": 454.37815,
            "p(95)": 541.641325,
            "avg": 198.87441286357625
        },
        "http_req_sending": {
            "p(95)": 0,
            "avg": 0.008897202372271654,
            "min": 0,
            "med": 0,
            "max": 33.9926,
            "p(90)": 0
        },
        "http_req_waiting": {
            "avg": 191.9382747200727,
            "min": 0,
            "med": 141.52905,
            "max": 1040.2638,
            "p(90)": 450.6259,
            "p(95)": 533.466275
        },
        "http_req_connecting": {
            "p(90)": 0,
            "p(95)": 0,
            "avg": 0.000568226305640627,
            "min": 0,
            "med": 0,
            "max": 3.0003
        },
        "checks": {
            "passes": 123426,
            "fails": 0,
            "value": 1
        },
        "http_req_blocked": {
            "p(90)": 0,
            "p(95)": 0,
            "avg": 0.0027578071070925103,
            "min": 0,
            "med": 0,
            "max": 3.0003
        },
        "vus_max": {
            "value": 500,
            "min": 500,
            "max": 500
        }
    },
    "root_group": {
        "id": "d41d8cd98f00b204e9800998ecf8427e",
        "groups": {},
        "checks": {
                "list products: status 200": {
                    "id": "924a40c79df3d6bc39fdcdfcc923816e",
                    "passes": 6857,
                    "fails": 0,
                    "name": "list products: status 200",
                    "path": "::list products: status 200"
                },
                "list products: has data": {
                    "fails": 0,
                    "name": "list products: has data",
                    "path": "::list products: has data",
                    "id": "4290724cf781171eb17f384ed5f458d4",
                    "passes": 6857
                },
                "get product: status 200 or 404": {
                    "id": "2cbbbbbba72fe3cd0c1b28772a24e4c9",
                    "passes": 6857,
                    "fails": 0,
                    "name": "get product: status 200 or 404",
                    "path": "::get product: status 200 or 404"
                },
                "search: status 200": {
                    "name": "search: status 200",
                    "path": "::search: status 200",
                    "id": "cd68838b4cc6f7786becc08340f51f71",
                    "passes": 6857,
                    "fails": 0
                },
                "category filter: status 200": {
                    "name": "category filter: status 200",
                    "path": "::category filter: status 200",
                    "id": "08bdd22fe49b26bd9062a4063e91365b",
                    "passes": 6857,
                    "fails": 0
                },
                "reviews by product: status 200": {
                    "fails": 0,
                    "name": "reviews by product: status 200",
                    "path": "::reviews by product: status 200",
                    "id": "ff38d5a6484e85363435e2bde0050fd7",
                    "passes": 6857
                },
                "average rating: status 200": {
                    "passes": 6857,
                    "fails": 0,
                    "name": "average rating: status 200",
                    "path": "::average rating: status 200",
                    "id": "410881361114124b5478d42656b0fe57"
                },
                "add to cart: status 200 or 201": {
                    "name": "add to cart: status 200 or 201",
                    "path": "::add to cart: status 200 or 201",
                    "id": "1788e10b98590b202bef7a8dbc573220",
                    "passes": 6857,
                    "fails": 0
                },
                "get cart: status 200": {
                    "name": "get cart: status 200",
                    "path": "::get cart: status 200",
                    "id": "28c7dad2666418e7df7959192396d5c0",
                    "passes": 6857,
                    "fails": 0
                },
                "create order: status 201": {
                    "name": "create order: status 201",
                    "path": "::create order: status 201",
                    "id": "1bcfa49d77d46f40d66acd4c4ffcf2a7",
                    "passes": 6857,
                    "fails": 0
                },
                "home page: status 200": {
                    "fails": 0,
                    "name": "home page: status 200",
                    "path": "::home page: status 200",
                    "id": "8d960afda292b63e7c50c7370794be43",
                    "passes": 6857
                },
                "products page: status 200": {
                    "name": "products page: status 200",
                    "path": "::products page: status 200",
                    "id": "d3ec3a910ae752d937097964558034ff",
                    "passes": 6857,
                    "fails": 0
                },
                "product detail page: status 200": {
                    "name": "product detail page: status 200",
                    "path": "::product detail page: status 200",
                    "id": "b24b993fd6b4e43d3aa894d986fa618f",
                    "passes": 6857,
                    "fails": 0
                },
                "add to cart (page): status 200": {
                    "name": "add to cart (page): status 200",
                    "path": "::add to cart (page): status 200",
                    "id": "f0cd3e144cbac350e1e6ac88a1b85040",
                    "passes": 6857,
                    "fails": 0
                },
                "cart page: status 200": {
                    "name": "cart page: status 200",
                    "path": "::cart page: status 200",
                    "id": "71a46f5b7a13213d2d57118ccbab0ff3",
                    "passes": 6857,
                    "fails": 0
                },
                "checkout page: status 200": {
                    "fails": 0,
                    "name": "checkout page: status 200",
                    "path": "::checkout page: status 200",