{
    "metrics": {
        "http_req_tls_handshaking": {
            "p(90)": 0,
            "p(95)": 0,
            "avg": 0,
            "min": 0,
            "med": 0,
            "max": 0
        },
        "data_received": {
            "rate": 68086822.60713118,
            "count": 8172180153
        },
        "http_req_waiting": {
            "avg": 142.74482081484683,
            "min": 0.5047,
            "med": 105.7099,
            "max": 654.1338,
            "p(90)": 340.01694000000003,
            "p(95)": 410.4132299999999
        },
        "data_sent": {
            "count": 17770783,
            "rate": 148057.93889243237
        },
        "http_req_duration{expected_response:true}": {
            "min": 0.5074,
            "med": 120.5994,
            "max": 654.1338,
            "p(90)": 340.24366000000003,
            "p(95)": 410.6581999999999,
            "avg": 149.04231481925157
        },
        "http_req_duration": {
            "max": 654.1338,
            "p(90)": 340.24366000000003,
            "p(95)": 410.6581999999999,
            "avg": 149.04231481925157,
            "min": 0.5074,
            "med": 120.5994,
            "thresholds": {
                "p(95)<2000": false
            }
        },
        "iteration_duration": {
            "p(90)": 4210.28546,
            "p(95)": 4522.269799999999,
            "avg": 1940.962605211785,
            "min": 28.0928,
            "med": 1701.7863,
            "max": 4745.8382
        },
        "http_reqs": {
            "count": 161135,
            "rate": 1342.5022399650084
        },
        "vus": {
            "max": 499,
            "value": 2,
            "min": 1
        },
        "vus_max": {
            "value": 500,
            "min": 500,
            "max": 500
        },
        "http_req_sending": {
            "avg": 0.007583333229900401,
            "min": 0,
            "med": 0,
            "max": 15.6281,
            "p(90)": 0,
            "p(95)": 0
        },
        "checks": {
            "passes": 161135,
            "fails": 0,
            "value": 1
        },
        "http_req_connecting": {
            "max": 1.5414,
            "p(90)": 0,
            "p(95)": 0,
            "avg": 0.00027932416917491546,
            "min": 0,
            "med": 0
        },
        "http_req_receiving": {
            "min": 0,
            "med": 0,
            "max": 132.1659,
            "p(90)": 36.60178000000003,
            "p(95)": 52.50367999999998,
            "avg": 6.289910671176309
        },
        "iterations": {
            "count": 12395,
            "rate": 103.2694030742314
        },
        "http_req_blocked": {
            "min": 0,
            "med": 0,
            "max": 7.395,
            "p(90)": 0,
            "p(95)": 0,
            "avg": 0.002108931020572811
        },
        "http_req_failed": {
            "passes": 0,
            "fails": 161135,
            "thresholds": {
                "rate<0.05": false
            },
            "value": 0
        }
    },
    "root_group": {
        "groups": {},
        "checks": {
                "list products: status 200": {
                    "name": "list products: status 200",
                    "path": "::list products: status 200",
                    "id": "924a40c79df3d6bc39fdcdfcc923816e",
                    "passes": 12395,
                    "fails": 0
                },
                "list products: has data": {
                    "fails": 0,
                    "name": "list products: has data",
                    "path": "::list products: has data",
                    "id": "4290724cf781171eb17f384ed5f458d4",
                    "passes": 12395
                },
                "get product: status 200 or 404": {
                    "name": "get product: status 200 or 404",
                    "path": "::get product: status 200 or 404",
                    "id": "2cbbbbbba72fe3cd0c1b28772a24e4c9",
                    "passes": 12395,
                    "fails": 0
                },
                "search: status 200": {
                    "id": "cd68838b4cc6f7786becc08340f51f71",
                    "passes": 12395,
                    "fails": 0,
                    "name": "search: status 200",
                    "path": "::search: status 200"
                },
                "category filter: status 200": {
                    "name": "category filter: status 200",
                    "path": "::category filter: status 200",
                    "id": "08bdd22fe49b26bd9062a4063e91365b",
                    "passes": 12395,
                    "fails": 0
                },
                "reviews by product: status 200": {
                    "passes": 12395,
                    "fails": 0,
                    "name": "reviews by product: status 200",
                    "path": "::reviews by product: status 200",
                    "id": "ff38d5a6484e85363435e2bde0050fd7"
                },
                "average rating: status 200": {
                    "name": "average rating: status 200",
                    "path": "::average rating: status 200",
                    "id": "410881361114124b5478d42656b0fe57",
                    "passes": 12395,
                    "fails": 0
                },
                "add to cart: status 200 or 201": {
                    "path": "::add to cart: status 200 or 201",
                    "id": "1788e10b98590b202bef7a8dbc573220",
                    "passes": 12395,
                    "fails": 0,
                    "name": "add to cart: status 200 or 201"
                },
                "get cart: status 200": {
                    "fails": 0,
                    "name": "get cart: status 200",
                    "path": "::get cart: status 200",
                    "id": "28c7dad2666418e7df7959192396d5c0",
                    "passes": 12395
                },
                "create order: status 201": {
                    "name": "create order: status 201",
                    "path": "::create order: status 201",
                    "id": "1bcfa49d77d46f40d66acd4c4ffcf2a7",
                    "passes": 12395,
                    "fails": 0
                },
                "home page: status 200": {
                    "id": "8d960afda292b63e7c50c7370794be43",
                    "passes": 12395,
                    "fails": 0,
                    "name": "home page: status 200",
                    "path": "::home page: status 200"
                },
                "products page: status 200": {
                    "name": "products page: status 200",
                    "path": "::products page: status 200",
                    "id": "d3ec3a910ae752d937097964558034ff",
                    "passes": 12395,
                    "fails": 0
                },
                "product detail page: status 200": {
                    "name": "product detail page: status 200",
                    "path": "::product detail page: status 200",
                    "id": "b24b993fd6b4e43d3aa894d986fa618f",
                    "passes": 12395,
                    "fails": 0
                }
            },
        "name": "",
        "path": "",
        "id": "d41d8cd98f00b204e9800998ecf8427e"
    }
}