{
    "metrics": {
        "vus": {
            "value": 3,
            "min": 1,
            "max": 500
        },
        "http_req_failed": {
            "passes": 0,
            "fails": 161109,
            "thresholds": {
                "rate<0.05": false
            },
            "value": 0
        },
        "data_sent": {
            "count": 17767289,
            "rate": 148034.89021042682
        },
        "http_req_duration": {
            "p(90)": 343.09808000000004,
            "p(95)": 408.61186000000004,
            "avg": 149.11953037881105,
            "min": 0.5077,
            "med": 118.95,
            "max": 660.9952,
            "thresholds": {
                "p(95)<2000": false
            }
        },
        "http_req_waiting": {
            "avg": 142.79505195799155,
            "min": 0.3294,
            "med": 104.2323,
            "max": 660.5819,
            "p(90)": 342.80660000000006,
            "p(95)": 408.35064000000017
        },
        "iteration_duration": {
            "p(95)": 4537.47312,
            "avg": 1942.0107980069356,
            "min": 28.3622,
            "med": 1650.3196,
            "max": 4864.8702,
            "p(90)": 4181.3277800000005
        },
        "http_req_sending": {
            "med": 0,
            "max": 15.6432,
            "p(90)": 0,
            "p(95)": 0,
            "avg": 0.007914849573890942,
            "min": 0
        },
        "http_req_receiving": {
            "avg": 6.316563571246797,
            "min": 0,
            "med": 0,
            "max": 140.9113,
            "p(90)": 37.140240000000006,
            "p(95)": 52.790620000000004
        },
        "http_req_duration{expected_response:true}": {
            "med": 118.95,
            "max": 660.9952,
            "p(90)": 343.09808000000004,
            "p(95)": 408.61186000000004,
            "avg": 149.11953037881105,
            "min": 0.5077
        },
        "http_req_blocked": {
            "med": 0,
            "max": 3.0077,
            "p(90)": 0,
            "p(95)": 0,
            "avg": 0.002298190665946652,
            "min": 0
        },
        "checks": {
            "passes": 161109,
            "fails": 0,
            "value": 1
        },
        "http_req_connecting": {
            "avg": 0.0002826018409896406,
            "min": 0,
            "med": 0,
            "max": 1.3101,
            "p(90)": 0,
            "p(95)": 0
        },
        "data_received": {
            "count": 8170845770,
            "rate": 68078492.8127347
        },
        "iterations": {
            "count": 12393,
            "rate": 103.25696814960456
        },
        "http_reqs": {
            "count": 161109,
            "rate": 1342.3405859448592
        },
        "http_req_tls_handshaking": {
            "p(95)": 0,
            "avg": 0,
            "min": 0,
            "med": 0,
            "max": 0,
            "p(90)": 0
        },
        "vus_max": {
            "min": 500,
            "max": 500,
            "value": 500
        }
    },
    "root_group": {
        "name": "",
        "path": "",
        "id": "d41d8cd98f00b204e9800998ecf8427e",
        "groups": {},
        "checks": {
                "list products: status 200": {
                    "name": "list products: status 200",
                    "path": "::list products: status 200",
                    "id": "924a40c79df3d6bc39fdcdfcc923816e",
                    "passes": 12393,
                    "fails": 0
                },
                "list products: has data": {
                    "fails": 0,
                    "name": "list products: has data",
                    "path": "::list products: has data",
                    "id": "4290724cf781171eb17f384ed5f458d4",
                    "passes": 12393
                },
                "get product: status 200 or 404": {
                    "fails": 0,
                    "name": "get product: status 200 or 404",
                    "path": "::get product: status 200 or 404",
                    "id": "2cbbbbbba72fe3cd0c1b28772a24e4c9",
                    "passes": 12393
                },
                "search: status 200": {
                    "fails": 0,
                    "name": "search: status 200",
                    "path": "::search: status 200",
                    "id": "cd68838b4cc6f7786becc08340f51f71",
                    "passes": 12393
                },
                "category filter: status 200": {
                    "name": "category filter: status 200",
                    "path": "::category filter: status 200",
                    "id": "08bdd22fe49b26bd9062a4063e91365b",
                    "passes": 12393,
                    "fails": 0
                },
                "reviews by product: status 200": {
                    "path": "::reviews by product: status 200",
                    "id": "ff38d5a6484e85363435e2bde0050fd7",
                    "passes": 12393,
                    "fails": 0,
                    "name": "reviews by product: status 200"
                },
                "average rating: status 200": {
                    "id": "410881361114124b5478d42656b0fe57",
                    "passes": 12393,
                    "fails": 0,
                    "name": "average rating: status 200",
                    "path": "::average rating: status 200"
                },
                "add to cart: status 200 or 201": {
                    "name": "add to cart: status 200 or 201",
                    "path": "::add to cart: status 200 or 201",
                    "id": "1788e10b98590b202bef7a8dbc573220",
                    "passes": 12393,
                    "fails": 0
                },
                "get cart: status 200": {
                    "name": "get cart: status 200",
                    "path": "::get cart: status 200",
                    "id": "28c7dad2666418e7df7959192396d5c0",
                    "passes": 12393,
                    "fails": 0
                },
                "create order: status 201": {
                    "fails": 0,
                    "name": "create order: status 201",
                    "path": "::create order: status 201",
                    "id": "1bcfa49d77d46f40d66acd4c4ffcf2a7",
                    "passes": 12393
                },
                "home page: status 200": {
                    "id": "8d960afda292b63e7c50c7370794be43",
                    "passes": 12393,
                    "fails": 0,
                    "name": "home page: status 200",
                    "path": "::home page: status 200"
                },
                "products page: status 200": {
                    "fails": 0,
                    "name": "products page: status 200",
                    "path": "::products page: status 200",
                    "id": "d3ec3a910ae752d937097964558034ff",
                    "passes": 12393
                },
                "product detail page: status 200": {
                    "id": "b24b993fd6b4e43d3aa894d986fa618f",
                    "passes": 12393,
                    "fails": 0,
                    "name": "product detail page: status 200",
                    "path": "::product detail page: status 200"
                }
            }
    }
}