{
    "metrics": {
        "iterations": {
            "count": 7115,
            "rate": 59.28730405980352
        },
        "http_req_duration{expected_response:true}": {
            "p(95)": 516.3104549999998,
            "avg": 191.58950188256597,
            "min": 0,
            "med": 149.3128,
            "max": 1017.7283,
            "p(90)": 442.06499
        },
        "http_req_receiving": {
            "avg": 5.237801360193639,
            "min": 0,
            "med": 0,
            "max": 204.7113,
            "p(90)": 8.240890000000011,
            "p(95)": 52.757309999999876
        },
        "vus": {
            "min": 1,
            "max": 500,
            "value": 3
        },
        "http_req_failed": {
            "passes": 0,
            "fails": 128070,
            "thresholds": {
                "rate<0.05": false
            },
            "value": 0
        },
        "http_req_sending": {
            "p(95)": 0,
            "avg": 0.007414785664089948,
            "min": 0,
            "med": 0,
            "max": 5.658,
            "p(90)": 0
        },
        "vus_max": {
            "value": 500,
            "min": 500,
            "max": 500
        },
        "http_req_connecting": {
            "max": 2.0755,
            "p(90)": 0,
            "p(95)": 0,
            "avg": 0.0005241125946747871,
            "min": 0,
            "med": 0
        },
        "http_reqs": {
            "count": 128070,
            "rate": 1067.1714730764631
        },
        "data_received": {
            "count": 5317963470,
            "rate": 44313101.507353164
        },
        "http_req_duration": {
            "p(95)": 516.3104549999998,
            "avg": 191.58950188256597,
            "min": 0,
            "med": 149.3128,
            "max": 1017.7283,
            "p(90)": 442.06499,
            "thresholds": {
                "p(95)<2000": false
            }
        },
        "http_req_tls_handshaking": {
            "p(95)": 0,
            "avg": 0,
            "min": 0,
            "med": 0,
            "max": 0,
            "p(90)": 0
        },
        "checks": {
            "passes": 128070,
            "fails": 0,
            "value": 1
        },
        "data_sent": {
            "count": 25808420,
            "rate": 215054.34207211726
        },
        "http_req_waiting": {
            "max": 1016.7624,
            "p(90)": 441.31574000000006,
            "p(95)": 515.463935,
            "avg": 186.3442857367107,
            "min": 0,
            "med": 134.542
        },
        "iteration_duration": {
            "avg": 3452.399613843994,
            "min": 42.4263,
            "med": 3059.4672,
            "max": 8154.1627,
            "p(90)": 7500.366660000001,
            "p(95)": 7811.843519999999
        },
        "http_req_blocked": {
            "p(90)": 0,
            "p(95)": 0,
            "avg": 0.002446231748262675,
            "min": 0,
            "med": 0,
            "max": 8.872
        }
    },
    "root_group": {
        "name": "",
        "path": "",
        "id": "d41d8cd98f00b204e9800998ecf8427e",
        "groups": {},
        "checks": {
                "list products: status 200": {
                    "passes": 7115,
                    "fails": 0,
                    "name": "list products: status 200",
                    "path": "::list products: status 200",
                    "id": "924a40c79df3d6bc39fdcdfcc923816e"
                },
                "list products: has data": {
                    "name": "list products: has data",
                    "path": "::list products: has data",
                    "id": "4290724cf781171eb17f384ed5f458d4",
                    "passes": 7115,
                    "fails": 0
                },
                "get product: status 200 or 404": {
                    "name": "get product: status 200 or 404",
                    "path": "::get product: status 200 or 404",
                    "id": "2cbbbbbba72fe3cd0c1b28772a24e4c9",
                    "passes": 7115,
                    "fails": 0
                },
                "search: status 200": {
                    "name": "search: status 200",
                    "path": "::search: status 200",
                    "id": "cd68838b4cc6f7786becc08340f51f71",
                    "passes": 7115,
                    "fails": 0
                },
                "category filter: status 200": {
                    "name": "category filter: status 200",
                    "path": "::category filter: status 200",
                    "id": "08bdd22fe49b26bd9062a4063e91365b",
                    "passes": 7115,
                    "fails": 0
                },
                "reviews by product: status 200": {
                    "id": "ff38d5a6484e85363435e2bde0050fd7",
                    "passes": 7115,
                    "fails": 0,
                    "name": "reviews by product: status 200",
                    "path": "::reviews by product: status 200"
                },
                "average rating: status 200": {
                    "fails": 0,
                    "name": "average rating: status 200",
                    "path": "::average rating: status 200",
                    "id": "410881361114124b5478d42656b0fe57",
                    "passes": 7115
                },
                "add to cart: status 200 or 201": {
                    "name": "add to cart: status 200 or 201",
                    "path": "::add to cart: status 200 or 201",
                    "id": "1788e10b98590b202bef7a8dbc573220",
                    "passes": 7115,
                    "fails": 0
                },
                "get cart: status 200": {
                    "name": "get cart: status 200",
                    "path": "::get cart: status 200",
                    "id": "28c7dad2666418e7df7959192396d5c0",
                    "passes": 7115,
                    "fails": 0
                },
                "create order: status 201": {
                    "passes": 7115,
                    "fails": 0,
                    "name": "create order: status 201",
                    "path": "::create order: status 201",
                    "id": "1bcfa49d77d46f40d66acd4c4ffcf2a7"
                },
                "home page: status 200": {
                    "passes": 7115,
                    "fails": 0,
                    "name": "home page: status 200",
                    "path": "::home page: status 200",
                    "id": "8d960afda292b63e7c50c7370794be43"
                },
                "products page: status 200": {
                    "name": "products page: status 200",
                    "path": "::products page: status 200",
                    "id": "d3ec3a910ae752d937097964558034ff",
                    "passes": 7115,
                    "fails": 0
                },
                "product detail page: status 200": {
                    "id": "b24b993fd6b4e43d3aa894d986fa618f",
                    "passes": 7115,
                    "fails": 0,
                    "name": "product detail page: status 200",
                    "path": "::product detail page: status 200"
                },
                "add to cart (page): status 200": {
                    "passes": 7115,
                    "fails": 0,
                    "name": "add to cart (page): status 200",
                    "path": "::add to cart (page): status 200",
                    "id": "f0cd3e144cbac350e1e6ac88a1b85040"
                },
                "cart page: status 200": {
                    "name": "cart page: status 200",
                    "path": "::cart page: status 200",
                    "id": "71a46f5b7a13213d2d57118ccbab0ff3",
                    "passes": 7115,
                    "fails": 0
                },
                "checkout page: status 200": {
                    "name": "checkout page: status 200",