{
    "metrics": {
        "http_req_waiting": {
            "p(95)": 535.82211,
            "avg": 191.6484907982595,
            "min": 0,
            "med": 139.81615,
            "max": 1102.3625,
            "p(90)": 446.64786000000004
        },
        "http_req_receiving": {
            "avg": 6.443688049508142,
            "min": 0,
            "med": 0,
            "max": 429.588,
            "p(90)": 26.906400000000023,
            "p(95)": 54.91337999999998
        },
        "iterations": {
            "count": 6890,
            "rate": 57.39371917506939
        },
        "http_req_duration{expected_response:true}": {
            "p(90)": 449.64113000000003,
            "p(95)": 540.5193999999993,
            "avg": 198.1005086042587,
            "min": 0,
            "med": 156.46585,
            "max": 1102.3625
        },
        "http_req_tls_handshaking": {
            "avg": 0,
            "min": 0,
            "med": 0,
            "max": 0,
            "p(90)": 0,
            "p(95)": 0
        },
        "http_req_duration": {
            "max": 1102.3625,
            "p(90)": 449.64113000000003,
            "p(95)": 540.5193999999993,
            "avg": 198.1005086042587,
            "min": 0,
            "med": 156.46585,
            "thresholds": {
                "p(95)<2000": false
            }
        },
        "iteration_duration": {
            "avg": 3569.9044055732916,
            "min": 62.1572,
            "med": 3149.78765,
            "max": 8540.1401,
            "p(90)": 7599.284960000001,
            "p(95)": 8017.252669999999
        },
        "vus_max": {
            "min": 500,
            "max": 500,
            "value": 500
        },
        "http_req_connecting": {
            "avg": 0.0007507216577971299,
            "min": 0,
            "med": 0,
            "max": 12.1487,
            "p(90)": 0,
            "p(95)": 0
        },
        "http_req_failed": {
            "passes": 0,
            "fails": 124020,
            "thresholds": {
                "rate<0.05": false
            },
            "value": 0
        },
        "data_sent": {
            "count": 24992617,
            "rate": 208188.5691651764
        },
        "http_req_sending": {
            "avg": 0.00832975649088858,
            "min": 0,
            "med": 0,
            "max": 6.5814,
            "p(90)": 0,
            "p(95)": 0
        },
        "http_req_blocked": {
            "p(90)": 0,
            "p(95)": 0,
            "avg": 0.002852006934365425,
            "min": 0,
            "med": 0,
            "max": 12.1487
        },
        "vus": {
            "value": 4,
            "min": 1,
            "max": 500
        },
        "checks": {
            "passes": 124020,
            "fails": 0,
            "value": 1
        },
        "data_received": {
            "count": 6396959582,
            "rate": 53286691.12098364
        },
        "http_reqs": {
            "rate": 1033.086945151249,
            "count": 124020
        }
    },
    "root_group": {
        "path": "",
        "id": "d41d8cd98f00b204e9800998ecf8427e",
        "groups": {},
        "checks": {
                "list products: status 200": {
                    "path": "::list products: status 200",
                    "id": "924a40c79df3d6bc39fdcdfcc923816e",
                    "passes": 6890,
                    "fails": 0,
                    "name": "list products: status 200"
                },
                "list products: has data": {
                    "name": "list products: has data",
                    "path": "::list products: has data",
                    "id": "4290724cf781171eb17f384ed5f458d4",
                    "passes": 6890,
                    "fails": 0
                },
                "get product: status 200 or 404": {
                    "name": "get product: status 200 or 404",
                    "path": "::get product: status 200 or 404",
                    "id": "2cbbbbbba72fe3cd0c1b28772a24e4c9",
                    "passes": 6890,
                    "fails": 0
                },
                "search: status 200": {
                    "passes": 6890,
                    "fails": 0,
                    "name": "search: status 200",
                    "path": "::search: status 200",
                    "id": "cd68838b4cc6f7786becc08340f51f71"
                },
                "category filter: status 200": {
                    "fails": 0,
                    "name": "category filter: status 200",
                    "path": "::category filter: status 200",
                    "id": "08bdd22fe49b26bd9062a4063e91365b",
                    "passes": 6890
                },
                "reviews by product: status 200": {
                    "name": "reviews by product: status 200",
                    "path": "::reviews by product: status 200",
                    "id": "ff38d5a6484e85363435e2bde0050fd7",
                    "passes": 6890,
                    "fails": 0
                },
                "average rating: status 200": {
                    "path": "::average rating: status 200",
                    "id": "410881361114124b5478d42656b0fe57",
                    "passes": 6890,
                    "fails": 0,
                    "name": "average rating: status 200"
                },
                "add to cart: status 200 or 201": {
                    "passes": 6890,
                    "fails": 0,
                    "name": "add to cart: status 200 or 201",
                    "path": "::add to cart: status 200 or 201",
                    "id": "1788e10b98590b202bef7a8dbc573220"
                },
                "get cart: status 200": {
                    "name": "get cart: status 200",
                    "path": "::get cart: status 200",
                    "id": "28c7dad2666418e7df7959192396d5c0",
                    "passes": 6890,
                    "fails": 0
                },
                "create order: status 201": {
                    "id": "1bcfa49d77d46f40d66acd4c4ffcf2a7",
                    "passes": 6890,
                    "fails": 0,
                    "name": "create order: status 201",
                    "path": "::create order: status 201"
                },
                "home page: status 200": {
                    "id": "8d960afda292b63e7c50c7370794be43",
                    "passes": 6890,
                    "fails": 0,
                    "name": "home page: status 200",
                    "path": "::home page: status 200"
                },
                "products page: status 200": {
                    "path": "::products page: status 200",
                    "id": "d3ec3a910ae752d937097964558034ff",
                    "passes": 6890,
                    "fails": 0,
                    "name": "products page: status 200"
                },
                "product detail page: status 200": {
                    "passes": 6890,
                    "fails": 0,
                    "name": "product detail page: status 200",
                    "path": "::product detail page: status 200",
                    "id": "b24b993fd6b4e43d3aa894d986fa618f"
                },
                "add to cart (page): status 200": {
                    "id": "f0cd3e144cbac350e1e6ac88a1b85040",
                    "passes": 6890,
                    "fails": 0,
                    "name": "add to cart (page): status 200",
                    "path": "::add to cart (page): status 200"
                },
                "cart page: status 200": {
                    "passes": 6890,
                    "fails": 0,
                    "name": "cart page: status 200",
                    "path": "::cart page: status 200",
                    "id": "71a46f5b7a13213d2d57118ccbab0ff3"
                },
                "checkout page: status 200": {
                    "name": "checkout page: status 200",