{
    "metrics": {
        "http_req_tls_handshaking": {
            "avg": 0,
            "min": 0,
            "med": 0,
            "max": 0,
            "p(90)": 0,
            "p(95)": 0
        },
        "vus": {
            "min": 1,
            "max": 199,
            "value": 5
        },
        "data_sent": {
            "count": 11865864,
            "rate": 97474.48430114488
        },
        "http_reqs": {
            "count": 50732,
            "rate": 416.7480376958376
        },
        "data_received": {
            "count": 611612444,
            "rate": 5024211.264435767
        },
        "http_req_duration": {
            "avg": 3.0910568930852427,
            "min": 0,
            "med": 1.8401,
            "max": 111.3098,
            "p(90)": 9.050270000000001,
            "p(95)": 10.310334999999998,
            "thresholds": {
                "p(95)<3000": false
            }
        },
        "http_req_duration{expected_response:true}": {
            "p(95)": 11.009425,
            "avg": 4.211085147441468,
            "min": 0,
            "med": 2.66015,
            "max": 111.3098,
            "p(90)": 9.6586
        },
        "http_req_connecting": {
            "p(90)": 0,
            "p(95)": 0,
            "avg": 0.00038178467239612085,
            "min": 0,
            "med": 0,
            "max": 0.5515
        },
        "http_req_waiting": {
            "max": 111.3098,
            "p(90)": 8.47058,
            "p(95)": 10.08347499999999,
            "avg": 2.7639291650240674,
            "min": 0,
            "med": 1.06305
        },
        "vus_max": {
            "value": 200,
            "min": 200,
            "max": 200
        },
        "http_req_sending": {
            "avg": 0.002641817787589683,
            "min": 0,
            "med": 0,
            "max": 3.0053,
            "p(90)": 0,
            "p(95)": 0
        },
        "checks": {
            "passes": 36896,
            "fails": 13836,
            "value": 0.7272727272727273
        },
        "http_req_blocked": {
            "avg": 0.0011590909090909084,
            "min": 0,
            "med": 0,
            "max": 0.6219,
            "p(90)": 0,
            "p(95)": 0
        },
        "iteration_duration": {
            "max": 2162.2548,
            "p(90)": 2049.75097,
            "p(95)": 2058.6361549999997,
            "avg": 2037.8041286860316,
            "min": 2019.1112,
            "med": 2034.2676000000001
        },
        "iterations": {
            "count": 4612,
            "rate": 37.88618524507614
        },
        "http_req_failed": {
            "passes": 13836,
            "fails": 36896,
            "thresholds": {
                "rate<0.05": true
            },
            "value": 0.2727272727272727
        },
        "http_req_receiving": {
            "avg": 0.32448591027359397,
            "min": 0,
            "med": 0,
            "max": 10.0984,
            "p(90)": 1.0522,
            "p(95)": 1.7697
        }
    },
    "root_group": {
        "name": "",
        "path": "",
        "id": "d41d8cd98f00b204e9800998ecf8427e",
        "groups": {},
        "checks": {
                "home: status 200": {
                    "passes": 4612,
                    "fails": 0,
                    "name": "home: status 200",
                    "path": "::home: status 200",
                    "id": "797ccedec8c86720a3b12b7d6a1695d9"
                },
                "products: status 200": {
                    "id": "00d9ade6020028464fb7795d42f375de",
                    "passes": 4612,
                    "fails": 0,
                    "name": "products: status 200",
                    "path": "::products: status 200"
                },
                "search: status 200": {
                    "path": "::search: status 200",
                    "id": "cd68838b4cc6f7786becc08340f51f71",
                    "passes": 4612,
                    "fails": 0,
                    "name": "search: status 200"
                },
                "category filter: status 200": {
                    "path": "::category filter: status 200",
                    "id": "08bdd22fe49b26bd9062a4063e91365b",
                    "passes": 4612,
                    "fails": 0,
                    "name": "category filter: status 200"
                },
                "detail: status 200": {
                    "name": "detail: status 200",
                    "path": "::detail: status 200",
                    "id": "2d2bf01d9f31c3b8b35b2cc3644cc1c3",
                    "passes": 4612,
                    "fails": 0
                },
                "add to cart: status 200": {
                    "name": "add to cart: status 200",
                    "path": "::add to cart: status 200",
                    "id": "e4cde9d6761bb2afde2298dd9165b80e",
                    "passes": 0,
                    "fails": 4612
                },
                "add second item: status 200": {
                    "fails": 4612,
                    "name": "add second item: status 200",
                    "path": "::add second item: status 200",
                    "id": "fc2779a520bbade54e1c5ee4555006f4",
                    "passes": 0
                },
                "cart page: status 200": {
                    "fails": 0,
                    "name": "cart page: status 200",
                    "path": "::cart page: status 200",
                    "id": "71a46f5b7a13213d2d57118ccbab0ff3",
                    "passes": 4612
                },
                "checkout page: status 200": {
                    "id": "4b6b469e2b3feffe3383d401258f1fac",
                    "passes": 4612,
                    "fails": 0,
                    "name": "checkout page: status 200",
                    "path": "::checkout page: status 200"
                },
                "checkout submit: status 200": {
                    "path": "::checkout submit: status 200",
                    "id": "231aef0da674621d55d3389af9895e8b",
                    "passes": 0,
                    "fails": 4612,
                    "name": "checkout submit: status 200"
                },
                "orders page: status 200": {
                    "name": "orders page: status 200",
                    "path": "::orders page: status 200",
                    "id": "327fb5b5110703aef832d58310868356",
                    "passes": 4612,
                    "fails": 0
                }
            }
    }
}