{
    "metrics": {
        "vus_max": {
            "value": 500,
            "min": 500,
            "max": 500
        },
        "iterations": {
            "rate": 103.02286859894777,
            "count": 12365
        },
        "http_req_failed": {
            "passes": 0,
            "fails": 160745,
            "thresholds": {
                "rate<0.05": false
            },
            "value": 0
        },
        "http_req_duration{expected_response:true}": {
            "p(95)": 412.9602399999998,
            "avg": 149.4758354144755,
            "min": 0,
            "med": 120.3736,
            "max": 666.8457,
            "p(90)": 345.16714
        },
        "checks": {
            "passes": 160745,
            "fails": 0,
            "value": 1
        },
        "http_req_receiving": {
            "max": 133.284,
            "p(90)": 37.279240000000016,
            "p(95)": 52.86523999999999,
            "avg": 6.331844650222433,
            "min": 0,
            "med": 0
        },
        "vus": {
            "value": 2,
            "min": 1,
            "max": 500
        },
        "http_req_waiting": {
            "max": 666.8457,
            "p(90)": 344.9107200000001,
            "p(95)": 412.7390599999993,
            "avg": 143.13626111978397,
            "min": 0,
            "med": 104.9186
        },
        "http_reqs": {
            "rate": 1339.297291786321,
            "count": 160745
        },
        "data_received": {
            "count": 8152421079,
            "rate": 67924448.49050619
        },
        "http_req_sending": {
            "p(95)": 0,
            "avg": 0.007729644467946085,
            "min": 0,
            "med": 0,
            "max": 9.0134,
            "p(90)": 0
        },
        "iteration_duration": {
            "avg": 1946.5634143307793,
            "min": 28.3132,
            "med": 1665.275,
            "max": 4745.6648,
            "p(90)": 4213.17228,
            "p(95)": 4481.4907
        },
        "http_req_duration": {
            "p(95)": 412.9602399999998,
            "avg": 149.4758354144755,
            "min": 0,
            "med": 120.3736,
            "max": 666.8457,
            "p(90)": 345.16714,
            "thresholds": {
                "p(95)<2000": false
            }
        },
        "http_req_blocked": {
            "min": 0,
            "med": 0,
            "max": 7.0325,
            "p(90)": 0,
            "p(95)": 0,
            "avg": 0.0022403651746555095
        },
        "http_req_connecting": {
            "avg": 0.0003413978661855736,
            "min": 0,
            "med": 0,
            "max": 7.0325,
            "p(90)": 0,
            "p(95)": 0
        },
        "http_req_tls_handshaking": {
            "avg": 0,
            "min": 0,
            "med": 0,
            "max": 0,
            "p(90)": 0,
            "p(95)": 0
        },
        "data_sent": {
            "count": 17729317,
            "rate": 147717.35508613754
        }
    },
    "root_group": {
        "checks": {
            "list products: status 200": {
                "passes": 12365,
                "fails": 0,
                "name": "list products: status 200",
                "path": "::list products: status 200",
                "id": "924a40c79df3d6bc39fdcdfcc923816e"
            },
            "list products: has data": {
                "name": "list products: has data",
                "path": "::list products: has data",
                "id": "4290724cf781171eb17f384ed5f458d4",
                "passes": 12365,
                "fails": 0
            },
            "get product: status 200 or 404": {
                "fails": 0,
                "name": "get product: status 200 or 404",
                "path": "::get product: status 200 or 404",
                "id": "2cbbbbbba72fe3cd0c1b28772a24e4c9",
                "passes": 12365
            },
            "search: status 200": {
                "fails": 0,
                "name": "search: status 200",
                "path": "::search: status 200",
                "id": "cd68838b4cc6f7786becc08340f51f71",
                "passes": 12365
            },
            "category filter: status 200": {
                "name": "category filter: status 200",
                "path": "::category filter: status 200",
                "id": "08bdd22fe49b26bd9062a4063e91365b",
                "passes": 12365,
                "fails": 0
            },
            "reviews by product: status 200": {
                "name": "reviews by product: status 200",
                "path": "::reviews by product: status 200",
                "id": "ff38d5a6484e85363435e2bde0050fd7",
                "passes": 12365,
                "fails": 0
            },
            "average rating: status 200": {
                "passes": 12365,
                "fails": 0,
                "name": "average rating: status 200",
                "path": "::average rating: status 200",
                "id": "410881361114124b5478d42656b0fe57"
            },
            "add to cart: status 200 or 201": {
                "passes": 12365,
                "fails": 0,
                "name": "add to cart: status 200 or 201",
                "path": "::add to cart: status 200 or 201",
                "id": "1788e10b98590b202bef7a8dbc573220"
            },
            "get cart: status 200": {
                "passes": 12365,
                "fails": 0,
                "name": "get cart: status 200",
                "path": "::get cart: status 200",
                "id": "28c7dad2666418e7df7959192396d5c0"
            },
            "create order: status 201": {
                "name": "create order: status 201",
                "path": "::create order: status 201",
                "id": "1bcfa49d77d46f40d66acd4c4ffcf2a7",
                "passes": 12365,
                "fails": 0
            },
            "home page: status 200": {
                "name": "home page: status 200",
                "path": "::home page: status 200",
                "id": "8d960afda292b63e7c50c7370794be43",
                "passes": 12365,
                "fails": 0
            },
            "products page: status 200": {
                "path": "::products page: status 200",
                "id": "d3ec3a910ae752d937097964558034ff",
                "passes": 12365,
                "fails": 0,
                "name": "products page: status 200"
            },
            "product detail page: status 200": {
                "fails": 0,
                "name": "product detail page: status 200",
                "path": "::product detail page: status 200",
                "id": "b24b993fd6b4e43d3aa894d986fa618f",
                "passes": 12365
            }
        },
        "name": "",
        "path": "",
        "id": "d41d8cd98f00b204e9800998ecf8427e",
        "groups": {}
    }
}