{
  "Timestamp": "2026-03-15T09:39:45.9495090-07:00",
  "Experiment": 0,
  "HttpReqDuration": {
    "Avg": 37.045073901068726,
    "P50": 11.5709,
    "P90": 111.5639,
    "P95": 160.405,
    "P99": null,
    "Max": 531.8732
  },
  "HttpReqs": {
    "Count": 27231,
    "Rate": 226.43641079723943
  },
  "HttpReqFailed": {
    "Count": 0,
    "Rate": 0
  }
}
