{
  "Timestamp": "2026-03-15T09:44:44.6839441-07:00",
  "Experiment": 0,
  "HttpReqDuration": {
    "Avg": 414.0238392618363,
    "P50": 233.10444999999999,
    "P90": 1163.2327,
    "P95": 1481.549025,
    "P99": null,
    "Max": 2820.4626
  },
  "HttpReqs": {
    "Count": 14956,
    "Rate": 124.01071511283834
  },
  "HttpReqFailed": {
    "Count": 0,
    "Rate": 0
  }
}
