{
  "Timestamp": "2026-03-15T09:40:36.4510478-07:00",
  "Experiment": 0,
  "HttpReqDuration": {
    "Avg": 142.32777798837168,
    "P50": 121.56615,
    "P90": 262.16419,
    "P95": 304.202995,
    "P99": null,
    "Max": 555.4638
  },
  "HttpReqs": {
    "Count": 17200,
    "Rate": 365.74292846467233
  },
  "HttpReqFailed": {
    "Count": 0,
    "Rate": 0
  }
}
