{
    "metrics": {
        "http_req_duration{expected_response:true}": {
            "p(90)": 71.13034999999999,
            "p(95)": 97.913375,
            "avg": 25.47549765664799,
            "min": 0.1308,
            "med": 13.33305,
            "max": 246.6001
        },
        "http_req_connecting": {
            "max": 1.8528,
            "p(90)": 0,
            "p(95)": 0,
            "avg": 0.00893415690269995,
            "min": 0,
            "med": 0
        },
        "http_req_blocked": {
            "avg": 0.030190830361691307,
            "min": 0,
            "med": 0,
            "max": 6.1016,
            "p(90)": 0,
            "p(95)": 0
        },
        "iterations": {
            "count": 302,
            "rate": 8.659478244529007
        },
        "http_req_tls_handshaking": {
            "p(90)": 0,
            "p(95)": 0,
            "avg": 0,
            "min": 0,
            "med": 0,
            "max": 0
        },
        "http_reqs": {
            "count": 3926,
            "rate": 112.57321717887709
        },
        "http_req_receiving": {
            "max": 97.006,
            "p(90)": 2.0115499999999997,
            "p(95)": 3.1179750000000004,
            "avg": 1.1347657412124292,
            "min": 0,
            "med": 0
        },
        "iteration_duration": {
            "max": 5366.467,
            "p(90)": 5195.03529,
            "p(95)": 5222.531745,
            "avg": 5052.855315894042,
            "min": 4855.0799,
            "med": 5049.2976
        },
        "http_req_duration": {
            "med": 13.33305,
            "max": 246.6001,
            "p(90)": 71.13034999999999,
            "p(95)": 97.913375,
            "avg": 25.47549765664799,
            "min": 0.1308,
            "thresholds": {
                "p(95)<500": false
            }
        },
        "http_req_sending": {
            "min": 0,
            "med": 0,
            "max": 9.5454,
            "p(90)": 0,
            "p(95)": 0.068,
            "avg": 0.018173917473255228
        },
        "vus": {
            "value": 2,
            "min": 2,
            "max": 50
        },
        "vus_max": {
            "value": 50,
            "min": 50,
            "max": 50
        },
        "http_req_failed": {
            "passes": 0,
            "fails": 3926,
            "thresholds": {
                "rate<0.01": false
            },
            "value": 0
        },
        "checks": {
            "passes": 3926,
            "fails": 0,
            "value": 1
        },
        "data_received": {
            "rate": 5709196.730626032,
            "count": 199108695
        },
        "http_req_waiting": {
            "avg": 24.32255799796231,
            "min": 0,
            "med": 12.1823,
            "max": 246.6001,
            "p(90)": 68.4271,
            "p(95)": 92.145775
        },
        "data_sent": {
            "count": 427751,
            "rate": 12265.233372766646
        }
    },
    "root_group": {
        "name": "",
        "path": "",
        "id": "d41d8cd98f00b204e9800998ecf8427e",
        "groups": {},
        "checks": {
                "list products: status 200": {
                    "name": "list products: status 200",
                    "path": "::list products: status 200",
                    "id": "924a40c79df3d6bc39fdcdfcc923816e",
                    "passes": 302,
                    "fails": 0
                },
                "list products: has data": {
                    "passes": 302,
                    "fails": 0,
                    "name": "list products: has data",
                    "path": "::list products: has data",
                    "id": "4290724cf781171eb17f384ed5f458d4"
                },
                "get product: status 200 or 404": {
                    "fails": 0,
                    "name": "get product: status 200 or 404",
                    "path": "::get product: status 200 or 404",
                    "id": "2cbbbbbba72fe3cd0c1b28772a24e4c9",
                    "passes": 302
                },
                "search: status 200": {
                    "name": "search: status 200",
                    "path": "::search: status 200",
                    "id": "cd68838b4cc6f7786becc08340f51f71",
                    "passes": 302,
                    "fails": 0
                },
                "category filter: status 200": {
                    "fails": 0,
                    "name": "category filter: status 200",
                    "path": "::category filter: status 200",
                    "id": "08bdd22fe49b26bd9062a4063e91365b",
                    "passes": 302
                },
                "reviews by product: status 200": {
                    "id": "ff38d5a6484e85363435e2bde0050fd7",
                    "passes": 302,
                    "fails": 0,
                    "name": "reviews by product: status 200",
                    "path": "::reviews by product: status 200"
                },
                "average rating: status 200": {
                    "name": "average rating: status 200",
                    "path": "::average rating: status 200",
                    "id": "410881361114124b5478d42656b0fe57",
                    "passes": 302,
                    "fails": 0
                },
                "add to cart: status 200 or 201": {
                    "fails": 0,
                    "name": "add to cart: status 200 or 201",
                    "path": "::add to cart: status 200 or 201",
                    "id": "1788e10b98590b202bef7a8dbc573220",
                    "passes": 302
                },
                "get cart: status 200": {
                    "fails": 0,
                    "name": "get cart: status 200",
                    "path": "::get cart: status 200",
                    "id": "28c7dad2666418e7df7959192396d5c0",
                    "passes": 302
                },
                "create order: status 201": {
                    "name": "create order: status 201",
                    "path": "::create order: status 201",
                    "id": "1bcfa49d77d46f40d66acd4c4ffcf2a7",
                    "passes": 302,
                    "fails": 0
                },
                "home page: status 200": {
                    "fails": 0,
                    "name": "home page: status 200",
                    "path": "::home page: status 200",
                    "id": "8d960afda292b63e7c50c7370794be43",
                    "passes": 302
                },
                "products page: status 200": {
                    "passes": 302,
                    "fails": 0,
                    "name": "products page: status 200",
                    "path": "::products page: status 200",
                    "id": "d3ec3a910ae752d937097964558034ff"
                },
                "product detail page: status 200": {
                    "passes": 302,
                    "fails": 0,
                    "name": "product detail page: status 200",
                    "path": "::product detail page: status 200",
                    "id": "b24b993fd6b4e43d3aa894d986fa618f"
                }
            }
    }
}