{
    "metrics": {
        "http_req_blocked": {
            "p(95)": 0,
            "avg": 0.014146758438962343,
            "min": 0,
            "med": 0,
            "max": 20.3315,
            "p(90)": 0
        },
        "http_req_duration{expected_response:true}": {
            "min": 0.125,
            "med": 102.6873,
            "max": 1396.1897,
            "p(90)": 586.6354,
            "p(95)": 718.6826000000001,
            "avg": 206.1658522466029
        },
        "data_received": {
            "count": 18074901,
            "rate": 149503.07424545218
        },
        "iteration_duration": {
            "min": 1130.9215,
            "med": 1776.66995,
            "max": 5287.9778,
            "p(90)": 3778.05684,
            "p(95)": 4139.288385,
            "avg": 2149.0695599273045
        },
        "http_req_receiving": {
            "max": 14.5392,
            "p(90)": 1.1749,
            "p(95)": 2.27485,
            "avg": 0.3900516151015389,
            "min": 0,
            "med": 0
        },
        "data_sent": {
            "count": 3402254,
            "rate": 28141.090917393496
        },
        "vus_max": {
            "value": 200,
            "min": 200,
            "max": 200
        },
        "http_req_tls_handshaking": {
            "p(90)": 0,
            "p(95)": 0,
            "avg": 0,
            "min": 0,
            "med": 0,
            "max": 0
        },
        "http_req_duration": {
            "avg": 206.1658522466029,
            "min": 0.125,
            "med": 102.6873,
            "max": 1396.1897,
            "p(90)": 586.6354,
            "p(95)": 718.6826000000001,
            "thresholds": {
                "p(95)<2000": false
            }
        },
        "http_req_connecting": {
            "avg": 0.007053173413293353,
            "min": 0,
            "med": 0,
            "max": 13.4351,
            "p(90)": 0,
            "p(95)": 0
        },
        "vus": {
            "value": 11,
            "min": 1,
            "max": 199
        },
        "iterations": {
            "count": 4402,
            "rate": 36.41029806074625
        },
        "http_req_sending": {
            "avg": 0.02100522920358004,
            "min": 0,
            "med": 0,
            "max": 36.7115,
            "p(90)": 0,
            "p(95)": 0
        },
        "checks": {
            "passes": 26412,
            "fails": 0,
            "value": 1
        },
        "http_reqs": {
            "count": 22011,
            "rate": 182.05976161178685
        },
        "http_req_failed": {
            "passes": 0,
            "fails": 22011,
            "thresholds": {
                "rate<0.05": false
            },
            "value": 0
        },
        "http_req_waiting": {
            "avg": 205.7547954022978,
            "min": 0.1024,
            "med": 102.4206,
            "max": 1396.1897,
            "p(90)": 586.0358,
            "p(95)": 718.6754
        }
    },
    "setup_data": {
        "productCount": 1000
    },
    "root_group": {
        "id": "d41d8cd98f00b204e9800998ecf8427e",
        "groups": {},
        "checks": {
                "create order: status 201": {
                    "path": "::create order: status 201",
                    "id": "1bcfa49d77d46f40d66acd4c4ffcf2a7",
                    "passes": 4402,
                    "fails": 0,
                    "name": "create order: status 201"
                },
                "get order by id: status 200": {
                    "name": "get order by id: status 200",
                    "path": "::get order by id: status 200",
                    "id": "05229a3c72e644b755b6ef58616276b1",
                    "passes": 4402,
                    "fails": 0
                },
                "orders by customer: status 200": {
                    "id": "a40d104ad4af89a1b8cd3ee45a9c83f6",
                    "passes": 4402,
                    "fails": 0,
                    "name": "orders by customer: status 200",
                    "path": "::orders by customer: status 200"
                },
                "orders by customer: has results": {
                    "fails": 0,
                    "name": "orders by customer: has results",
                    "path": "::orders by customer: has results",
                    "id": "cd29285d74105a7d0fdc6b8d68cd484b",
                    "passes": 4402
                },
                "update to Shipped: status 200 or 204": {
                    "name": "update to Shipped: status 200 or 204",
                    "path": "::update to Shipped: status 200 or 204",
                    "id": "0612ab64fd42e505efc3b1aa01182531",
                    "passes": 4402,
                    "fails": 0
                },
                "update to Delivered: status 200 or 204": {
                    "name": "update to Delivered: status 200 or 204",
                    "path": "::update to Delivered: status 200 or 204",
                    "id": "9a46f2a8c6f6049e49f5299369175bd4",
                    "passes": 4402,
                    "fails": 0
                }
            },
        "name": "",
        "path": ""
    }
}